Id	SkillKey	Name	Desc	ShortDesc	DescParams[1]	DescParams[2]	DescParams[3]	DescParams[4]	DescParams[5]	DescParams[6]	Icon	ComboList[1]	ComboList[2]	ComboList[3]	ComboList[4]	BuildTags[1]	BuildTags[2]	Level	Magics[1]	Type	SaveScore	Character	BuyPrice	SellPrice	CostTL	CSMag	TLDam	Quality	KeyWordIds[1]	KeyWordIds[2]	KeyWordIds[3]	IsOutPool	IsOutWiki	WikiPriority
10251011	1025101	Searing Blade	If the previous skill inflicted <color=#487F3B><Icon=IconHitFly|30|30|0.5/>Knockback</color>, inflicts {0} stacks of <color=#9B8015><Icon=IconBurning|30|30|0.5/>Burn</color> additionally.	Deals DMG. If the previous skill inflicted <color=#487F3B><Icon=IconHitFlyBlack|30|30|0.5/>Knockback</color>, inflicts <color=#B96716><Icon=IconBurningBlack|30|30|0.5/>Burn</color> additionally.	1						Assets/Product/Texture/Image/UiTheatre6/UiTheatre6SkillIcon/UiTheatre6SkillIcon12.png	1025101				12	13	1	10251010	1	2000	3	20	10	25	24000	1	2					0	0
10251012	1025101	Searing Blade	If the previous skill inflicted <color=#487F3B><Icon=IconHitFly|30|30|0.5/>Knockback</color>, inflicts {0} stacks of <color=#9B8015><Icon=IconBurning|30|30|0.5/>Burn</color> additionally.	Deals DMG. If the previous skill inflicted <color=#487F3B><Icon=IconHitFlyBlack|30|30|0.5/>Knockback</color>, inflicts <color=#B96716><Icon=IconBurningBlack|30|30|0.5/>Burn</color> additionally.	2						Assets/Product/Texture/Image/UiTheatre6/UiTheatre6SkillIcon/UiTheatre6SkillIcon12.png	1025101				12	13	2	10251010	1	3000	3	40	20	25	30000	1	2					0	0
10251013	1025101	Searing Blade	If the previous skill inflicted <color=#487F3B><Icon=IconHitFly|30|30|0.5/>Knockback</color>, inflicts {0} stacks of <color=#9B8015><Icon=IconBurning|30|30|0.5/>Burn</color> additionally.	Deals DMG. If the previous skill inflicted <color=#487F3B><Icon=IconHitFlyBlack|30|30|0.5/>Knockback</color>, inflicts <color=#B96716><Icon=IconBurningBlack|30|30|0.5/>Burn</color> additionally.	3						Assets/Product/Texture/Image/UiTheatre6/UiTheatre6SkillIcon/UiTheatre6SkillIcon12.png	1025101				12	13	3	10251010	1	4000	3	80	40	25	37500	1	2					0	0
10251021	1025102	Phantom Ascent	When <color=#B96716><Icon=IconWrestle|30|30|0.5/>Initiative</color> > {0} (Current: {Attr:4}), inflicts <color=#487F3B><Icon=IconHitFly|30|30|0.5/>Knockback</color> additionally.	Deals DMG and inflicts <color=#487F3B><Icon=IconHitFlyBlack|30|30|0.5/>Knockback</color> based on <color=#B96716><Icon=IconWrestleBlack|30|30|0.5/>Initiative</color>.	300						Assets/Product/Texture/Image/UiTheatre6/UiTheatre6SkillIcon/UiTheatre6SkillIcon03.png	1025102				13		1	10251020	1	2000	3	20	10	20	17500	1	2					0	0
10251022	1025102	Phantom Ascent	When <color=#B96716><Icon=IconWrestle|30|30|0.5/>Initiative</color> > {0} (Current: {Attr:4}), inflicts <color=#487F3B><Icon=IconHitFly|30|30|0.5/>Knockback</color> additionally.	Deals DMG and inflicts <color=#487F3B><Icon=IconHitFlyBlack|30|30|0.5/>Knockback</color> based on <color=#B96716><Icon=IconWrestleBlack|30|30|0.5/>Initiative</color>.	300						Assets/Product/Texture/Image/UiTheatre6/UiTheatre6SkillIcon/UiTheatre6SkillIcon03.png	1025102				13		2	10251020	1	3000	3	40	20	20	20000	1	2					0	0
10251023	1025102	Phantom Ascent	When <color=#B96716><Icon=IconWrestle|30|30|0.5/>Initiative</color> > {0} (Current: {Attr:4}), inflicts <color=#487F3B><Icon=IconHitFly|30|30|0.5/>Knockback</color> additionally.	Deals DMG and inflicts <color=#487F3B><Icon=IconHitFlyBlack|30|30|0.5/>Knockback</color> based on <color=#B96716><Icon=IconWrestleBlack|30|30|0.5/>Initiative</color>.	300						Assets/Product/Texture/Image/UiTheatre6/UiTheatre6SkillIcon/UiTheatre6SkillIcon03.png	1025102				13		3	10251020	1	4000	3	80	40	20	25000	1	2					0	0
10251031	1025103	Incinerating Nightfall	Inflicts {0} stacks of <color=#9B8015><Icon=IconBurning|30|30|0.5/>Burn</color>.\n\nIf this skill is a <color=#B96716><Icon=IconCrit|30|30|0.5/>CRIT</color>, inflicts {1} stacks of <color=#9B8015><Icon=IconBurning|30|30|0.5/>Burn</color> additionally.	Deals DMG and inflicts <color=#B96716><Icon=IconBurningBlack|30|30|0.5/>Burn</color>. On <color=#B96716><Icon=IconCritBlack|30|30|0.5/>CRIT</color>, inflicts additional <color=#B96716><Icon=IconBurningBlack|30|30|0.5/>Burn</color>.	1	1					Assets/Product/Texture/Image/UiTheatre6/UiTheatre6SkillIcon/UiTheatre6SkillIcon26.png	1025103				12	16	1	10251030	1	2000	3	20	10	25	24000	1	2					0	0
10251032	1025103	Incinerating Nightfall	Inflicts {0} stacks of <color=#9B8015><Icon=IconBurning|30|30|0.5/>Burn</color>.\n\nIf this skill is a <color=#B96716><Icon=IconCrit|30|30|0.5/>CRIT</color>, inflicts {1} stacks of <color=#9B8015><Icon=IconBurning|30|30|0.5/>Burn</color> additionally.	Deals DMG and inflicts <color=#B96716><Icon=IconBurningBlack|30|30|0.5/>Burn</color>. On <color=#B96716><Icon=IconCritBlack|30|30|0.5/>CRIT</color>, inflicts additional <color=#B96716><Icon=IconBurningBlack|30|30|0.5/>Burn</color>.	1	2					Assets/Product/Texture/Image/UiTheatre6/UiTheatre6SkillIcon/UiTheatre6SkillIcon26.png	1025103				12	16	2	10251030	1	3000	3	40	20	25	30000	1	2					0	0
10251033	1025103	Incinerating Nightfall	Inflicts {0} stacks of <color=#9B8015><Icon=IconBurning|30|30|0.5/>Burn</color>.\n\nIf this skill is a <color=#B96716><Icon=IconCrit|30|30|0.5/>CRIT</color>, inflicts {1} stacks of <color=#9B8015><Icon=IconBurning|30|30|0.5/>Burn</color> additionally.	Deals DMG and inflicts <color=#B96716><Icon=IconBurningBlack|30|30|0.5/>Burn</color>. On <color=#B96716><Icon=IconCritBlack|30|30|0.5/>CRIT</color>, inflicts additional <color=#B96716><Icon=IconBurningBlack|30|30|0.5/>Burn</color>.	1	3					Assets/Product/Texture/Image/UiTheatre6/UiTheatre6SkillIcon/UiTheatre6SkillIcon26.png	1025103				12	16	3	10251030	1	4000	3	80	40	25	36000	1	2					0	0
10251041	1025104	Flamebreath	For every {0} stacks of <color=#9B8015><Icon=IconBurning|30|30|0.5/>Burn</color> on the enemy, inflicts {1} additional stacks of <color=#9B8015><Icon=IconBurning|30|30|0.5/>Burn</color>, up to {2} stacks.	Deals DMG and inflicts additional <color=#B96716><Icon=IconBurningBlack|30|30|0.5/>Burn</color> based on the number of stacks of <color=#B96716><Icon=IconBurningBlack|30|30|0.5/>Burn</color> on the enemy.	3	1	3				Assets/Product/Texture/Image/UiTheatre6/UiTheatre6SkillIcon/UiTheatre6SkillIcon17.png	1025104				12		1	10251040	1	2000	3	20	10	20	12000	1	2					0	0
10251042	1025104	Flamebreath	For every {0} stacks of <color=#9B8015><Icon=IconBurning|30|30|0.5/>Burn</color> on the enemy, inflicts {1} additional stacks of <color=#9B8015><Icon=IconBurning|30|30|0.5/>Burn</color>, up to {2} stacks.	Deals DMG and inflicts additional <color=#B96716><Icon=IconBurningBlack|30|30|0.5/>Burn</color> based on the number of stacks of <color=#B96716><Icon=IconBurningBlack|30|30|0.5/>Burn</color> on the enemy.	3	1	4				Assets/Product/Texture/Image/UiTheatre6/UiTheatre6SkillIcon/UiTheatre6SkillIcon17.png	1025104				12		2	10251040	1	3000	3	40	20	20	15000	1	2					0	0
10251043	1025104	Flamebreath	For every {0} stacks of <color=#9B8015><Icon=IconBurning|30|30|0.5/>Burn</color> on the enemy, inflicts {1} additional stacks of <color=#9B8015><Icon=IconBurning|30|30|0.5/>Burn</color>, up to {2} stacks.	Deals DMG and inflicts additional <color=#B96716><Icon=IconBurningBlack|30|30|0.5/>Burn</color> based on the number of stacks of <color=#B96716><Icon=IconBurningBlack|30|30|0.5/>Burn</color> on the enemy.	3	1	5				Assets/Product/Texture/Image/UiTheatre6/UiTheatre6SkillIcon/UiTheatre6SkillIcon17.png	1025104				12		3	10251040	1	4000	3	80	40	20	18000	1	2					0	0
10251051	1025105	Emberlands	Creates a burning zone for {0}s, inflicting {1} stacks of <color=#9B8015><Icon=IconBurning|30|30|0.5/>Burn</color> on enemies inside every second.	Deals DMG and creates a burning zone, inflicting <color=#B96716><Icon=IconBurningBlack|30|30|0.5/>Burn</color> every second.	4	1					Assets/Product/Texture/Image/UiTheatre6/UiTheatre6SkillIcon/UiTheatre6SkillIcon32.png	1025105				12		1	10251050	1	2000	3	20	10	20	10000	1	2					0	0
10251052	1025105	Emberlands	Creates a burning zone for {0}s, inflicting {1} stacks of <color=#9B8015><Icon=IconBurning|30|30|0.5/>Burn</color> on enemies inside every second.	Deals DMG and creates a burning zone, inflicting <color=#B96716><Icon=IconBurningBlack|30|30|0.5/>Burn</color> every second.	4	1					Assets/Product/Texture/Image/UiTheatre6/UiTheatre6SkillIcon/UiTheatre6SkillIcon32.png	1025105				12		2	10251050	1	3000	3	40	20	20	12500	1	2					0	0
10251053	1025105	Emberlands	Creates a burning zone for {0}s, inflicting {1} stacks of <color=#9B8015><Icon=IconBurning|30|30|0.5/>Burn</color> on enemies inside every second.	Deals DMG and creates a burning zone, inflicting <color=#B96716><Icon=IconBurningBlack|30|30|0.5/>Burn</color> every second.	4	1					Assets/Product/Texture/Image/UiTheatre6/UiTheatre6SkillIcon/UiTheatre6SkillIcon32.png	1025105				12		3	10251050	1	4000	3	80	40	20	15000	1	2					0	0
10251061	1025106	Sharp Cavalry	When using this skill for the first {0} times, gains {1} stacks of <color=#B96716><<Icon=IconCrit|30|30|0.5/>CRIT></color>.	Deals DMG. Gains <color=#B96716><<Icon=IconCritBlack|30|30|0.5/>CRIT></color> on the first 2 uses.	2	1					Assets/Product/Texture/Image/UiTheatre6/UiTheatre6SkillIcon/UiTheatre6SkillIcon11.png	1025106				16		1	10251060	1	2000	3	20	10	20	12000	1	2					0	0
10251062	1025106	Sharp Cavalry	When using this skill for the first {0} times, gains {1} stacks of <color=#B96716><<Icon=IconCrit|30|30|0.5/>CRIT></color>.	Deals DMG. Gains <color=#B96716><<Icon=IconCritBlack|30|30|0.5/>CRIT></color> on the first 2 uses.	2	1					Assets/Product/Texture/Image/UiTheatre6/UiTheatre6SkillIcon/UiTheatre6SkillIcon11.png	1025106				16		2	10251060	1	3000	3	40	20	20	15000	1	2					0	0
10251063	1025106	Sharp Cavalry	When using this skill for the first {0} times, gains {1} stacks of <color=#B96716><<Icon=IconCrit|30|30|0.5/>CRIT></color>.	Deals DMG. Gains <color=#B96716><<Icon=IconCritBlack|30|30|0.5/>CRIT></color> on the first 2 uses.	2	1					Assets/Product/Texture/Image/UiTheatre6/UiTheatre6SkillIcon/UiTheatre6SkillIcon11.png	1025106				16		3	10251060	1	4000	3	80	40	20	18000	1	2					0	0
10251071	1025107	Piercing Drive	When <color=#516797><Icon=IconOverClock|30|30|0.5/>Hypersequence</color> > {0} (Current: {Attr:5}), reduces enemy's <color=#6F4877><Icon=IconStamina|30|30|0.5/>Fighting Will</color> by {1} additionally.	Deals DMG and reduces enemy's <color=#6F4877><Icon=IconStaminaBlack|30|30|0.5/>Fighting Will</color> based on <color=#516797><Icon=IconOverClockBlack|30|30|0.5/>Hypersequence</color>.	500	15					Assets/Product/Texture/Image/UiTheatre6/UiTheatre6SkillIcon/UiTheatre6SkillIcon19.png	1025107						1	10251070	1	2000	3	20	10	25	24000	1	2					0	0
10251072	1025107	Piercing Drive	When <color=#516797><Icon=IconOverClock|30|30|0.5/>Hypersequence</color> > {0} (Current: {Attr:5}), reduces enemy's <color=#6F4877><Icon=IconStamina|30|30|0.5/>Fighting Will</color> by {1} additionally.	Deals DMG and reduces enemy's <color=#6F4877><Icon=IconStaminaBlack|30|30|0.5/>Fighting Will</color> based on <color=#516797><Icon=IconOverClockBlack|30|30|0.5/>Hypersequence</color>.	500	15					Assets/Product/Texture/Image/UiTheatre6/UiTheatre6SkillIcon/UiTheatre6SkillIcon19.png	1025107						2	10251070	1	3000	3	40	20	25	30000	1	2					0	0
10251073	1025107	Piercing Drive	When <color=#516797><Icon=IconOverClock|30|30|0.5/>Hypersequence</color> > {0} (Current: {Attr:5}), reduces enemy's <color=#6F4877><Icon=IconStamina|30|30|0.5/>Fighting Will</color> by {1} additionally.	Deals DMG and reduces enemy's <color=#6F4877><Icon=IconStaminaBlack|30|30|0.5/>Fighting Will</color> based on <color=#516797><Icon=IconOverClockBlack|30|30|0.5/>Hypersequence</color>.	500	15					Assets/Product/Texture/Image/UiTheatre6/UiTheatre6SkillIcon/UiTheatre6SkillIcon19.png	1025107						3	10251070	1	4000	3	80	40	25	37500	1	2					0	0
10251081	1025108	Mutual Destruction	Reduces both sides' <color=#6F4877><Icon=IconStamina|30|30|0.5/>Fighting Will</color> by {0}.\n\nInflicts <color=#487F3B><Icon=IconHitFly|30|30|0.5/>Knockback</color>.	Deals DMG, inflicts <color=#487F3B><Icon=IconHitFlyBlack|30|30|0.5/>Knockback</color>, and reduces both sides' <color=#6F4877><Icon=IconStaminaBlack|30|30|0.5/>Fighting Will</color>.	20						Assets/Product/Texture/Image/UiTheatre6/UiTheatre6SkillIcon/UiTheatre6SkillIcon30.png	1025108				13		1	10251080	1	2000	3	20	10	25	15000	1	2					0	0
10251082	1025108	Mutual Destruction	Reduces both sides' <color=#6F4877><Icon=IconStamina|30|30|0.5/>Fighting Will</color> by {0}.\n\nInflicts <color=#487F3B><Icon=IconHitFly|30|30|0.5/>Knockback</color>.	Deals DMG, inflicts <color=#487F3B><Icon=IconHitFlyBlack|30|30|0.5/>Knockback</color>, and reduces both sides' <color=#6F4877><Icon=IconStaminaBlack|30|30|0.5/>Fighting Will</color>.	20						Assets/Product/Texture/Image/UiTheatre6/UiTheatre6SkillIcon/UiTheatre6SkillIcon30.png	1025108				13		2	10251080	1	3000	3	40	20	25	18000	1	2					0	0
10251083	1025108	Mutual Destruction	Reduces both sides' <color=#6F4877><Icon=IconStamina|30|30|0.5/>Fighting Will</color> by {0}.\n\nInflicts <color=#487F3B><Icon=IconHitFly|30|30|0.5/>Knockback</color>.	Deals DMG, inflicts <color=#487F3B><Icon=IconHitFlyBlack|30|30|0.5/>Knockback</color>, and reduces both sides' <color=#6F4877><Icon=IconStaminaBlack|30|30|0.5/>Fighting Will</color>.	20						Assets/Product/Texture/Image/UiTheatre6/UiTheatre6SkillIcon/UiTheatre6SkillIcon30.png	1025108				13		3	10251080	1	4000	3	80	40	25	21000	1	2					0	0
10251091	1025109	Interception	Reduces enemy's <color=#516797><Icon=IconOverClock|30|30|0.5/>Hypersequence</color> by {0}.\n\nConsumes {1} <color=#6F4877><Icon=IconStamina|30|30|0.5/>Fighting Will</color> and gains {2} stacks of <color=#B96716><<Icon=IconCrit|30|30|0.5/>CRIT></color>.	Deals DMG, reduces enemy's <color=#516797><Icon=IconOverClockBlack|30|30|0.5/>Hypersequence</color>, and consumes <color=#6F4877><Icon=IconStaminaBlack|30|30|0.5/>Fighting Will</color> to gain <color=#B96716><<Icon=IconCritBlack|30|30|0.5/>CRIT></color>.	10	30	1				Assets/Product/Texture/Image/UiTheatre6/UiTheatre6SkillIcon/UiTheatre6SkillIcon23.png	1025109				16		1	10251090	1	2000	3	20	10	20	13500	1	2					0	0
10251092	1025109	Interception	Reduces enemy's <color=#516797><Icon=IconOverClock|30|30|0.5/>Hypersequence</color> by {0}.\n\nConsumes {1} <color=#6F4877><Icon=IconStamina|30|30|0.5/>Fighting Will</color> and gains {2} stacks of <color=#B96716><<Icon=IconCrit|30|30|0.5/>CRIT></color>.	Deals DMG, reduces enemy's <color=#516797><Icon=IconOverClockBlack|30|30|0.5/>Hypersequence</color>, and consumes <color=#6F4877><Icon=IconStaminaBlack|30|30|0.5/>Fighting Will</color> to gain <color=#B96716><<Icon=IconCritBlack|30|30|0.5/>CRIT></color>.	10	20	1				Assets/Product/Texture/Image/UiTheatre6/UiTheatre6SkillIcon/UiTheatre6SkillIcon23.png	1025109				16		2	10251090	1	3000	3	40	20	20	16500	1	2					0	0
10251093	1025109	Interception	Reduces enemy's <color=#516797><Icon=IconOverClock|30|30|0.5/>Hypersequence</color> by {0}.\n\nConsumes {1} <color=#6F4877><Icon=IconStamina|30|30|0.5/>Fighting Will</color> and gains {2} stacks of <color=#B96716><<Icon=IconCrit|30|30|0.5/>CRIT></color>.	Deals DMG, reduces enemy's <color=#516797><Icon=IconOverClockBlack|30|30|0.5/>Hypersequence</color>, and consumes <color=#6F4877><Icon=IconStaminaBlack|30|30|0.5/>Fighting Will</color> to gain <color=#B96716><<Icon=IconCritBlack|30|30|0.5/>CRIT></color>.	10	10	1				Assets/Product/Texture/Image/UiTheatre6/UiTheatre6SkillIcon/UiTheatre6SkillIcon23.png	1025109				16		3	10251090	1	4000	3	80	40	20	19500	1	2					0	0
10251101	1025110	Siphon Strike	Increases <color=#516797><Icon=IconOverClock|30|30|0.5/>Hypersequence</color> by {0}.\n\nIncreases <color=#9B8015><Icon=IconAttack|30|30|0.5/>Attack</color> by {1}.	Deals DMG and increases <color=#516797><Icon=IconOverClockBlack|30|30|0.5/>Hypersequence</color> and <color=#9B8015><Icon=IconAttackBlack|30|30|0.5/>Attack</color>.	10	15					Assets/Product/Texture/Image/UiTheatre6/UiTheatre6SkillIcon/UiTheatre6SkillIcon07.png	1025110						1	10251100	1	2000	3	20	10	30	20000	1	2					0	0
10251102	1025110	Siphon Strike	Increases <color=#516797><Icon=IconOverClock|30|30|0.5/>Hypersequence</color> by {0}.\n\nIncreases <color=#9B8015><Icon=IconAttack|30|30|0.5/>Attack</color> by {1}.	Deals DMG and increases <color=#516797><Icon=IconOverClockBlack|30|30|0.5/>Hypersequence</color> and <color=#9B8015><Icon=IconAttackBlack|30|30|0.5/>Attack</color>.	10	25					Assets/Product/Texture/Image/UiTheatre6/UiTheatre6SkillIcon/UiTheatre6SkillIcon07.png	1025110						2	10251100	1	3000	3	40	20	30	25000	1	2					0	0
10251103	1025110	Siphon Strike	Increases <color=#516797><Icon=IconOverClock|30|30|0.5/>Hypersequence</color> by {0}.\n\nIncreases <color=#9B8015><Icon=IconAttack|30|30|0.5/>Attack</color> by {1}.	Deals DMG and increases <color=#516797><Icon=IconOverClockBlack|30|30|0.5/>Hypersequence</color> and <color=#9B8015><Icon=IconAttackBlack|30|30|0.5/>Attack</color>.	10	35					Assets/Product/Texture/Image/UiTheatre6/UiTheatre6SkillIcon/UiTheatre6SkillIcon07.png	1025110						3	10251100	1	4000	3	80	40	30	30000	1	2					0	0
10251111	1025111	Bulwark	When <color=#6F4877><Icon=IconStamina|30|30|0.5/>Fighting Will</color> > {0} (Current: {Attr:3}), gains {1} stacks of <color=#516797><<Icon=IconBlock|30|30|0.5/>Block></color> additionally.	Deals DMG and gains <color=#516797><<Icon=IconBlockBlack|30|30|0.5/>Block></color> based on <color=#6F4877><Icon=IconStaminaBlack|30|30|0.5/>Fighting Will</color>.	120	1					Assets/Product/Texture/Image/UiTheatre6/UiTheatre6SkillIcon/UiTheatre6SkillIcon27.png	1025111				18		1	10251110	1	2000	3	20	10	25	18000	1	2					0	0
10251112	1025111	Bulwark	When <color=#6F4877><Icon=IconStamina|30|30|0.5/>Fighting Will</color> > {0} (Current: {Attr:3}), gains {1} stacks of <color=#516797><<Icon=IconBlock|30|30|0.5/>Block></color> additionally.	Deals DMG and gains <color=#516797><<Icon=IconBlockBlack|30|30|0.5/>Block></color> based on <color=#6F4877><Icon=IconStaminaBlack|30|30|0.5/>Fighting Will</color>.	120	1					Assets/Product/Texture/Image/UiTheatre6/UiTheatre6SkillIcon/UiTheatre6SkillIcon27.png	1025111				18		2	10251110	1	3000	3	40	20	25	22500	1	2					0	0
10251113	1025111	Bulwark	When <color=#6F4877><Icon=IconStamina|30|30|0.5/>Fighting Will</color> > {0} (Current: {Attr:3}), gains {1} stacks of <color=#516797><<Icon=IconBlock|30|30|0.5/>Block></color> additionally.	Deals DMG and gains <color=#516797><<Icon=IconBlockBlack|30|30|0.5/>Block></color> based on <color=#6F4877><Icon=IconStaminaBlack|30|30|0.5/>Fighting Will</color>.	120	1					Assets/Product/Texture/Image/UiTheatre6/UiTheatre6SkillIcon/UiTheatre6SkillIcon27.png	1025111				18		3	10251110	1	4000	3	80	40	25	27000	1	2					0	0
10251121	1025112	Swift Strike	Recovers {0} <color=#6F4877><Icon=IconStamina|30|30|0.5/>Fighting Will</color>.\n\nAlso inflicts <color=#487F3B><Icon=IconHitFly|30|30|0.5/>Knockback</color> if this skill is a <color=#B96716><Icon=IconCrit|30|30|0.5/>CRIT</color>.	Deals DMG and restores <color=#6F4877><Icon=IconStaminaBlack|30|30|0.5/>Fighting Will</color>. Also inflicts <color=#487F3B><Icon=IconHitFlyBlack|30|30|0.5/>Knockback</color> on <color=#B96716><Icon=IconCritBlack|30|30|0.5/>CRIT</color>.	10						Assets/Product/Texture/Image/UiTheatre6/UiTheatre6SkillIcon/UiTheatre6SkillIcon22.png	1025112				13	16	1	10251120	1	2000	3	20	10	20	12000	1	2					0	0
10251122	1025112	Swift Strike	Recovers {0} <color=#6F4877><Icon=IconStamina|30|30|0.5/>Fighting Will</color>.\n\nAlso inflicts <color=#487F3B><Icon=IconHitFly|30|30|0.5/>Knockback</color> if this skill is a <color=#B96716><Icon=IconCrit|30|30|0.5/>CRIT</color>.	Deals DMG and restores <color=#6F4877><Icon=IconStaminaBlack|30|30|0.5/>Fighting Will</color>. Also inflicts <color=#487F3B><Icon=IconHitFlyBlack|30|30|0.5/>Knockback</color> on <color=#B96716><Icon=IconCritBlack|30|30|0.5/>CRIT</color>.	10						Assets/Product/Texture/Image/UiTheatre6/UiTheatre6SkillIcon/UiTheatre6SkillIcon22.png	1025112				13	16	2	10251120	1	3000	3	40	20	20	15000	1	2					0	0
10251123	1025112	Swift Strike	Recovers {0} <color=#6F4877><Icon=IconStamina|30|30|0.5/>Fighting Will</color>.\n\nAlso inflicts <color=#487F3B><Icon=IconHitFly|30|30|0.5/>Knockback</color> if this skill is a <color=#B96716><Icon=IconCrit|30|30|0.5/>CRIT</color>.	Deals DMG and restores <color=#6F4877><Icon=IconStaminaBlack|30|30|0.5/>Fighting Will</color>. Also inflicts <color=#487F3B><Icon=IconHitFlyBlack|30|30|0.5/>Knockback</color> on <color=#B96716><Icon=IconCritBlack|30|30|0.5/>CRIT</color>.	10						Assets/Product/Texture/Image/UiTheatre6/UiTheatre6SkillIcon/UiTheatre6SkillIcon22.png	1025112				13	16	3	10251120	1	4000	3	80	40	20	18000	1	2					0	0
10252011	1025201	Blazing Gale	<b><color=#E7D09A>When inflicting </color><color=#487F3B><Icon=IconHitFly|30|30|0.5/>Knockback</color><color=#E7D09A>:</color></b>\n\nInflicts {0} stacks of <color=#9B8015><Icon=IconBurning|30|30|0.5/>Burn</color>.	When inflicting <color=#487F3B><Icon=IconHitFlyBlack|30|30|0.5/>Knockback</color>, deals DMG and inflicts <color=#B96716><Icon=IconBurningBlack|30|30|0.5/>Burn</color>.	1						Assets/Product/Texture/Image/UiTheatre6/UiTheatre6SkillIcon/UiTheatre6SkillIcon47.png	1025201	1025202			12	13	1	10252010	4	3000	3	40	20		5000	1	3					0	0
10252012	1025201	Blazing Gale	<b><color=#E7D09A>When inflicting </color><color=#487F3B><Icon=IconHitFly|30|30|0.5/>Knockback</color><color=#E7D09A>:</color></b>\n\nInflicts {0} stacks of <color=#9B8015><Icon=IconBurning|30|30|0.5/>Burn</color>.	When inflicting <color=#487F3B><Icon=IconHitFlyBlack|30|30|0.5/>Knockback</color>, deals DMG and inflicts <color=#B96716><Icon=IconBurningBlack|30|30|0.5/>Burn</color>.	1						Assets/Product/Texture/Image/UiTheatre6/UiTheatre6SkillIcon/UiTheatre6SkillIcon47.png	1025201	1025202			12	13	2	10252010	4	4500	3	80	40		6500	1	3					0	0
10252013	1025201	Blazing Gale	<b><color=#E7D09A>When inflicting </color><color=#487F3B><Icon=IconHitFly|30|30|0.5/>Knockback</color><color=#E7D09A>:</color></b>\n\nInflicts {0} stacks of <color=#9B8015><Icon=IconBurning|30|30|0.5/>Burn</color>.	When inflicting <color=#487F3B><Icon=IconHitFlyBlack|30|30|0.5/>Knockback</color>, deals DMG and inflicts <color=#B96716><Icon=IconBurningBlack|30|30|0.5/>Burn</color>.	1						Assets/Product/Texture/Image/UiTheatre6/UiTheatre6SkillIcon/UiTheatre6SkillIcon47.png	1025201	1025202			12	13	3	10252010	4	6000	3	160	80		8000	1	3					0	0
10252021	1025202	Immolate	<b><color=#E7D09A>When an enemy is inflicted with {0} </color><color=#9B8015><Icon=IconBurning|30|30|0.5/>Burn</color><color=#E7D09A> stacks for the first time:</color></b>\n\nAll skills will <color=#B96716><Icon=IconCrit|30|30|0.5/>CRIT</color> for the rest of this battle.	When an enemy is inflicted with a certain number of <color=#B96716><Icon=IconBurningBlack|30|30|0.5/>Burn</color> stacks, deals DMG, and subsequent skills will <color=#B96716><Icon=IconCritBlack|30|30|0.5/>CRIT</color>.	15						Assets/Product/Texture/Image/UiTheatre6/UiTheatre6SkillIcon/UiTheatre6SkillIcon18.png	1025203	1025204			12	16	1	10252020	4	3000	3	40	20		30000	1	3					0	0
10252022	1025202	Immolate	<b><color=#E7D09A>When an enemy is inflicted with {0} </color><color=#9B8015><Icon=IconBurning|30|30|0.5/>Burn</color><color=#E7D09A> stacks for the first time:</color></b>\n\nAll skills will <color=#B96716><Icon=IconCrit|30|30|0.5/>CRIT</color> for the rest of this battle.	When an enemy is inflicted with a certain number of <color=#B96716><Icon=IconBurningBlack|30|30|0.5/>Burn</color> stacks, deals DMG, and subsequent skills will <color=#B96716><Icon=IconCritBlack|30|30|0.5/>CRIT</color>.	15						Assets/Product/Texture/Image/UiTheatre6/UiTheatre6SkillIcon/UiTheatre6SkillIcon18.png	1025203	1025204			12	16	2	10252020	4	4500	3	80	40		40000	1	3					0	0
10252023	1025202	Immolate	<b><color=#E7D09A>When an enemy is inflicted with {0} </color><color=#9B8015><Icon=IconBurning|30|30|0.5/>Burn</color><color=#E7D09A> stacks for the first time:</color></b>\n\nAll skills will <color=#B96716><Icon=IconCrit|30|30|0.5/>CRIT</color> for the rest of this battle.	When an enemy is inflicted with a certain number of <color=#B96716><Icon=IconBurningBlack|30|30|0.5/>Burn</color> stacks, deals DMG, and subsequent skills will <color=#B96716><Icon=IconCritBlack|30|30|0.5/>CRIT</color>.	15						Assets/Product/Texture/Image/UiTheatre6/UiTheatre6SkillIcon/UiTheatre6SkillIcon18.png	1025203	1025204			12	16	3	10252020	4	6000	3	160	80		50000	1	3					0	0
10252031	1025203	Cinder	<b><color=#E7D09A>After using Active Skills {0} times against enemies inflicted with </color><color=#9B8015><Icon=IconBurning|30|30|0.5/>Ignition</color><color=#E7D09A>:</color></b>\n\nInflicts <color=#487F3B><Icon=IconHitFly|30|30|0.5/>Knockback</color>.	After using Active Skills multiple times against enemies inflicted with <color=#B96716><Icon=IconBurningBlack|30|30|0.5/>Ignition</color>, deals DMG and inflicts <color=#487F3B><Icon=IconHitFlyBlack|30|30|0.5/>Knockback</color>.	3						Assets/Product/Texture/Image/UiTheatre6/UiTheatre6SkillIcon/UiTheatre6SkillIcon10.png	1025205				12	13	1	10252030	4	3000	3	40	20		9000	1	3					0	0
10252032	1025203	Cinder	<b><color=#E7D09A>After using Active Skills {0} times against enemies inflicted with </color><color=#9B8015><Icon=IconBurning|30|30|0.5/>Ignition</color><color=#E7D09A>:</color></b>\n\nInflicts <color=#487F3B><Icon=IconHitFly|30|30|0.5/>Knockback</color>.	After using Active Skills multiple times against enemies inflicted with <color=#B96716><Icon=IconBurningBlack|30|30|0.5/>Ignition</color>, deals DMG and inflicts <color=#487F3B><Icon=IconHitFlyBlack|30|30|0.5/>Knockback</color>.	3						Assets/Product/Texture/Image/UiTheatre6/UiTheatre6SkillIcon/UiTheatre6SkillIcon10.png	1025205				12	13	2	10252030	4	4500	3	80	40		13500	1	3					0	0
10252033	1025203	Cinder	<b><color=#E7D09A>After using Active Skills {0} times against enemies inflicted with </color><color=#9B8015><Icon=IconBurning|30|30|0.5/>Ignition</color><color=#E7D09A>:</color></b>\n\nInflicts <color=#487F3B><Icon=IconHitFly|30|30|0.5/>Knockback</color>.	After using Active Skills multiple times against enemies inflicted with <color=#B96716><Icon=IconBurningBlack|30|30|0.5/>Ignition</color>, deals DMG and inflicts <color=#487F3B><Icon=IconHitFlyBlack|30|30|0.5/>Knockback</color>.	3						Assets/Product/Texture/Image/UiTheatre6/UiTheatre6SkillIcon/UiTheatre6SkillIcon10.png	1025205				12	13	3	10252030	4	6000	3	160	80		18000	1	3					0	0
10252041	1025204	Blazewing Slash	<b><color=#E7D09A>When </color><color=#487F3B><Icon=IconLife|30|30|0.5/>HP</color><color=#E7D09A> drops below {0} for the first time:</color></b>\n\nReduces enemy's <color=#6F4877><Icon=IconStamina|30|30|0.5/>Fighting Will</color> by {2} for every {1} <color=#B96716><Icon=IconWrestle|30|30|0.5/>Initiative</color> (Current: {Attr:4}).	When <color=#487F3B><Icon=IconLifeBlack|30|30|0.5/>HP</color> is low, deals DMG and reduces enemy's <color=#6F4877><Icon=IconStaminaBlack|30|30|0.5/>Fighting Will</color> based on <color=#B96716><Icon=IconWrestleBlack|30|30|0.5/>Initiative</color>.	20%	10	1				Assets/Product/Texture/Image/UiTheatre6/UiTheatre6SkillIcon/UiTheatre6SkillIcon02.png	1025206	1025207					1	10252040	4	3000	3	40	20		10000	1	3					0	0
10252042	1025204	Blazewing Slash	<b><color=#E7D09A>When </color><color=#487F3B><Icon=IconLife|30|30|0.5/>HP</color><color=#E7D09A> drops below {0} for the first time:</color></b>\n\nReduces enemy's <color=#6F4877><Icon=IconStamina|30|30|0.5/>Fighting Will</color> by {2} for every {1} <color=#B96716><Icon=IconWrestle|30|30|0.5/>Initiative</color> (Current: {Attr:4}).	When <color=#487F3B><Icon=IconLifeBlack|30|30|0.5/>HP</color> is low, deals DMG and reduces enemy's <color=#6F4877><Icon=IconStaminaBlack|30|30|0.5/>Fighting Will</color> based on <color=#B96716><Icon=IconWrestleBlack|30|30|0.5/>Initiative</color>.	20%	10	1				Assets/Product/Texture/Image/UiTheatre6/UiTheatre6SkillIcon/UiTheatre6SkillIcon02.png	1025206	1025207					2	10252040	4	4500	3	80	40		15000	1	3					0	0
10252043	1025204	Blazewing Slash	<b><color=#E7D09A>When </color><color=#487F3B><Icon=IconLife|30|30|0.5/>HP</color><color=#E7D09A> drops below {0} for the first time:</color></b>\n\nReduces enemy's <color=#6F4877><Icon=IconStamina|30|30|0.5/>Fighting Will</color> by {2} for every {1} <color=#B96716><Icon=IconWrestle|30|30|0.5/>Initiative</color> (Current: {Attr:4}).	When <color=#487F3B><Icon=IconLifeBlack|30|30|0.5/>HP</color> is low, deals DMG and reduces enemy's <color=#6F4877><Icon=IconStaminaBlack|30|30|0.5/>Fighting Will</color> based on <color=#B96716><Icon=IconWrestleBlack|30|30|0.5/>Initiative</color>.	20%	10	1				Assets/Product/Texture/Image/UiTheatre6/UiTheatre6SkillIcon/UiTheatre6SkillIcon02.png	1025206	1025207					3	10252040	4	6000	3	160	80		20000	1	3					0	0
10252051	1025205	Gale Formation	<b><color=#E7D09A>After using a [Counter Skill]:</color></b>\n\nIncreases <color=#9B8015><Icon=IconAttack|30|30|0.5/>Attack</color> by {0}.\n\nGains {1} stacks of <color=#B96716><<Icon=IconCrit|30|30|0.5/>CRIT></color>.	After using a [Counter Skill], deals DMG, increases Attack, and gains <color=#B96716><<Icon=IconCritBlack|30|30|0.5/>CRIT></color>.	10	1					Assets/Product/Texture/Image/UiTheatre6/UiTheatre6SkillIcon/UiTheatre6SkillIcon20.png	1025208				24	16	1	10252050	4	3000	3	40	20		10000	1	3					0	0
10252052	1025205	Gale Formation	<b><color=#E7D09A>After using a [Counter Skill]:</color></b>\n\nIncreases <color=#9B8015><Icon=IconAttack|30|30|0.5/>Attack</color> by {0}.\n\nGains {1} stacks of <color=#B96716><<Icon=IconCrit|30|30|0.5/>CRIT></color>.	After using a [Counter Skill], deals DMG, increases Attack, and gains <color=#B96716><<Icon=IconCritBlack|30|30|0.5/>CRIT></color>.	10	2					Assets/Product/Texture/Image/UiTheatre6/UiTheatre6SkillIcon/UiTheatre6SkillIcon20.png	1025208				24	16	2	10252050	4	4500	3	80	40		10000	1	3					0	0
10252053	1025205	Gale Formation	<b><color=#E7D09A>After using a [Counter Skill]:</color></b>\n\nIncreases <color=#9B8015><Icon=IconAttack|30|30|0.5/>Attack</color> by {0}.\n\nGains {1} stacks of <color=#B96716><<Icon=IconCrit|30|30|0.5/>CRIT></color>.	After using a [Counter Skill], deals DMG, increases Attack, and gains <color=#B96716><<Icon=IconCritBlack|30|30|0.5/>CRIT></color>.	10	3					Assets/Product/Texture/Image/UiTheatre6/UiTheatre6SkillIcon/UiTheatre6SkillIcon20.png	1025208				24	16	3	10252050	4	6000	3	160	80		10000	1	3					0	0
10252061	1025206	Dragonfire Barrage	<b><color=#E7D09A>After using a [Parry Skill]:</color></b>\n\nInflicts {0} stacks of <color=#9B8015><Icon=IconBurning|30|30|0.5/>Burn</color>.	After using a [Parry Skill], deals DMG and inflicts <color=#B96716><Icon=IconBurningBlack|30|30|0.5/>Burn</color>.	3						Assets/Product/Texture/Image/UiTheatre6/UiTheatre6SkillIcon/UiTheatre6SkillIcon33.png	1025209	1025210			23	12	1	10252060	4	3000	3	40	20		10000	1	3					0	0
10252062	1025206	Dragonfire Barrage	<b><color=#E7D09A>After using a [Parry Skill]:</color></b>\n\nInflicts {0} stacks of <color=#9B8015><Icon=IconBurning|30|30|0.5/>Burn</color>.	After using a [Parry Skill], deals DMG and inflicts <color=#B96716><Icon=IconBurningBlack|30|30|0.5/>Burn</color>.	3						Assets/Product/Texture/Image/UiTheatre6/UiTheatre6SkillIcon/UiTheatre6SkillIcon33.png	1025209	1025210			23	12	2	10252060	4	4500	3	80	40		13500	1	3					0	0
10252063	1025206	Dragonfire Barrage	<b><color=#E7D09A>After using a [Parry Skill]:</color></b>\n\nInflicts {0} stacks of <color=#9B8015><Icon=IconBurning|30|30|0.5/>Burn</color>.	After using a [Parry Skill], deals DMG and inflicts <color=#B96716><Icon=IconBurningBlack|30|30|0.5/>Burn</color>.	3						Assets/Product/Texture/Image/UiTheatre6/UiTheatre6SkillIcon/UiTheatre6SkillIcon33.png	1025209	1025210			23	12	3	10252060	4	6000	3	160	80		17000	1	3					0	0
10252071	1025207	Dragon Breath Recharge	<b><color=#E7D09A>After every {0} instances of Attack DMG dealt:</color></b>\n\nFor every {1} <color=#6F4877><Icon=IconStamina|30|30|0.5/>Fighting Will</color>, consumes {2} <color=#6F4877><Icon=IconStamina|30|30|0.5/>Fighting Will</color> and inflicts {3} stacks of <color=#9B8015><Icon=IconBurning|30|30|0.5/>Burn</color>.	After dealing DMG multiple times, deals DMG and consumes <color=#6F4877><Icon=IconStaminaBlack|30|30|0.5/>Fighting Will</color> to inflict <color=#B96716><Icon=IconBurningBlack|30|30|0.5/>Burn</color>.	12	40	10	1			Assets/Product/Texture/Image/UiTheatre6/UiTheatre6SkillIcon/UiTheatre6SkillIcon44.png	1025211	1025212			25	12	1	10251603	4	3000	3	40	20		15000	1	3					0	0
10252072	1025207	Dragon Breath Recharge	<b><color=#E7D09A>After every {0} instances of Attack DMG dealt:</color></b>\n\nFor every {1} <color=#6F4877><Icon=IconStamina|30|30|0.5/>Fighting Will</color>, consumes {2} <color=#6F4877><Icon=IconStamina|30|30|0.5/>Fighting Will</color> and inflicts {3} stacks of <color=#9B8015><Icon=IconBurning|30|30|0.5/>Burn</color>.	After dealing DMG multiple times, deals DMG and consumes <color=#6F4877><Icon=IconStaminaBlack|30|30|0.5/>Fighting Will</color> to inflict <color=#B96716><Icon=IconBurningBlack|30|30|0.5/>Burn</color>.	12	40	10	1			Assets/Product/Texture/Image/UiTheatre6/UiTheatre6SkillIcon/UiTheatre6SkillIcon44.png	1025211	1025212			25	12	2	10251603	4	4500	3	80	40		15000	1	3					0	0
10252073	1025207	Dragon Breath Recharge	<b><color=#E7D09A>After every {0} instances of Attack DMG dealt:</color></b>\n\nFor every {1} <color=#6F4877><Icon=IconStamina|30|30|0.5/>Fighting Will</color>, consumes {2} <color=#6F4877><Icon=IconStamina|30|30|0.5/>Fighting Will</color> and inflicts {3} stacks of <color=#9B8015><Icon=IconBurning|30|30|0.5/>Burn</color>.	After dealing DMG multiple times, deals DMG and consumes <color=#6F4877><Icon=IconStaminaBlack|30|30|0.5/>Fighting Will</color> to inflict <color=#B96716><Icon=IconBurningBlack|30|30|0.5/>Burn</color>.	12	40	10	1			Assets/Product/Texture/Image/UiTheatre6/UiTheatre6SkillIcon/UiTheatre6SkillIcon44.png	1025211	1025212			25	12	3	10251603	4	6000	3	160	80		15000	1	3					0	0
10252081	1025208	Sonic Shear	<b><color=#E7D09A>After every {0} skills used:</color></b>\n\nGuarantees <color=#B96716><Icon=IconCrit|30|30|0.5/>CRIT</color>.\n\nGains {1} stacks of <color=#B96716><<Icon=IconCrit|30|30|0.5/>CRIT></color>.	After using skills multiple times, deals <color=#B96716><Icon=IconCritBlack|30|30|0.5/>CRIT</color> DMG and gains <color=#B96716><<Icon=IconCritBlack|30|30|0.5/>CRIT></color>.	10	1					Assets/Product/Texture/Image/UiTheatre6/UiTheatre6SkillIcon/UiTheatre6SkillIcon04.png	1025213	1025214			16		1	10251605	4	3000	3	40	20		10000	1	3					0	0
10252082	1025208	Sonic Shear	<b><color=#E7D09A>After every {0} skills used:</color></b>\n\nGuarantees <color=#B96716><Icon=IconCrit|30|30|0.5/>CRIT</color>.\n\nGains {1} stacks of <color=#B96716><<Icon=IconCrit|30|30|0.5/>CRIT></color>.	After using skills multiple times, deals <color=#B96716><Icon=IconCritBlack|30|30|0.5/>CRIT</color> DMG and gains <color=#B96716><<Icon=IconCritBlack|30|30|0.5/>CRIT></color>.	8	1					Assets/Product/Texture/Image/UiTheatre6/UiTheatre6SkillIcon/UiTheatre6SkillIcon04.png	1025213	1025214			16		2	10251605	4	4500	3	80	40		10000	1	3					0	0
10252083	1025208	Sonic Shear	<b><color=#E7D09A>After every {0} skills used:</color></b>\n\nGuarantees <color=#B96716><Icon=IconCrit|30|30|0.5/>CRIT</color>.\n\nGains {1} stacks of <color=#B96716><<Icon=IconCrit|30|30|0.5/>CRIT></color>.	After using skills multiple times, deals <color=#B96716><Icon=IconCritBlack|30|30|0.5/>CRIT</color> DMG and gains <color=#B96716><<Icon=IconCritBlack|30|30|0.5/>CRIT></color>.	6	1					Assets/Product/Texture/Image/UiTheatre6/UiTheatre6SkillIcon/UiTheatre6SkillIcon04.png	1025213	1025214			16		3	10251605	4	6000	3	160	80		10000	1	3					0	0
10252091	1025209	Winged Pierce	<b><color=#E7D09A>After every {0} </color><color=#B96716><Icon=IconCrit|30|30|0.5/>CRIT</color><color=#E7D09A> hits landed with skills:</color></b>\n\nInflicts <color=#487F3B><Icon=IconHitFly|30|30|0.5/>Knockback</color>.\n\nReduces enemy's <color=#516797><Icon=IconOverClock|30|30|0.5/>Hypersequence</color> by {1}.	After dealing <color=#B96716><Icon=IconCritBlack|30|30|0.5/>CRIT</color> multiple times, deals DMG and inflicts <color=#487F3B><Icon=IconHitFlyBlack|30|30|0.5/>Knockback</color>.	3	10					Assets/Product/Texture/Image/UiTheatre6/UiTheatre6SkillIcon/UiTheatre6SkillIcon14.png	1025215				13	16	1	10252150	4	3000	3	40	20		6000	1	3					0	0
10252092	1025209	Winged Pierce	<b><color=#E7D09A>After every {0} </color><color=#B96716><Icon=IconCrit|30|30|0.5/>CRIT</color><color=#E7D09A> hits landed with skills:</color></b>\n\nInflicts <color=#487F3B><Icon=IconHitFly|30|30|0.5/>Knockback</color>.\n\nReduces enemy's <color=#516797><Icon=IconOverClock|30|30|0.5/>Hypersequence</color> by {1}.	After dealing <color=#B96716><Icon=IconCritBlack|30|30|0.5/>CRIT</color> multiple times, deals DMG and inflicts <color=#487F3B><Icon=IconHitFlyBlack|30|30|0.5/>Knockback</color>.	3	10					Assets/Product/Texture/Image/UiTheatre6/UiTheatre6SkillIcon/UiTheatre6SkillIcon14.png	1025215				13	16	2	10252150	4	4500	3	80	40		7500	1	3					0	0
10252093	1025209	Winged Pierce	<b><color=#E7D09A>After every {0} </color><color=#B96716><Icon=IconCrit|30|30|0.5/>CRIT</color><color=#E7D09A> hits landed with skills:</color></b>\n\nInflicts <color=#487F3B><Icon=IconHitFly|30|30|0.5/>Knockback</color>.\n\nReduces enemy's <color=#516797><Icon=IconOverClock|30|30|0.5/>Hypersequence</color> by {1}.	After dealing <color=#B96716><Icon=IconCritBlack|30|30|0.5/>CRIT</color> multiple times, deals DMG and inflicts <color=#487F3B><Icon=IconHitFlyBlack|30|30|0.5/>Knockback</color>.	3	10					Assets/Product/Texture/Image/UiTheatre6/UiTheatre6SkillIcon/UiTheatre6SkillIcon14.png	1025215				13	16	3	10252150	4	6000	3	160	80		9000	1	3					0	0
10252101	1025210	Uplift	When <b><color=#6F4877><Icon=IconStamina|30|30|0.5/>Fighting Will</color><color=#E7D09A> reaches 0 for the first time:</color></b>\n\nRecovers {1} <color=#6F4877><Icon=IconStamina|30|30|0.5/>Fighting Will</color> for every {0} <color=#B96716><Icon=IconCrit|30|30|0.5/>CRIT</color> hits landed.	When <color=#6F4877><Icon=IconStaminaBlack|30|30|0.5/>Fighting Will</color> reaches 0, restores <color=#6F4877><Icon=IconStaminaBlack|30|30|0.5/>Fighting Will</color> based on the number of <color=#B96716><Icon=IconCritBlack|30|30|0.5/>CRITs</color> inflicted.	1	4					Assets/Product/Texture/Image/UiTheatre6/UiTheatre6SkillIcon/UiTheatre6SkillIcon45.png	1025216				16		1	10252160	4	3000	3	40	20		20000	1	3					0	0
10252102	1025210	Uplift	When <b><color=#6F4877><Icon=IconStamina|30|30|0.5/>Fighting Will</color><color=#E7D09A> reaches 0 for the first time:</color></b>\n\nRecovers {1} <color=#6F4877><Icon=IconStamina|30|30|0.5/>Fighting Will</color> for every {0} <color=#B96716><Icon=IconCrit|30|30|0.5/>CRIT</color> hits landed.	When <color=#6F4877><Icon=IconStaminaBlack|30|30|0.5/>Fighting Will</color> reaches 0, restores <color=#6F4877><Icon=IconStaminaBlack|30|30|0.5/>Fighting Will</color> based on the number of <color=#B96716><Icon=IconCritBlack|30|30|0.5/>CRITs</color> inflicted.	1	8					Assets/Product/Texture/Image/UiTheatre6/UiTheatre6SkillIcon/UiTheatre6SkillIcon45.png	1025216				16		2	10252160	4	4500	3	80	40		20000	1	3					0	0
10252103	1025210	Uplift	When <b><color=#6F4877><Icon=IconStamina|30|30|0.5/>Fighting Will</color><color=#E7D09A> reaches 0 for the first time:</color></b>\n\nRecovers {1} <color=#6F4877><Icon=IconStamina|30|30|0.5/>Fighting Will</color> for every {0} <color=#B96716><Icon=IconCrit|30|30|0.5/>CRIT</color> hits landed.	When <color=#6F4877><Icon=IconStaminaBlack|30|30|0.5/>Fighting Will</color> reaches 0, restores <color=#6F4877><Icon=IconStaminaBlack|30|30|0.5/>Fighting Will</color> based on the number of <color=#B96716><Icon=IconCritBlack|30|30|0.5/>CRITs</color> inflicted.	1	12					Assets/Product/Texture/Image/UiTheatre6/UiTheatre6SkillIcon/UiTheatre6SkillIcon45.png	1025216				16		3	10252160	4	6000	3	160	80		20000	1	3					0	0
10252111	1025211	Skybound Reversal	<b><color=#E7D09A>After every {0} instances of </color><color=#487F3B><Icon=IconHitFly|30|30|0.5/>Knockback</color><color=#E7D09A> inflicted:</color></b>\n\nIncreases <color=#B96716><Icon=IconWrestle|30|30|0.5/>Initiative</color> by {1}.\n\nGains {2} stacks of <color=#B96716><<Icon=IconCrit|30|30|0.5/>CRIT></color>.	After inflicting <color=#487F3B><Icon=IconHitFlyBlack|30|30|0.5/>Knockback</color> multiple times, deals DMG, increases <color=#B96716><Icon=IconWrestleBlack|30|30|0.5/>Initiative</color>, and gains <color=#B96716><<Icon=IconCritBlack|30|30|0.5/>CRIT></color>.	4	30	1				Assets/Product/Texture/Image/UiTheatre6/UiTheatre6SkillIcon/UiTheatre6SkillIcon15.png	1025217	1025218			13	16	1	10251606	4	3000	3	40	20		10000	1	3					0	0
10252112	1025211	Skybound Reversal	<b><color=#E7D09A>After every {0} instances of </color><color=#487F3B><Icon=IconHitFly|30|30|0.5/>Knockback</color><color=#E7D09A> inflicted:</color></b>\n\nIncreases <color=#B96716><Icon=IconWrestle|30|30|0.5/>Initiative</color> by {1}.\n\nGains {2} stacks of <color=#B96716><<Icon=IconCrit|30|30|0.5/>CRIT></color>.	After inflicting <color=#487F3B><Icon=IconHitFlyBlack|30|30|0.5/>Knockback</color> multiple times, deals DMG, increases <color=#B96716><Icon=IconWrestleBlack|30|30|0.5/>Initiative</color>, and gains <color=#B96716><<Icon=IconCritBlack|30|30|0.5/>CRIT></color>.	4	40	1				Assets/Product/Texture/Image/UiTheatre6/UiTheatre6SkillIcon/UiTheatre6SkillIcon15.png	1025217	1025218			13	16	2	10251606	4	4500	3	80	40		10000	1	3					0	0
10252113	1025211	Skybound Reversal	<b><color=#E7D09A>After every {0} instances of </color><color=#487F3B><Icon=IconHitFly|30|30|0.5/>Knockback</color><color=#E7D09A> inflicted:</color></b>\n\nIncreases <color=#B96716><Icon=IconWrestle|30|30|0.5/>Initiative</color> by {1}.\n\nGains {2} stacks of <color=#B96716><<Icon=IconCrit|30|30|0.5/>CRIT></color>.	After inflicting <color=#487F3B><Icon=IconHitFlyBlack|30|30|0.5/>Knockback</color> multiple times, deals DMG, increases <color=#B96716><Icon=IconWrestleBlack|30|30|0.5/>Initiative</color>, and gains <color=#B96716><<Icon=IconCritBlack|30|30|0.5/>CRIT></color>.	4	50	1				Assets/Product/Texture/Image/UiTheatre6/UiTheatre6SkillIcon/UiTheatre6SkillIcon15.png	1025217	1025218			13	16	3	10251606	4	6000	3	160	80		10000	1	3					0	0
10252121	1025212	Counterstance	<b><color=#E7D09A>After the first skill use:</color></b>\n\nThis skill's DMG multiplier increases by {1} for every {0} missing <color=#487F3B><Icon=IconLife|30|30|0.5/>HP</color>.\n\nGains {3} stacks of <color=#B96716><<Icon=IconCrit|30|30|0.5/>CRIT></color> for every {2} <color=#6F4877><Icon=IconStamina|30|30|0.5/>Fighting Will</color> (Current: {Attr:3}).	After using a skill for the first time, deals increased DMG based on missing <color=#487F3B><Icon=IconLifeBlack|30|30|0.5/>HP</color>, then gains <color=#B96716><<Icon=IconCritBlack|30|30|0.5/>CRIT></color> based on <color=#6F4877><Icon=IconStaminaBlack|30|30|0.5/>Fighting Will</color>.	1%	1%	60	1			Assets/Product/Texture/Image/UiTheatre6/UiTheatre6SkillIcon/UiTheatre6SkillIcon05.png	1025219	1025220			16		1	10251608	4	3000	3	40	20		5000	1	3					0	0
10252122	1025212	Counterstance	<b><color=#E7D09A>After the first skill use:</color></b>\n\nThis skill's DMG multiplier increases by {1} for every {0} missing <color=#487F3B><Icon=IconLife|30|30|0.5/>HP</color>.\n\nGains {3} stacks of <color=#B96716><<Icon=IconCrit|30|30|0.5/>CRIT></color> for every {2} <color=#6F4877><Icon=IconStamina|30|30|0.5/>Fighting Will</color> (Current: {Attr:3}).	After using a skill for the first time, deals increased DMG based on missing <color=#487F3B><Icon=IconLifeBlack|30|30|0.5/>HP</color>, then gains <color=#B96716><<Icon=IconCritBlack|30|30|0.5/>CRIT></color> based on <color=#6F4877><Icon=IconStaminaBlack|30|30|0.5/>Fighting Will</color>.	1%	1%	50	1			Assets/Product/Texture/Image/UiTheatre6/UiTheatre6SkillIcon/UiTheatre6SkillIcon05.png	1025219	1025220			16		2	10251608	4	4500	3	80	40		5000	1	3					0	0
10252123	1025212	Counterstance	<b><color=#E7D09A>After the first skill use:</color></b>\n\nThis skill's DMG multiplier increases by {1} for every {0} missing <color=#487F3B><Icon=IconLife|30|30|0.5/>HP</color>.\n\nGains {3} stacks of <color=#B96716><<Icon=IconCrit|30|30|0.5/>CRIT></color> for every {2} <color=#6F4877><Icon=IconStamina|30|30|0.5/>Fighting Will</color> (Current: {Attr:3}).	After using a skill for the first time, deals increased DMG based on missing <color=#487F3B><Icon=IconLifeBlack|30|30|0.5/>HP</color>, then gains <color=#B96716><<Icon=IconCritBlack|30|30|0.5/>CRIT></color> based on <color=#6F4877><Icon=IconStaminaBlack|30|30|0.5/>Fighting Will</color>.	1%	1%	40	1			Assets/Product/Texture/Image/UiTheatre6/UiTheatre6SkillIcon/UiTheatre6SkillIcon05.png	1025219	1025220			16		3	10251608	4	6000	3	160	80		5000	1	3					0	0
10252131	1025213	Apex Temper	<b><color=#E7D09A>When hit by skills {0} times:</color></b>\n\nIncreases <color=#516797><Icon=IconOverClock|30|30|0.5/>Hypersequence</color> by {1}.\n\nIncreases <color=#9B8015><Icon=IconAttack|30|30|0.5/>Attack</color> by {2}.	When hit by skills multiple times, deals DMG and increases <color=#516797><Icon=IconOverClockBlack|30|30|0.5/>Hypersequence</color> and <color=#9B8015><Icon=IconAttackBlack|30|30|0.5/>Attack</color>.	5	30	20				Assets/Product/Texture/Image/UiTheatre6/UiTheatre6SkillIcon/UiTheatre6SkillIcon28.png	1025221						1	10251613	4	3000	3	40	20		30000	1	3					0	0
10252132	1025213	Apex Temper	<b><color=#E7D09A>When hit by skills {0} times:</color></b>\n\nIncreases <color=#516797><Icon=IconOverClock|30|30|0.5/>Hypersequence</color> by {1}.\n\nIncreases <color=#9B8015><Icon=IconAttack|30|30|0.5/>Attack</color> by {2}.	When hit by skills multiple times, deals DMG and increases <color=#516797><Icon=IconOverClockBlack|30|30|0.5/>Hypersequence</color> and <color=#9B8015><Icon=IconAttackBlack|30|30|0.5/>Attack</color>.	5	60	20				Assets/Product/Texture/Image/UiTheatre6/UiTheatre6SkillIcon/UiTheatre6SkillIcon28.png	1025221						2	10251613	4	4500	3	80	40		30000	1	3					0	0
10252133	1025213	Apex Temper	<b><color=#E7D09A>When hit by skills {0} times:</color></b>\n\nIncreases <color=#516797><Icon=IconOverClock|30|30|0.5/>Hypersequence</color> by {1}.\n\nIncreases <color=#9B8015><Icon=IconAttack|30|30|0.5/>Attack</color> by {2}.	When hit by skills multiple times, deals DMG and increases <color=#516797><Icon=IconOverClockBlack|30|30|0.5/>Hypersequence</color> and <color=#9B8015><Icon=IconAttackBlack|30|30|0.5/>Attack</color>.	5	100	20				Assets/Product/Texture/Image/UiTheatre6/UiTheatre6SkillIcon/UiTheatre6SkillIcon28.png	1025221						3	10251613	4	6000	3	160	80		30000	1	3					0	0
10253011	1025301	Unsheathe	<b><color=#E7D09A>After a successful Parry:</color></b>\n\n[Passive] Increases <color=#B96716><Icon=IconWrestle|30|30|0.5/>Initiative</color> by {0} when inflicting <color=#487F3B><Icon=IconHitFly|30|30|0.5/>Knockback</color>.\n\nInflicts <Icon=IconStun|30|30|0.5/>Stun for {1}s and <color=#487F3B><Icon=IconHitFly|30|30|0.5/>Knockback</color>.	After a successful Parry, deals DMG and inflicts <color=#487F3B><Icon=IconHitFlyBlack|30|30|0.5/>Knockback</color> with additional effects.	10	5					Assets/Product/Texture/Image/UiTheatre6/UiTheatre6SkillIcon/UiTheatre6SkillIcon43.png	1025301				23	13	1	10253010	2	4000	3	80	40		15000	1	4	11	21			0	0
10253021	1025302	Cavalry Breach	<b><color=#E7D09A>After a successful Parry:</color></b>\n\nGains {0} additional stacks of <color=#B96716><<Icon=IconCrit|30|30|0.5/>CRIT></color> when using this skill for the first time.\n\nInflicts <Icon=IconStun|30|30|0.5/>Stun for {1}s with guaranteed <color=#B96716><Icon=IconCrit|30|30|0.5/>CRIT</color>.	After a successful Parry, deals <color=#B96716><Icon=IconCritBlack|30|30|0.5/>CRIT</color> DMG and gains <color=#B96716><<Icon=IconCritBlack|30|30|0.5/>CRIT></color>.	5	5					Assets/Product/Texture/Image/UiTheatre6/UiTheatre6SkillIcon/UiTheatre6SkillIcon48.png	1025302	1025303			23	16	1	10253020	2	4000	3	80	40		24000	1	4	11	21			0	0
10253031	1025304	Impale	<b><color=#E7D09A>After a successful Parry:</color></b>\n\nWhen <color=#B96716><Icon=IconWrestle|30|30|0.5/>Initiative</color> > {0} (Current: {Attr:4}), DMG multiplier increases by {1}.\n\nInflicts <Icon=IconStun|30|30|0.5/>Stun for {2}s.	After a successful Parry, deals extra DMG based on <color=#B96716><Icon=IconWrestleBlack|30|30|0.5/>Initiative</color>.	230	100%	3				Assets/Product/Texture/Image/UiTheatre6/UiTheatre6SkillIcon/UiTheatre6SkillIcon09.png	1025304				23		1	10253030	2	4000	3	80	40		20000	1	4	11	21		1	0	0
10254011	1025401	Ashen Wrath	<b><color=#E7D09A>After a successful Counter:</color></b>\n\nInflicts {0} stacks of <color=#9B8015><Icon=IconBurning|30|30|0.5/>Ignite</color>.\n\nInflicts {2} stacks of <color=#9B8015><Icon=IconBurning|30|30|0.5/>Ignite</color> for every {1} <color=#516797><Icon=IconOverClock|30|30|0.5/>Hypersequence</color> (Current: {Attr:5}).\n\nReduces enemy's <color=#6F4877><Icon=IconStamina|30|30|0.5/>Fighting Will</color> by {3}.	After a successful Counter, deals DMG and inflicts <color=#B96716><Icon=IconBurningBlack|30|30|0.5/>Burn</color>.	3	80	1	30			Assets/Product/Texture/Image/UiTheatre6/UiTheatre6SkillIcon/UiTheatre6SkillIcon42.png	1025401				24	12	1	10254010	3	4000	3	80	40		20000	1	4	22				0	0
10254021	1025402	Gale Fusillade	<b><color=#E7D09A>After a successful Counter:</color></b>\n\nInflicts <color=#487F3B><Icon=IconHitFly|30|30|0.5/>Knockback</color>.\n\nReduces enemy's <color=#6F4877><Icon=IconStamina|30|30|0.5/>Fighting Will</color> by {0}, and an additional {2} for every {1} <color=#516797><Icon=IconOverClock|30|30|0.5/>Hypersequence</color> (Current: {Attr:5}).\n\n[Passive] When using a [Trigger Skill], increases <color=#9B8015><Icon=IconAttack|30|30|0.5/>Attack</color> by {4} for every {3} <color=#487F3B><Icon=IconHitFly|30|30|0.5/>Knockback</color> inflicted.	After a successful Counter, deals DMG and inflicts <color=#487F3B><Icon=IconHitFlyBlack|30|30|0.5/>Knockback</color> with additional effects.	20	20	1	1	15		Assets/Product/Texture/Image/UiTheatre6/UiTheatre6SkillIcon/UiTheatre6SkillIcon46.png	1025402	1025403			24	13	1	10251611	3	4000	3	80	40		20000	1	4	22				0	0
10254041	1025404	Soulrend	<b><color=#E7D09A>After a successful Counter:</color></b>\n\nReduces enemy's <color=#6F4877><Icon=IconStamina|30|30|0.5/>Fighting Will</color> by {0}.\n\nWhen <color=#516797><Icon=IconOverClock|30|30|0.5/>Hypersequence</color> > {1} (Current: {Attr:5}), DMG multiplier increases by {2}.	After a successful Counter, deals extra DMG based on <color=#516797><Icon=IconOverClockBlack|30|30|0.5/>Hypersequence</color>.	20	230	100%				Assets/Product/Texture/Image/UiTheatre6/UiTheatre6SkillIcon/UiTheatre6SkillIcon01.png	1025404				24		1	10251612	3	4000	3	80	40		20000	1	4	22			1	0	0
10255011	1025501	Fleeting End	When <color=#B96716><Icon=IconWrestle|30|30|0.5/>Initiative</color> > {0} (Current: {Attr:4}), DMG multiplier increases by {1}.	Deals increased DMG based on <color=#B96716><Icon=IconWrestleBlack|30|30|0.5/>Initiative</color>.	230	20%					Assets/Product/Texture/Image/UiTheatre6/UiTheatre6SkillIcon/UiTheatre6SkillIcon21.png	1025501						1	10255010	1	1000	3	10	5	20	9000	1	1					0	0
10255012	1025501	Fleeting End	When <color=#B96716><Icon=IconWrestle|30|30|0.5/>Initiative</color> > {0} (Current: {Attr:4}), DMG multiplier increases by {1}.	Deals increased DMG based on <color=#B96716><Icon=IconWrestleBlack|30|30|0.5/>Initiative</color>.	230	25%					Assets/Product/Texture/Image/UiTheatre6/UiTheatre6SkillIcon/UiTheatre6SkillIcon21.png	1025501						2	10255010	1	1500	3	20	10	20	11000	1	1					0	0
10255013	1025501	Fleeting End	When <color=#B96716><Icon=IconWrestle|30|30|0.5/>Initiative</color> > {0} (Current: {Attr:4}), DMG multiplier increases by {1}.	Deals increased DMG based on <color=#B96716><Icon=IconWrestleBlack|30|30|0.5/>Initiative</color>.	230	30%					Assets/Product/Texture/Image/UiTheatre6/UiTheatre6SkillIcon/UiTheatre6SkillIcon21.png	1025501						3	10255010	1	2000	3	40	20	20	14000	1	1					0	0
10255021	1025502	Sundering Pivot	When <color=#516797><Icon=IconOverClock|30|30|0.5/>Hypersequence</color> > {0} (Current: {Attr:5}), DMG multiplier increases by {1}.	Deals increased DMG based on <color=#516797><Icon=IconOverClockBlack|30|30|0.5/>Hypersequence</color>.	230	20%					Assets/Product/Texture/Image/UiTheatre6/UiTheatre6SkillIcon/UiTheatre6SkillIcon25.png	1025502						1	10255020	1	1000	3	10	5	20	9000	1	1					0	0
10255022	1025502	Sundering Pivot	When <color=#516797><Icon=IconOverClock|30|30|0.5/>Hypersequence</color> > {0} (Current: {Attr:5}), DMG multiplier increases by {1}.	Deals increased DMG based on <color=#516797><Icon=IconOverClockBlack|30|30|0.5/>Hypersequence</color>.	230	25%					Assets/Product/Texture/Image/UiTheatre6/UiTheatre6SkillIcon/UiTheatre6SkillIcon25.png	1025502						2	10255020	1	1500	3	20	10	20	11000	1	1					0	0
10255023	1025502	Sundering Pivot	When <color=#516797><Icon=IconOverClock|30|30|0.5/>Hypersequence</color> > {0} (Current: {Attr:5}), DMG multiplier increases by {1}.	Deals increased DMG based on <color=#516797><Icon=IconOverClockBlack|30|30|0.5/>Hypersequence</color>.	230	30%					Assets/Product/Texture/Image/UiTheatre6/UiTheatre6SkillIcon/UiTheatre6SkillIcon25.png	1025502						3	10255020	1	2000	3	40	20	20	14000	1	1					0	0
10255031	1025503	Fleshed Edge	When <color=#6F4877><Icon=IconStamina|30|30|0.5/>Fighting Will</color> > {0} (Current: {Attr:3}), DMG multiplier increases by {1}.	Deals increased DMG based on <color=#6F4877><Icon=IconStaminaBlack|30|30|0.5/>Fighting Will</color>.	120	20%					Assets/Product/Texture/Image/UiTheatre6/UiTheatre6SkillIcon/UiTheatre6SkillIcon24.png	1025503						1	10255030	1	1000	3	10	5	20	9000	1	1					0	0
10255032	1025503	Fleshed Edge	When <color=#6F4877><Icon=IconStamina|30|30|0.5/>Fighting Will</color> > {0} (Current: {Attr:3}), DMG multiplier increases by {1}.	Deals increased DMG based on <color=#6F4877><Icon=IconStaminaBlack|30|30|0.5/>Fighting Will</color>.	120	25%					Assets/Product/Texture/Image/UiTheatre6/UiTheatre6SkillIcon/UiTheatre6SkillIcon24.png	1025503						2	10255030	1	1500	3	20	10	20	11000	1	1					0	0
10255033	1025503	Fleshed Edge	When <color=#6F4877><Icon=IconStamina|30|30|0.5/>Fighting Will</color> > {0} (Current: {Attr:3}), DMG multiplier increases by {1}.	Deals increased DMG based on <color=#6F4877><Icon=IconStaminaBlack|30|30|0.5/>Fighting Will</color>.	120	30%					Assets/Product/Texture/Image/UiTheatre6/UiTheatre6SkillIcon/UiTheatre6SkillIcon24.png	1025503						3	10255030	1	2000	3	40	20	20	14000	1	1					0	0
10255041	1025504	Crushing Upheaval	Inflicts <color=#487F3B><Icon=IconHitFly|30|30|0.5/>Knockback</color> when using this skill for the first time in each battle.	Deals DMG and causes <color=#487F3B><Icon=IconHitFlyBlack|30|30|0.5/>Knockback</color> on first use.							Assets/Product/Texture/Image/UiTheatre6/UiTheatre6SkillIcon/UiTheatre6SkillIcon78.png	1025504				13		1	10255040	1	1000	3	10	5	20	8000	1	1					0	0
10255042	1025504	Crushing Upheaval	Inflicts <color=#487F3B><Icon=IconHitFly|30|30|0.5/>Knockback</color> when using this skill for the first time in each battle.	Deals DMG and causes <color=#487F3B><Icon=IconHitFlyBlack|30|30|0.5/>Knockback</color> on first use.							Assets/Product/Texture/Image/UiTheatre6/UiTheatre6SkillIcon/UiTheatre6SkillIcon78.png	1025504				13		2	10255040	1	1500	3	20	10	20	10000	1	1					0	0
10255043	1025504	Crushing Upheaval	Inflicts <color=#487F3B><Icon=IconHitFly|30|30|0.5/>Knockback</color> when using this skill for the first time in each battle.	Deals DMG and causes <color=#487F3B><Icon=IconHitFlyBlack|30|30|0.5/>Knockback</color> on first use.							Assets/Product/Texture/Image/UiTheatre6/UiTheatre6SkillIcon/UiTheatre6SkillIcon78.png	1025504				13		3	10255040	1	2000	3	40	20	20	12500	1	1					0	0
10255051	1025505	Blazemark	Inflicts {0} stacks of <color=#9B8015><Icon=IconBurning|30|30|0.5/>Burn</color> when using this skill for the first time in each battle.	Deals DMG, and inflicts <color=#B96716><Icon=IconBurningBlack|30|30|0.5/>Burn</color> on first use.	3						Assets/Product/Texture/Image/UiTheatre6/UiTheatre6SkillIcon/UiTheatre6SkillIcon77.png	1025505				12		1	10255050	1	1000	3	10	5	20	8000	1	1					0	0
10255052	1025505	Blazemark	Inflicts {0} stacks of <color=#9B8015><Icon=IconBurning|30|30|0.5/>Burn</color> when using this skill for the first time in each battle.	Deals DMG, and inflicts <color=#B96716><Icon=IconBurningBlack|30|30|0.5/>Burn</color> on first use.	3						Assets/Product/Texture/Image/UiTheatre6/UiTheatre6SkillIcon/UiTheatre6SkillIcon77.png	1025505				12		2	10255050	1	1500	3	20	10	20	10000	1	1					0	0
10255053	1025505	Blazemark	Inflicts {0} stacks of <color=#9B8015><Icon=IconBurning|30|30|0.5/>Burn</color> when using this skill for the first time in each battle.	Deals DMG, and inflicts <color=#B96716><Icon=IconBurningBlack|30|30|0.5/>Burn</color> on first use.	3						Assets/Product/Texture/Image/UiTheatre6/UiTheatre6SkillIcon/UiTheatre6SkillIcon77.png	1025505				12		3	10255050	1	2000	3	40	20	20	12500	1	1					0	0
10255061	1025506	Bladebreach	Always <color=#B96716><Icon=IconCrit|30|30|0.5/>CRIT</color> when using this skill for the first time in each battle.	Deals DMG, with guaranteed <color=#B96716><Icon=IconCritBlack|30|30|0.5/>CRIT</color> on first use.							Assets/Product/Texture/Image/UiTheatre6/UiTheatre6SkillIcon/UiTheatre6SkillIcon16.png	1025506				16		1	10255060	1	1000	3	10	5	20	9000	1	1					0	0
10255062	1025506	Bladebreach	Always <color=#B96716><Icon=IconCrit|30|30|0.5/>CRIT</color> when using this skill for the first time in each battle.	Deals DMG, with guaranteed <color=#B96716><Icon=IconCritBlack|30|30|0.5/>CRIT</color> on first use.							Assets/Product/Texture/Image/UiTheatre6/UiTheatre6SkillIcon/UiTheatre6SkillIcon16.png	1025506				16		2	10255060	1	1500	3	20	10	20	11000	1	1					0	0
10255063	1025506	Bladebreach	Always <color=#B96716><Icon=IconCrit|30|30|0.5/>CRIT</color> when using this skill for the first time in each battle.	Deals DMG, with guaranteed <color=#B96716><Icon=IconCritBlack|30|30|0.5/>CRIT</color> on first use.							Assets/Product/Texture/Image/UiTheatre6/UiTheatre6SkillIcon/UiTheatre6SkillIcon16.png	1025506				16		3	10255060	1	2000	3	40	20	20	14000	1	1					0	0
10255071	1025507	Accrue	The next skill's DMG increases by {0}.	Deals DMG and increases the next skill's DMG.	25%						Assets/Product/Texture/Image/UiTheatre6/UiTheatre6SkillIcon/UiTheatre6SkillIcon13.png	1025507						1	10255070	1	1000	3	10	5	20	8000	1	1					0	0
10255072	1025507	Accrue	The next skill's DMG increases by {0}.	Deals DMG and increases the next skill's DMG.	25%						Assets/Product/Texture/Image/UiTheatre6/UiTheatre6SkillIcon/UiTheatre6SkillIcon13.png	1025507						2	10255070	1	1500	3	20	10	20	10000	1	1					0	0
10255073	1025507	Accrue	The next skill's DMG increases by {0}.	Deals DMG and increases the next skill's DMG.	25%						Assets/Product/Texture/Image/UiTheatre6/UiTheatre6SkillIcon/UiTheatre6SkillIcon13.png	1025507						3	10255070	1	2000	3	40	20	20	12500	1	1					0	0
10255081	1025508	Relentless	This skill's DMG multiplier increases by {1} for every {0} White skills used.	Deals DMG. This Skill's DMG increases for each White Skill used.	1	10%					Assets/Product/Texture/Image/UiTheatre6/UiTheatre6SkillIcon/UiTheatre6SkillIcon71.png	1025508						1	10255080	1	1000	3	10	5	20	7000	1	1					0	0
10255082	1025508	Relentless	This skill's DMG multiplier increases by {1} for every {0} White skills used.	Deals DMG. This Skill's DMG increases for each White Skill used.	1	10%					Assets/Product/Texture/Image/UiTheatre6/UiTheatre6SkillIcon/UiTheatre6SkillIcon71.png	1025508						2	10255080	1	1500	3	20	10	20	9000	1	1					0	0
10255083	1025508	Relentless	This skill's DMG multiplier increases by {1} for every {0} White skills used.	Deals DMG. This Skill's DMG increases for each White Skill used.	1	10%					Assets/Product/Texture/Image/UiTheatre6/UiTheatre6SkillIcon/UiTheatre6SkillIcon71.png	1025508						3	10255080	1	2000	3	40	20	20	11000	1	1					0	0
10255091	1025509	Focused Intent	Gains {0} of the <color=#6F4877><Icon=IconStamina|30|30|0.5/>Fighting Will</color> cost of the next skill used.	Deals DMG and gains some of the <color=#6F4877><Icon=IconStaminaBlack|30|30|0.5/>Fighting Will</color> cost of the next skill used.	20%						Assets/Product/Texture/Image/UiTheatre6/UiTheatre6SkillIcon/UiTheatre6SkillIcon08.png	1025509						1	10255090	1	1000	3	10	5	20	8000	1	1					0	0
10255092	1025509	Focused Intent	Gains {0} of the <color=#6F4877><Icon=IconStamina|30|30|0.5/>Fighting Will</color> cost of the next skill used.	Deals DMG and gains some of the <color=#6F4877><Icon=IconStaminaBlack|30|30|0.5/>Fighting Will</color> cost of the next skill used.	20%						Assets/Product/Texture/Image/UiTheatre6/UiTheatre6SkillIcon/UiTheatre6SkillIcon08.png	1025509						2	10255090	1	1500	3	20	10	20	10000	1	1					0	0
10255093	1025509	Focused Intent	Gains {0} of the <color=#6F4877><Icon=IconStamina|30|30|0.5/>Fighting Will</color> cost of the next skill used.	Deals DMG and gains some of the <color=#6F4877><Icon=IconStaminaBlack|30|30|0.5/>Fighting Will</color> cost of the next skill used.	20%						Assets/Product/Texture/Image/UiTheatre6/UiTheatre6SkillIcon/UiTheatre6SkillIcon08.png	1025509						3	10255090	1	2000	3	40	20	20	12500	1	1					0	0
10255101	1025510	Reaving Outburst	Reduces enemy's <color=#6F4877><Icon=IconStamina|30|30|0.5/>Fighting Will</color> by {0}.	Deals DMG and reduces enemy's <color=#6F4877><Icon=IconStaminaBlack|30|30|0.5/>Fighting Will</color>.	10						Assets/Product/Texture/Image/UiTheatre6/UiTheatre6SkillIcon/UiTheatre6SkillIcon70.png	1025510						1	10255100	1	1000	3	10	5	20	6000	1	1					0	0
10255102	1025510	Reaving Outburst	Reduces enemy's <color=#6F4877><Icon=IconStamina|30|30|0.5/>Fighting Will</color> by {0}.	Deals DMG and reduces enemy's <color=#6F4877><Icon=IconStaminaBlack|30|30|0.5/>Fighting Will</color>.	10						Assets/Product/Texture/Image/UiTheatre6/UiTheatre6SkillIcon/UiTheatre6SkillIcon70.png	1025510						2	10255100	1	1500	3	20	10	20	7500	1	1					0	0
10255103	1025510	Reaving Outburst	Reduces enemy's <color=#6F4877><Icon=IconStamina|30|30|0.5/>Fighting Will</color> by {0}.	Deals DMG and reduces enemy's <color=#6F4877><Icon=IconStaminaBlack|30|30|0.5/>Fighting Will</color>.	10						Assets/Product/Texture/Image/UiTheatre6/UiTheatre6SkillIcon/UiTheatre6SkillIcon70.png	1025510						3	10255100	1	2000	3	40	20	20	9500	1	1					0	0
10255111	1025511	Honed Edge	Increases <color=#516797><Icon=IconOverClock|30|30|0.5/>Hypersequence</color> by {0}.	Deals DMG and restores <color=#516797><Icon=IconOverClockBlack|30|30|0.5/>Hypersequence</color>.	10						Assets/Product/Texture/Image/UiTheatre6/UiTheatre6SkillIcon/UiTheatre6SkillIcon74.png	1025511						1	10255110	1	1000	3	10	5	20	8000	1	1					0	0
10255112	1025511	Honed Edge	Increases <color=#516797><Icon=IconOverClock|30|30|0.5/>Hypersequence</color> by {0}.	Deals DMG and restores <color=#516797><Icon=IconOverClockBlack|30|30|0.5/>Hypersequence</color>.	10						Assets/Product/Texture/Image/UiTheatre6/UiTheatre6SkillIcon/UiTheatre6SkillIcon74.png	1025511						2	10255110	1	1500	3	20	10	20	10000	1	1					0	0
10255113	1025511	Honed Edge	Increases <color=#516797><Icon=IconOverClock|30|30|0.5/>Hypersequence</color> by {0}.	Deals DMG and restores <color=#516797><Icon=IconOverClockBlack|30|30|0.5/>Hypersequence</color>.	10						Assets/Product/Texture/Image/UiTheatre6/UiTheatre6SkillIcon/UiTheatre6SkillIcon74.png	1025511						3	10255110	1	2000	3	40	20	20	12500	1	1					0	0
10255121	1025512	Basic Attack	Deals DMG.	Damage Dealt							Assets/Product/Texture/Image/UiTheatre6/UiTheatre6FightSkillEmptyBg.png	1025512						1		1	1000	3	10	5	20	10000	1	1				1	0	0
10255131	1025513	Basic Attack	Deals DMG.	Damage Dealt							Assets/Product/Texture/Image/UiTheatre6/UiTheatre6FightSkillEmptyBg.png	1025513						1		1	1000	3	10	5	20	10000	1	1				1	0	0
10255141	1025514	Basic Attack	Deals DMG.	Damage Dealt							Assets/Product/Texture/Image/UiTheatre6/UiTheatre6FightSkillEmptyBg.png	1025514						1		1	1000	3	10	5	20	10000	1	1				1	0	0
10255151	1025515	Basic Attack	Deals DMG.	Damage Dealt							Assets/Product/Texture/Image/UiTheatre6/UiTheatre6FightSkillEmptyBg.png	1025515						1		1	1000	3	10	5	20	10000	1	1				1	0	0
10261011	1026101	Swift Gale	When using this skill for the first {0} times, inflicts <color=#487F3B><Icon=IconHitDown|30|30|0.5/>Knockdown</color>, and DMG multiplier increases by {1}.	Deals DMG and inflicts <color=#487F3B><Icon=IconHitDownBlack|30|30|0.5/>Knockdown</color>.	2	80%					Assets/Product/Texture/Image/UiTheatre6/UiTheatre6SkillIcon/UiTheatre6SkillIcon35.png	1026191	1026192	1026193		14		1	10261010	1	2000	2	20	10	25	16000	1	2					0	0
10261012	1026101	Swift Gale	When using this skill for the first {0} times, inflicts <color=#487F3B><Icon=IconHitDown|30|30|0.5/>Knockdown</color>, and DMG multiplier increases by {1}.	Deals DMG and inflicts <color=#487F3B><Icon=IconHitDownBlack|30|30|0.5/>Knockdown</color>.	2	80%					Assets/Product/Texture/Image/UiTheatre6/UiTheatre6SkillIcon/UiTheatre6SkillIcon35.png	1026191	1026192	1026193		14		2	10261010	1	3000	2	40	20	25	18000	1	2					0	0
10261013	1026101	Swift Gale	When using this skill for the first {0} times, inflicts <color=#487F3B><Icon=IconHitDown|30|30|0.5/>Knockdown</color>, and DMG multiplier increases by {1}.	Deals DMG and inflicts <color=#487F3B><Icon=IconHitDownBlack|30|30|0.5/>Knockdown</color>.	2	80%					Assets/Product/Texture/Image/UiTheatre6/UiTheatre6SkillIcon/UiTheatre6SkillIcon35.png	1026191	1026192	1026193		14		3	10261010	1	4000	2	80	40	25	20000	1	2					0	0
10261021	1026102	Savage Blade	Gains {0} <color=#9F3232><Icon=IconAnger|30|30|0.5/>Rage</color>.\n\nWhile in <color=#9F3232><Icon=IconAngry|30|30|0.5/>Berserk</color>, consumes {1} <color=#9F3232><Icon=IconAnger|30|30|0.5/>Rage</color> and increases DMG multiplier by {2}.	Deals DMG and gains <color=#9F3232><Icon=IconAngerBlack|30|30|0.5/>Rage</color>. While <color=#9F3232><Icon=IconAngryBlack|30|30|0.5/>Berserk</color> is active, consumes <color=#9F3232><Icon=IconAngerBlack|30|30|0.5/>Rage</color>.	10	30	80%				Assets/Product/Texture/Image/UiTheatre6/UiTheatre6SkillIcon/UiTheatre6SkillIcon36.png	1026194	1026195	1026196		20		1	10261020	1	2000	2	20	10	20	16000	1	2	19				0	0
10261022	1026102	Savage Blade	Gains {0} <color=#9F3232><Icon=IconAnger|30|30|0.5/>Rage</color>.\n\nWhile in <color=#9F3232><Icon=IconAngry|30|30|0.5/>Berserk</color>, consumes {1} <color=#9F3232><Icon=IconAnger|30|30|0.5/>Rage</color> and increases DMG multiplier by {2}.	Deals DMG and gains <color=#9F3232><Icon=IconAngerBlack|30|30|0.5/>Rage</color>. While <color=#9F3232><Icon=IconAngryBlack|30|30|0.5/>Berserk</color> is active, consumes <color=#9F3232><Icon=IconAngerBlack|30|30|0.5/>Rage</color>.	10	30	100%				Assets/Product/Texture/Image/UiTheatre6/UiTheatre6SkillIcon/UiTheatre6SkillIcon36.png	1026194	1026195	1026196		20		2	10261020	1	3000	2	40	20	20	18000	1	2	19				0	0
10261023	1026102	Savage Blade	Gains {0} <color=#9F3232><Icon=IconAnger|30|30|0.5/>Rage</color>.\n\nWhile in <color=#9F3232><Icon=IconAngry|30|30|0.5/>Berserk</color>, consumes {1} <color=#9F3232><Icon=IconAnger|30|30|0.5/>Rage</color> and increases DMG multiplier by {2}.	Deals DMG and gains <color=#9F3232><Icon=IconAngerBlack|30|30|0.5/>Rage</color>. While <color=#9F3232><Icon=IconAngryBlack|30|30|0.5/>Berserk</color> is active, consumes <color=#9F3232><Icon=IconAngerBlack|30|30|0.5/>Rage</color>.	10	30	120%				Assets/Product/Texture/Image/UiTheatre6/UiTheatre6SkillIcon/UiTheatre6SkillIcon36.png	1026194	1026195	1026196		20		3	10261020	1	4000	2	80	40	20	20000	1	2	19				0	0
10261031	1026103	Fury Ward	Consumes {0} <color=#516797><Icon=IconOverClock|30|30|0.5/>Hypersequence</color> to gain {1} stacks of <color=#516797><<Icon=IconBlock|30|30|0.5/>Block></color>.\n\nInflicts <color=#487F3B><Icon=IconHitDown|30|30|0.5/>Knockdown</color>.	Deals DMG and inflicts <color=#487F3B><Icon=IconHitDownBlack|30|30|0.5/>Knockdown</color>, then consumes <color=#516797><Icon=IconOverClockBlack|30|30|0.5/>Hypersequence</color> to gain <color=#516797><<Icon=IconBlockBlack|30|30|0.5/>Block</color>.	20	1					Assets/Product/Texture/Image/UiTheatre6/UiTheatre6SkillIcon/UiTheatre6SkillIcon37.png	1026199				18	14	1	10261030	1	2000	2	20	10	25	18000	1	2					0	0
10261032	1026103	Fury Ward	Consumes {0} <color=#516797><Icon=IconOverClock|30|30|0.5/>Hypersequence</color> to gain {1} stacks of <color=#516797><<Icon=IconBlock|30|30|0.5/>Block></color>.\n\nInflicts <color=#487F3B><Icon=IconHitDown|30|30|0.5/>Knockdown</color>.	Deals DMG and inflicts <color=#487F3B><Icon=IconHitDownBlack|30|30|0.5/>Knockdown</color>, then consumes <color=#516797><Icon=IconOverClockBlack|30|30|0.5/>Hypersequence</color> to gain <color=#516797><<Icon=IconBlockBlack|30|30|0.5/>Block</color>.	20	1					Assets/Product/Texture/Image/UiTheatre6/UiTheatre6SkillIcon/UiTheatre6SkillIcon37.png	1026199				18	14	2	10261030	1	3000	2	40	20	25	22000	1	2					0	0
10261033	1026103	Fury Ward	Consumes {0} <color=#516797><Icon=IconOverClock|30|30|0.5/>Hypersequence</color> to gain {1} stacks of <color=#516797><<Icon=IconBlock|30|30|0.5/>Block></color>.\n\nInflicts <color=#487F3B><Icon=IconHitDown|30|30|0.5/>Knockdown</color>.	Deals DMG and inflicts <color=#487F3B><Icon=IconHitDownBlack|30|30|0.5/>Knockdown</color>, then consumes <color=#516797><Icon=IconOverClockBlack|30|30|0.5/>Hypersequence</color> to gain <color=#516797><<Icon=IconBlockBlack|30|30|0.5/>Block</color>.	20	1					Assets/Product/Texture/Image/UiTheatre6/UiTheatre6SkillIcon/UiTheatre6SkillIcon37.png	1026199				18	14	3	10261030	1	4000	2	80	40	25	28000	1	2					0	0
10261041	1026104	Apex Vanguard	While <color=#9F3232><Icon=IconAngry|30|30|0.5/>Berserk</color> is active, gains {0} stacks of <color=#516797><<Icon=IconBlock|30|30|0.5/>Block></color>.	Deals DMG. While <color=#9F3232><Icon=IconAngryBlack|30|30|0.5/>Berserk</color> is active, gains <color=#516797><<Icon=IconBlockBlack|30|30|0.5/>Block></color>.	1						Assets/Product/Texture/Image/UiTheatre6/UiTheatre6SkillIcon/UiTheatre6SkillIcon34.png	1026197				20	18	1	10261040	1	2000	2	20	10	20	18000	1	2	19				0	0
10261042	1026104	Apex Vanguard	While <color=#9F3232><Icon=IconAngry|30|30|0.5/>Berserk</color> is active, gains {0} stacks of <color=#516797><<Icon=IconBlock|30|30|0.5/>Block></color>.	Deals DMG. While <color=#9F3232><Icon=IconAngryBlack|30|30|0.5/>Berserk</color> is active, gains <color=#516797><<Icon=IconBlockBlack|30|30|0.5/>Block></color>.	1						Assets/Product/Texture/Image/UiTheatre6/UiTheatre6SkillIcon/UiTheatre6SkillIcon34.png	1026197				20	18	2	10261040	1	3000	2	40	20	20	22000	1	2	19				0	0
10261043	1026104	Apex Vanguard	While <color=#9F3232><Icon=IconAngry|30|30|0.5/>Berserk</color> is active, gains {0} stacks of <color=#516797><<Icon=IconBlock|30|30|0.5/>Block></color>.	Deals DMG. While <color=#9F3232><Icon=IconAngryBlack|30|30|0.5/>Berserk</color> is active, gains <color=#516797><<Icon=IconBlockBlack|30|30|0.5/>Block></color>.	1						Assets/Product/Texture/Image/UiTheatre6/UiTheatre6SkillIcon/UiTheatre6SkillIcon34.png	1026197				20	18	3	10261040	1	4000	2	80	40	20	28000	1	2	19				0	0
10261051	1026105	Frostfall	While possessing <color=#516797><<Icon=IconBlock|30|30|0.5/>Block></color>, inflicts <color=#487F3B><Icon=IconHitDown|30|30|0.5/>Knockdown</color> and gains {0} <color=#9F3232><Icon=IconAnger|30|30|0.5/>Rage</color>.	Deals DMG. While possessing <color=#516797><<Icon=IconBlockBlack|30|30|0.5/>Block></color>, inflicts <color=#487F3B><Icon=IconHitDownBlack|30|30|0.5/>Knockdown</color> and gains <color=#9F3232><Icon=IconAngerBlack|30|30|0.5/>Rage</color>.	20						Assets/Product/Texture/Image/UiTheatre6/UiTheatre6SkillIcon/UiTheatre6SkillIcon72.png	1026502				14	20	1	10261050	1	2000	2	20	10	20	14000	1	2	18	19			0	0
10261052	1026105	Frostfall	While possessing <color=#516797><<Icon=IconBlock|30|30|0.5/>Block></color>, inflicts <color=#487F3B><Icon=IconHitDown|30|30|0.5/>Knockdown</color> and gains {0} <color=#9F3232><Icon=IconAnger|30|30|0.5/>Rage</color>.	Deals DMG. While possessing <color=#516797><<Icon=IconBlockBlack|30|30|0.5/>Block></color>, inflicts <color=#487F3B><Icon=IconHitDownBlack|30|30|0.5/>Knockdown</color> and gains <color=#9F3232><Icon=IconAngerBlack|30|30|0.5/>Rage</color>.	20						Assets/Product/Texture/Image/UiTheatre6/UiTheatre6SkillIcon/UiTheatre6SkillIcon72.png	1026502				14	20	2	10261050	1	3000	2	40	20	20	18000	1	2	18	19			0	0
10261053	1026105	Frostfall	While possessing <color=#516797><<Icon=IconBlock|30|30|0.5/>Block></color>, inflicts <color=#487F3B><Icon=IconHitDown|30|30|0.5/>Knockdown</color> and gains {0} <color=#9F3232><Icon=IconAnger|30|30|0.5/>Rage</color>.	Deals DMG. While possessing <color=#516797><<Icon=IconBlockBlack|30|30|0.5/>Block></color>, inflicts <color=#487F3B><Icon=IconHitDownBlack|30|30|0.5/>Knockdown</color> and gains <color=#9F3232><Icon=IconAngerBlack|30|30|0.5/>Rage</color>.	20						Assets/Product/Texture/Image/UiTheatre6/UiTheatre6SkillIcon/UiTheatre6SkillIcon72.png	1026502				14	20	3	10261050	1	4000	2	80	40	20	23000	1	2	18	19			0	0
10261061	1026106	Frozen Edge	Gains {0} <color=#9F3232><Icon=IconAnger|30|30|0.5/>Rage</color> if the previous skill inflicted <color=#487F3B><Icon=IconHitDown|30|30|0.5/>Knockdown</color>.\n\nWhile <color=#9F3232><Icon=IconAngry|30|30|0.5/>Berserk</color> is active, additionally inflicts <color=#487F3B><Icon=IconHitDown|30|30|0.5/>Knockdown</color>.	Gains <color=#9F3232><Icon=IconAngerBlack|30|30|0.5/>Rage</color> if the previous skill inflicted <color=#487F3B><Icon=IconHitDownBlack|30|30|0.5/>Knockdown</color>. While <color=#9F3232><Icon=IconAngryBlack|30|30|0.5/>Berserk</color> is active, inflicts <color=#487F3B><Icon=IconHitDownBlack|30|30|0.5/>Knockdown</color>.	20						Assets/Product/Texture/Image/UiTheatre6/UiTheatre6SkillIcon/UiTheatre6SkillIcon73.png	1026503	1026504	1026505		14	20	1	10261060	1	2000	2	20	10	20	14000	1	2	19				0	0
10261062	1026106	Frozen Edge	Gains {0} <color=#9F3232><Icon=IconAnger|30|30|0.5/>Rage</color> if the previous skill inflicted <color=#487F3B><Icon=IconHitDown|30|30|0.5/>Knockdown</color>.\n\nWhile <color=#9F3232><Icon=IconAngry|30|30|0.5/>Berserk</color> is active, additionally inflicts <color=#487F3B><Icon=IconHitDown|30|30|0.5/>Knockdown</color>.	Gains <color=#9F3232><Icon=IconAngerBlack|30|30|0.5/>Rage</color> if the previous skill inflicted <color=#487F3B><Icon=IconHitDownBlack|30|30|0.5/>Knockdown</color>. While <color=#9F3232><Icon=IconAngryBlack|30|30|0.5/>Berserk</color> is active, inflicts <color=#487F3B><Icon=IconHitDownBlack|30|30|0.5/>Knockdown</color>.	20						Assets/Product/Texture/Image/UiTheatre6/UiTheatre6SkillIcon/UiTheatre6SkillIcon73.png	1026503	1026504	1026505		14	20	2	10261060	1	3000	2	40	20	20	18000	1	2	19				0	0
10261063	1026106	Frozen Edge	Gains {0} <color=#9F3232><Icon=IconAnger|30|30|0.5/>Rage</color> if the previous skill inflicted <color=#487F3B><Icon=IconHitDown|30|30|0.5/>Knockdown</color>.\n\nWhile <color=#9F3232><Icon=IconAngry|30|30|0.5/>Berserk</color> is active, additionally inflicts <color=#487F3B><Icon=IconHitDown|30|30|0.5/>Knockdown</color>.	Gains <color=#9F3232><Icon=IconAngerBlack|30|30|0.5/>Rage</color> if the previous skill inflicted <color=#487F3B><Icon=IconHitDownBlack|30|30|0.5/>Knockdown</color>. While <color=#9F3232><Icon=IconAngryBlack|30|30|0.5/>Berserk</color> is active, inflicts <color=#487F3B><Icon=IconHitDownBlack|30|30|0.5/>Knockdown</color>.	20						Assets/Product/Texture/Image/UiTheatre6/UiTheatre6SkillIcon/UiTheatre6SkillIcon73.png	1026503	1026504	1026505		14	20	3	10261060	1	4000	2	80	40	20	23000	1	2	19				0	0
10261071	1026107	Frigid Silence	When <color=#B96716><Icon=IconWrestle|30|30|0.5/>Initiative</color> > {0} (Current: {Attr:4}), reduces enemy's <color=#516797><Icon=IconOverClock|30|30|0.5/>Hypersequence</color> by {1}.\n\nGains {3} <color=#9F3232><Icon=IconAnger|30|30|0.5/>Rage</color> for every {2} <color=#9F3232><Icon=IconAnger|30|30|0.5/>Rage</color> possessed.	Reduces enemy's <color=#516797><Icon=IconOverClockBlack|30|30|0.5/>Hypersequence</color> based on <color=#B96716><Icon=IconWrestleBlack|30|30|0.5/>Initiative</color>, and gains <color=#9F3232><Icon=IconAngerBlack|30|30|0.5/>Rage</color> based on current <color=#9F3232><Icon=IconAngerBlack|30|30|0.5/>Rage</color>.	300	20	4	1			Assets/Product/Texture/Image/UiTheatre6/UiTheatre6SkillIcon/UiTheatre6SkillIcon29.png	1026506	1026507	1026508		20		1	10261070	1	2000	2	20	10	25	15000	1	2	19				0	0
10261072	1026107	Frigid Silence	When <color=#B96716><Icon=IconWrestle|30|30|0.5/>Initiative</color> > {0} (Current: {Attr:4}), reduces enemy's <color=#516797><Icon=IconOverClock|30|30|0.5/>Hypersequence</color> by {1}.\n\nGains {3} <color=#9F3232><Icon=IconAnger|30|30|0.5/>Rage</color> for every {2} <color=#9F3232><Icon=IconAnger|30|30|0.5/>Rage</color> possessed.	Reduces enemy's <color=#516797><Icon=IconOverClockBlack|30|30|0.5/>Hypersequence</color> based on <color=#B96716><Icon=IconWrestleBlack|30|30|0.5/>Initiative</color>, and gains <color=#9F3232><Icon=IconAngerBlack|30|30|0.5/>Rage</color> based on current <color=#9F3232><Icon=IconAngerBlack|30|30|0.5/>Rage</color>.	300	20	4	1			Assets/Product/Texture/Image/UiTheatre6/UiTheatre6SkillIcon/UiTheatre6SkillIcon29.png	1026506	1026507	1026508		20		2	10261070	1	3000	2	40	20	25	18000	1	2	19				0	0
10261073	1026107	Frigid Silence	When <color=#B96716><Icon=IconWrestle|30|30|0.5/>Initiative</color> > {0} (Current: {Attr:4}), reduces enemy's <color=#516797><Icon=IconOverClock|30|30|0.5/>Hypersequence</color> by {1}.\n\nGains {3} <color=#9F3232><Icon=IconAnger|30|30|0.5/>Rage</color> for every {2} <color=#9F3232><Icon=IconAnger|30|30|0.5/>Rage</color> possessed.	Reduces enemy's <color=#516797><Icon=IconOverClockBlack|30|30|0.5/>Hypersequence</color> based on <color=#B96716><Icon=IconWrestleBlack|30|30|0.5/>Initiative</color>, and gains <color=#9F3232><Icon=IconAngerBlack|30|30|0.5/>Rage</color> based on current <color=#9F3232><Icon=IconAngerBlack|30|30|0.5/>Rage</color>.	300	20	4	1			Assets/Product/Texture/Image/UiTheatre6/UiTheatre6SkillIcon/UiTheatre6SkillIcon29.png	1026506	1026507	1026508		20		3	10261070	1	4000	2	80	40	25	21000	1	2	19				0	0
10261081	1026108	Fierce Slash	While <color=#9F3232><Icon=IconAngry|30|30|0.5/>Berserk</color> is active, consumes all <color=#9F3232><Icon=IconAnger|30|30|0.5/>Rage</color>. DMG multiplier increases by {1} for every {0} <color=#9F3232><Icon=IconAnger|30|30|0.5/>Rage</color> consumed.	While <color=#9F3232><Icon=IconAngryBlack|30|30|0.5/>Berserk</color> is active, consumes all <color=#9F3232><Icon=IconAngerBlack|30|30|0.5/>Rage</color> and deals DMG based on the amount consumed.	1	2%					Assets/Product/Texture/Image/UiTheatre6/UiTheatre6SkillIcon/UiTheatre6SkillIcon56.png	1026509				20		1	10261080	1	2000	2	20	10	25	12000	1	2	19				0	0
10261082	1026108	Fierce Slash	While <color=#9F3232><Icon=IconAngry|30|30|0.5/>Berserk</color> is active, consumes all <color=#9F3232><Icon=IconAnger|30|30|0.5/>Rage</color>. DMG multiplier increases by {1} for every {0} <color=#9F3232><Icon=IconAnger|30|30|0.5/>Rage</color> consumed.	While <color=#9F3232><Icon=IconAngryBlack|30|30|0.5/>Berserk</color> is active, consumes all <color=#9F3232><Icon=IconAngerBlack|30|30|0.5/>Rage</color> and deals DMG based on the amount consumed.	1	3%					Assets/Product/Texture/Image/UiTheatre6/UiTheatre6SkillIcon/UiTheatre6SkillIcon56.png	1026509				20		2	10261080	1	3000	2	40	20	25	15000	1	2	19				0	0
10261083	1026108	Fierce Slash	While <color=#9F3232><Icon=IconAngry|30|30|0.5/>Berserk</color> is active, consumes all <color=#9F3232><Icon=IconAnger|30|30|0.5/>Rage</color>. DMG multiplier increases by {1} for every {0} <color=#9F3232><Icon=IconAnger|30|30|0.5/>Rage</color> consumed.	While <color=#9F3232><Icon=IconAngryBlack|30|30|0.5/>Berserk</color> is active, consumes all <color=#9F3232><Icon=IconAngerBlack|30|30|0.5/>Rage</color> and deals DMG based on the amount consumed.	1	4%					Assets/Product/Texture/Image/UiTheatre6/UiTheatre6SkillIcon/UiTheatre6SkillIcon56.png	1026509				20		3	10261080	1	4000	2	80	40	25	18000	1	2	19				0	0
10261091	1026109	Mutual Ruin	Reduces both sides' <color=#6F4877><Icon=IconStamina|30|30|0.5/>Fighting Will</color> by {0}.\n\nGains {1} stacks of <color=#B96716><<Icon=IconCrit|30|30|0.5/>CRIT></color>.	Deals DMG, reduces both sides' <color=#6F4877><Icon=IconStaminaBlack|30|30|0.5/>Fighting Will</color>, and gains <color=#B96716><<Icon=IconCritBlack|30|30|0.5/>CRIT></color>.	10	1					Assets/Product/Texture/Image/UiTheatre6/UiTheatre6SkillIcon/UiTheatre6SkillIcon64.png	1026510				16		1	10261090	1	2000	2	20	10	20	12000	1	2					0	0
10261092	1026109	Mutual Ruin	Reduces both sides' <color=#6F4877><Icon=IconStamina|30|30|0.5/>Fighting Will</color> by {0}.\n\nGains {1} stacks of <color=#B96716><<Icon=IconCrit|30|30|0.5/>CRIT></color>.	Deals DMG, reduces both sides' <color=#6F4877><Icon=IconStaminaBlack|30|30|0.5/>Fighting Will</color>, and gains <color=#B96716><<Icon=IconCritBlack|30|30|0.5/>CRIT></color>.	10	1					Assets/Product/Texture/Image/UiTheatre6/UiTheatre6SkillIcon/UiTheatre6SkillIcon64.png	1026510				16		2	10261090	1	3000	2	40	20	20	15000	1	2					0	0
10261093	1026109	Mutual Ruin	Reduces both sides' <color=#6F4877><Icon=IconStamina|30|30|0.5/>Fighting Will</color> by {0}.\n\nGains {1} stacks of <color=#B96716><<Icon=IconCrit|30|30|0.5/>CRIT></color>.	Deals DMG, reduces both sides' <color=#6F4877><Icon=IconStaminaBlack|30|30|0.5/>Fighting Will</color>, and gains <color=#B96716><<Icon=IconCritBlack|30|30|0.5/>CRIT></color>.	10	1					Assets/Product/Texture/Image/UiTheatre6/UiTheatre6SkillIcon/UiTheatre6SkillIcon64.png	1026510				16		3	10261090	1	4000	2	80	40	20	18000	1	2					0	0
10261101	1026110	Solemnity	When <color=#6F4877><Icon=IconStamina|30|30|0.5/>Fighting Will</color> > {0} (Current: {Attr:3}), consumes {1} <color=#6F4877><Icon=IconStamina|30|30|0.5/>Fighting Will</color> and gains {2} stacks of <color=#516797><<Icon=IconBlock|30|30|0.5/>Block></color>.	Deals DMG and gains <color=#516797><</color><Icon=IconBlockBlack|30|30|0.5/><color=#516797>Block></color> based on <color=#6F4877><Icon=IconStaminaBlack|30|30|0.5/>Fighting Will</color>.	120	20	2				Assets/Product/Texture/Image/UiTheatre6/UiTheatre6SkillIcon/UiTheatre6SkillIcon67.png	1026511	1026512	1026513		25	18	1	10261100	1	2000	2	20	10	30	18000	1	2					0	0
10261102	1026110	Solemnity	When <color=#6F4877><Icon=IconStamina|30|30|0.5/>Fighting Will</color> > {0} (Current: {Attr:3}), consumes {1} <color=#6F4877><Icon=IconStamina|30|30|0.5/>Fighting Will</color> and gains {2} stacks of <color=#516797><<Icon=IconBlock|30|30|0.5/>Block></color>.	Deals DMG and gains <color=#516797><</color><Icon=IconBlockBlack|30|30|0.5/><color=#516797>Block></color> based on <color=#6F4877><Icon=IconStaminaBlack|30|30|0.5/>Fighting Will</color>.	120	20	2				Assets/Product/Texture/Image/UiTheatre6/UiTheatre6SkillIcon/UiTheatre6SkillIcon67.png	1026511	1026512	1026513		25	18	2	10261100	1	3000	2	40	20	30	24000	1	2					0	0
10261103	1026110	Solemnity	When <color=#6F4877><Icon=IconStamina|30|30|0.5/>Fighting Will</color> > {0} (Current: {Attr:3}), consumes {1} <color=#6F4877><Icon=IconStamina|30|30|0.5/>Fighting Will</color> and gains {2} stacks of <color=#516797><<Icon=IconBlock|30|30|0.5/>Block></color>.	Deals DMG and gains <color=#516797><</color><Icon=IconBlockBlack|30|30|0.5/><color=#516797>Block></color> based on <color=#6F4877><Icon=IconStaminaBlack|30|30|0.5/>Fighting Will</color>.	120	20	2				Assets/Product/Texture/Image/UiTheatre6/UiTheatre6SkillIcon/UiTheatre6SkillIcon67.png	1026511	1026512	1026513		25	18	3	10261100	1	4000	2	80	40	30	30000	1	2					0	0
10261111	1026111	Whetted Blade	If <color=#516797><<Icon=IconBlock|30|30|0.5/>Block></color> stacks >= {0}, DMG multiplier increases by {2} for every {1} <color=#6F4877><Icon=IconStamina|30|30|0.5/>Fighting Will</color> (Current: {Attr:3}).	Deals increased DMG based on <color=#516797><<Icon=IconBlockBlack|30|30|0.5/>Block></color> stacks and <color=#6F4877><Icon=IconStaminaBlack|30|30|0.5/>Fighting Will</color>.	3	10	5%				Assets/Product/Texture/Image/UiTheatre6/UiTheatre6SkillIcon/UiTheatre6SkillIcon06.png	1026514	1026515	1026516		25	18	1	10261110	1	2000	2	20	10	25	12000	1	2					0	0
10261112	1026111	Whetted Blade	If <color=#516797><<Icon=IconBlock|30|30|0.5/>Block></color> stacks >= {0}, DMG multiplier increases by {2} for every {1} <color=#6F4877><Icon=IconStamina|30|30|0.5/>Fighting Will</color> (Current: {Attr:3}).	Deals increased DMG based on <color=#516797><<Icon=IconBlockBlack|30|30|0.5/>Block></color> stacks and <color=#6F4877><Icon=IconStaminaBlack|30|30|0.5/>Fighting Will</color>.	3	10	10%				Assets/Product/Texture/Image/UiTheatre6/UiTheatre6SkillIcon/UiTheatre6SkillIcon06.png	1026514	1026515	1026516		25	18	2	10261110	1	3000	2	40	20	25	12000	1	2					0	0
10261113	1026111	Whetted Blade	If <color=#516797><<Icon=IconBlock|30|30|0.5/>Block></color> stacks >= {0}, DMG multiplier increases by {2} for every {1} <color=#6F4877><Icon=IconStamina|30|30|0.5/>Fighting Will</color> (Current: {Attr:3}).	Deals increased DMG based on <color=#516797><<Icon=IconBlockBlack|30|30|0.5/>Block></color> stacks and <color=#6F4877><Icon=IconStaminaBlack|30|30|0.5/>Fighting Will</color>.	3	10	15%				Assets/Product/Texture/Image/UiTheatre6/UiTheatre6SkillIcon/UiTheatre6SkillIcon06.png	1026514	1026515	1026516		25	18	3	10261110	1	4000	2	80	40	25	12000	1	2					0	0
10261121	1026112	Final Severance	Consumes {0} <color=#6F4877><Icon=IconStamina|30|30|0.5/>Fighting Will</color>. DMG multiplier increases by {2} for every {1} <color=#6F4877><Icon=IconStamina|30|30|0.5/>Fighting Will</color> consumed.	Deals increased DMG based on <color=#6F4877><Icon=IconStaminaBlack|30|30|0.5/>Fighting Will</color> consumed.	20%	1	12%				Assets/Product/Texture/Image/UiTheatre6/UiTheatre6SkillIcon/UiTheatre6SkillIcon41.png	1026198				25		1	10261120	1	2000	2	20	10	20	8000	1	2					0	0
10261122	1026112	Final Severance	Consumes {0} <color=#6F4877><Icon=IconStamina|30|30|0.5/>Fighting Will</color>. DMG multiplier increases by {2} for every {1} <color=#6F4877><Icon=IconStamina|30|30|0.5/>Fighting Will</color> consumed.	Deals increased DMG based on <color=#6F4877><Icon=IconStaminaBlack|30|30|0.5/>Fighting Will</color> consumed.	20%	1	16%				Assets/Product/Texture/Image/UiTheatre6/UiTheatre6SkillIcon/UiTheatre6SkillIcon41.png	1026198				25		2	10261120	1	3000	2	40	20	20	8000	1	2					0	0
10261123	1026112	Final Severance	Consumes {0} <color=#6F4877><Icon=IconStamina|30|30|0.5/>Fighting Will</color>. DMG multiplier increases by {2} for every {1} <color=#6F4877><Icon=IconStamina|30|30|0.5/>Fighting Will</color> consumed.	Deals increased DMG based on <color=#6F4877><Icon=IconStaminaBlack|30|30|0.5/>Fighting Will</color> consumed.	20%	1	20%				Assets/Product/Texture/Image/UiTheatre6/UiTheatre6SkillIcon/UiTheatre6SkillIcon41.png	1026198				25		3	10261120	1	4000	2	80	40	20	8000	1	2					0	0
10262011	1026201	Severed Gale	<b><color=#E7D09A>After inflicting {0} instances of </color><color=#487F3B><Icon=IconHitDown|30|30|0.5/>Knockdown</color><color=#E7D09A>:</color></b>\n\nInflicts <color=#487F3B><Icon=IconHitDown|30|30|0.5/>Knockdown</color> if the enemy hasn't acted throughout the battle.\n\nReduces the enemy's <color=#516797><Icon=IconOverClock|30|30|0.5/>Hypersequence</color> by {2} for every {1} <color=#B96716><Icon=IconWrestle|30|30|0.5/>Initiative</color> (Current: {Attr:4}).	When inflicting <color=#487F3B><Icon=IconHitDownBlack|30|30|0.5/>Knockdown</color>, additionally inflicts <color=#487F3B><Icon=IconHitDownBlack|30|30|0.5/>Knockdown</color> and reduces enemy's <color=#516797><Icon=IconOverClockBlack|30|30|0.5/>Hypersequence</color> if the enemy hasn't acted this round.	3	16	1				Assets/Product/Texture/Image/UiTheatre6/UiTheatre6SkillIcon/UiTheatre6SkillIcon51.png	1026201				14	23	1	10262010	4	3000	2	40	20		5000	1	3					0	0
10262012	1026201	Severed Gale	<b><color=#E7D09A>After inflicting {0} instances of </color><color=#487F3B><Icon=IconHitDown|30|30|0.5/>Knockdown</color><color=#E7D09A>:</color></b>\n\nInflicts <color=#487F3B><Icon=IconHitDown|30|30|0.5/>Knockdown</color> if the enemy hasn't acted throughout the battle.\n\nReduces the enemy's <color=#516797><Icon=IconOverClock|30|30|0.5/>Hypersequence</color> by {2} for every {1} <color=#B96716><Icon=IconWrestle|30|30|0.5/>Initiative</color> (Current: {Attr:4}).	When inflicting <color=#487F3B><Icon=IconHitDownBlack|30|30|0.5/>Knockdown</color>, additionally inflicts <color=#487F3B><Icon=IconHitDownBlack|30|30|0.5/>Knockdown</color> and reduces enemy's <color=#516797><Icon=IconOverClockBlack|30|30|0.5/>Hypersequence</color> if the enemy hasn't acted this round.	3	14	1				Assets/Product/Texture/Image/UiTheatre6/UiTheatre6SkillIcon/UiTheatre6SkillIcon51.png	1026201				14	23	2	10262010	4	4500	2	80	40		5000	1	3					0	0
10262013	1026201	Severed Gale	<b><color=#E7D09A>After inflicting {0} instances of </color><color=#487F3B><Icon=IconHitDown|30|30|0.5/>Knockdown</color><color=#E7D09A>:</color></b>\n\nInflicts <color=#487F3B><Icon=IconHitDown|30|30|0.5/>Knockdown</color> if the enemy hasn't acted throughout the battle.\n\nReduces the enemy's <color=#516797><Icon=IconOverClock|30|30|0.5/>Hypersequence</color> by {2} for every {1} <color=#B96716><Icon=IconWrestle|30|30|0.5/>Initiative</color> (Current: {Attr:4}).	When inflicting <color=#487F3B><Icon=IconHitDownBlack|30|30|0.5/>Knockdown</color>, additionally inflicts <color=#487F3B><Icon=IconHitDownBlack|30|30|0.5/>Knockdown</color> and reduces enemy's <color=#516797><Icon=IconOverClockBlack|30|30|0.5/>Hypersequence</color> if the enemy hasn't acted this round.	3	12	1				Assets/Product/Texture/Image/UiTheatre6/UiTheatre6SkillIcon/UiTheatre6SkillIcon51.png	1026201				14	23	3	10262010	4	6000	2	160	80		5000	1	3					0	0
10262021	1026202	Frost Blade - Sky Sweep	<b><color=#E7D09A>After entering </color><color=#9F3232><Icon=IconAngry|30|30|0.5/>Berserk</color><color=#E7D09A>:</color></b>\n\n Consumes {0} <color=#9F3232><Icon=IconAnger|30|30|0.5/>Rage</color> and inflicts <color=#487F3B><Icon=IconHitDown|30|30|0.5/>Knockdown</color>.\n\nDMG multiplier increases by {1} every time this skill is used.	After entering <color=#9F3232><Icon=IconAngryBlack|30|30|0.5/>Berserk</color>, consumes <color=#9F3232><Icon=IconAngerBlack|30|30|0.5/>Rage</color> to inflict <color=#487F3B><Icon=IconHitDownBlack|30|30|0.5/>Knockdown</color> and increase this skill's DMG.	30	40%					Assets/Product/Texture/Image/UiTheatre6/UiTheatre6SkillIcon/UiTheatre6SkillIcon50.png	1026202				20	14	1	10262020	4	3000	2	40	20		12000	1	3	19				0	0
10262022	1026202	Frost Blade - Sky Sweep	<b><color=#E7D09A>After entering </color><color=#9F3232><Icon=IconAngry|30|30|0.5/>Berserk</color><color=#E7D09A>:</color></b>\n\n Consumes {0} <color=#9F3232><Icon=IconAnger|30|30|0.5/>Rage</color> and inflicts <color=#487F3B><Icon=IconHitDown|30|30|0.5/>Knockdown</color>.\n\nDMG multiplier increases by {1} every time this skill is used.	After entering <color=#9F3232><Icon=IconAngryBlack|30|30|0.5/>Berserk</color>, consumes <color=#9F3232><Icon=IconAngerBlack|30|30|0.5/>Rage</color> to inflict <color=#487F3B><Icon=IconHitDownBlack|30|30|0.5/>Knockdown</color> and increase this skill's DMG.	30	60%					Assets/Product/Texture/Image/UiTheatre6/UiTheatre6SkillIcon/UiTheatre6SkillIcon50.png	1026202				20	14	2	10262020	4	4500	2	80	40		12000	1	3	19				0	0
10262023	1026202	Frost Blade - Sky Sweep	<b><color=#E7D09A>After entering </color><color=#9F3232><Icon=IconAngry|30|30|0.5/>Berserk</color><color=#E7D09A>:</color></b>\n\n Consumes {0} <color=#9F3232><Icon=IconAnger|30|30|0.5/>Rage</color> and inflicts <color=#487F3B><Icon=IconHitDown|30|30|0.5/>Knockdown</color>.\n\nDMG multiplier increases by {1} every time this skill is used.	After entering <color=#9F3232><Icon=IconAngryBlack|30|30|0.5/>Berserk</color>, consumes <color=#9F3232><Icon=IconAngerBlack|30|30|0.5/>Rage</color> to inflict <color=#487F3B><Icon=IconHitDownBlack|30|30|0.5/>Knockdown</color> and increase this skill's DMG.	30	80%					Assets/Product/Texture/Image/UiTheatre6/UiTheatre6SkillIcon/UiTheatre6SkillIcon50.png	1026202				20	14	3	10262020	4	6000	2	160	80		12000	1	3	19				0	0
10262031	1026203	Desolate Blade - Savage Rift	<b>While in <color=#9F3232><Icon=IconAngry|30|30|0.5/>Berserk</color><color=#E7D09A>, each time </color><color=#9F3232><Icon=IconAnger|30|30|0.5/>Rage</color><color=#E7D09A> is <={0}:</color></b>\n\nRestores {1} <color=#9F3232><Icon=IconAnger|30|30|0.5/>Rage</color>. Each time this skill is used, this skill's <color=#9F3232><Icon=IconAnger|30|30|0.5/>Rage</color> restoration is reduced by {2} for this battle.	When <color=#9F3232><Icon=IconAngerBlack|30|30|0.5/>Rage</color> is low while <color=#9F3232><Icon=IconAngryBlack|30|30|0.5/>Berserk</color> is active, gains <color=#9F3232><Icon=IconAngerBlack|30|30|0.5/>Rage</color>.	50	50	30				Assets/Product/Texture/Image/UiTheatre6/UiTheatre6SkillIcon/UiTheatre6SkillIcon66.png	1026205				20		1	10262030	4	3000	2	40	20		5000	1	3	19				0	0
10262032	1026203	Desolate Blade - Savage Rift	<b>While in <color=#9F3232><Icon=IconAngry|30|30|0.5/>Berserk</color><color=#E7D09A>, each time </color><color=#9F3232><Icon=IconAnger|30|30|0.5/>Rage</color><color=#E7D09A> is <={0}:</color></b>\n\nRestores {1} <color=#9F3232><Icon=IconAnger|30|30|0.5/>Rage</color>. Each time this skill is used, this skill's <color=#9F3232><Icon=IconAnger|30|30|0.5/>Rage</color> restoration is reduced by {2} for this battle.	When <color=#9F3232><Icon=IconAngerBlack|30|30|0.5/>Rage</color> is low while <color=#9F3232><Icon=IconAngryBlack|30|30|0.5/>Berserk</color> is active, gains <color=#9F3232><Icon=IconAngerBlack|30|30|0.5/>Rage</color>.	50	50	20				Assets/Product/Texture/Image/UiTheatre6/UiTheatre6SkillIcon/UiTheatre6SkillIcon66.png	1026205				20		2	10262030	4	4500	2	80	40		5000	1	3	19				0	0
10262033	1026203	Desolate Blade - Savage Rift	<b>While in <color=#9F3232><Icon=IconAngry|30|30|0.5/>Berserk</color><color=#E7D09A>, each time </color><color=#9F3232><Icon=IconAnger|30|30|0.5/>Rage</color><color=#E7D09A> is <={0}:</color></b>\n\nRestores {1} <color=#9F3232><Icon=IconAnger|30|30|0.5/>Rage</color>. Each time this skill is used, this skill's <color=#9F3232><Icon=IconAnger|30|30|0.5/>Rage</color> restoration is reduced by {2} for this battle.	When <color=#9F3232><Icon=IconAngerBlack|30|30|0.5/>Rage</color> is low while <color=#9F3232><Icon=IconAngryBlack|30|30|0.5/>Berserk</color> is active, gains <color=#9F3232><Icon=IconAngerBlack|30|30|0.5/>Rage</color>.	50	50	15				Assets/Product/Texture/Image/UiTheatre6/UiTheatre6SkillIcon/UiTheatre6SkillIcon66.png	1026205				20		3	10262030	4	6000	2	160	80		5000	1	3	19				0	0
10262041	1026204	Azureblade - Valiant Rally	<b><color=#E7D09A>Every time </color><color=#9F3232><Icon=IconAngry|30|30|0.5/>Berserk</color><color=#E7D09A> ends:</color></b>\n\nGains {0} <color=#9F3232><Icon=IconAnger|30|30|0.5/>Rage</color>\n\nRestores {1} <color=#6F4877><Icon=IconStamina|30|30|0.5/>Fighting Will</color>.	Gains <color=#9F3232><Icon=IconAngerBlack|30|30|0.5/>Rage</color> and <color=#6F4877><Icon=IconStaminaBlack|30|30|0.5/>Fighting Will</color> every time <color=#9F3232><Icon=IconAngryBlack|30|30|0.5/>Berserk</color> ends.	15	20					Assets/Product/Texture/Image/UiTheatre6/UiTheatre6SkillIcon/UiTheatre6SkillIcon54.png	1026601				20		1	10262040	4	3000	2	40	20		5000	1	3	19				0	0
10262042	1026204	Azureblade - Valiant Rally	<b><color=#E7D09A>Every time </color><color=#9F3232><Icon=IconAngry|30|30|0.5/>Berserk</color><color=#E7D09A> ends:</color></b>\n\nGains {0} <color=#9F3232><Icon=IconAnger|30|30|0.5/>Rage</color>\n\nRestores {1} <color=#6F4877><Icon=IconStamina|30|30|0.5/>Fighting Will</color>.	Gains <color=#9F3232><Icon=IconAngerBlack|30|30|0.5/>Rage</color> and <color=#6F4877><Icon=IconStaminaBlack|30|30|0.5/>Fighting Will</color> every time <color=#9F3232><Icon=IconAngryBlack|30|30|0.5/>Berserk</color> ends.	30	20					Assets/Product/Texture/Image/UiTheatre6/UiTheatre6SkillIcon/UiTheatre6SkillIcon54.png	1026601				20		2	10262040	4	4500	2	80	40		5000	1	3	19				0	0
10262043	1026204	Azureblade - Valiant Rally	<b><color=#E7D09A>Every time </color><color=#9F3232><Icon=IconAngry|30|30|0.5/>Berserk</color><color=#E7D09A> ends:</color></b>\n\nGains {0} <color=#9F3232><Icon=IconAnger|30|30|0.5/>Rage</color>\n\nRestores {1} <color=#6F4877><Icon=IconStamina|30|30|0.5/>Fighting Will</color>.	Gains <color=#9F3232><Icon=IconAngerBlack|30|30|0.5/>Rage</color> and <color=#6F4877><Icon=IconStaminaBlack|30|30|0.5/>Fighting Will</color> every time <color=#9F3232><Icon=IconAngryBlack|30|30|0.5/>Berserk</color> ends.	45	20					Assets/Product/Texture/Image/UiTheatre6/UiTheatre6SkillIcon/UiTheatre6SkillIcon54.png	1026601				20		3	10262040	4	6000	2	160	80		5000	1	3	19				0	0
10262051	1026205	Steadfast Guard	<b><color=#E7D09A>After inflicting {0} instances of </color><color=#487F3B><Icon=IconHitDown|30|30|0.5/>Knockdown</color><color=#E7D09A> for the first time during the battle:</color></b>\n\nGains {1} stacks of <color=#516797><<Icon=IconBlock|30|30|0.5/>Block></color>.	Gains <color=#516797><<Icon=IconBlockBlack|30|30|0.5/>Block></color> after inflicting multiple <color=#487F3B><Icon=IconHitDownBlack|30|30|0.5/>Knockdown</color>.	5	2					Assets/Product/Texture/Image/UiTheatre6/UiTheatre6SkillIcon/UiTheatre6SkillIcon55.png	1026602				14	18	1	10262050	4	3000	2	40	20		3500	1	3					0	0
10262052	1026205	Steadfast Guard	<b><color=#E7D09A>After inflicting {0} instances of </color><color=#487F3B><Icon=IconHitDown|30|30|0.5/>Knockdown</color><color=#E7D09A> for the first time during the battle:</color></b>\n\nGains {1} stacks of <color=#516797><<Icon=IconBlock|30|30|0.5/>Block></color>.	Gains <color=#516797><<Icon=IconBlockBlack|30|30|0.5/>Block></color> after inflicting multiple <color=#487F3B><Icon=IconHitDownBlack|30|30|0.5/>Knockdown</color>.	5	3					Assets/Product/Texture/Image/UiTheatre6/UiTheatre6SkillIcon/UiTheatre6SkillIcon55.png	1026602				14	18	2	10262050	4	4500	2	80	40		3500	1	3					0	0
10262053	1026205	Steadfast Guard	<b><color=#E7D09A>After inflicting {0} instances of </color><color=#487F3B><Icon=IconHitDown|30|30|0.5/>Knockdown</color><color=#E7D09A> for the first time during the battle:</color></b>\n\nGains {1} stacks of <color=#516797><<Icon=IconBlock|30|30|0.5/>Block></color>.	Gains <color=#516797><<Icon=IconBlockBlack|30|30|0.5/>Block></color> after inflicting multiple <color=#487F3B><Icon=IconHitDownBlack|30|30|0.5/>Knockdown</color>.	5	4					Assets/Product/Texture/Image/UiTheatre6/UiTheatre6SkillIcon/UiTheatre6SkillIcon55.png	1026602				14	18	3	10262050	4	6000	2	160	80		3500	1	3					0	0
10262061	1026206	Fierce Blade - Blazing Severance	<b><color=#E7D09A>While </color><color=#9F3232><Icon=IconAngry|30|30|0.5/>Berserk</color><color=#E7D09A> is active, after every {0} skills used:</color></b>\n\nConsumes {1} <color=#9F3232><Icon=IconAnger|30|30|0.5/>Rage</color>.\n\nRestores {3} <color=#6F4877><Icon=IconStamina|30|30|0.5/>Fighting Will</color> for every {2} <color=#B96716><Icon=IconWrestle|30|30|0.5/>Initiative</color> (Current: {Attr:4}).	When using skills multiple times while <color=#9F3232><Icon=IconAngryBlack|30|30|0.5/>Berserk</color> is active, restores <color=#6F4877><Icon=IconStaminaBlack|30|30|0.5/>Fighting Will</color> based on <color=#B96716><Icon=IconWrestleBlack|30|30|0.5/>Initiative</color>.	4	50	40	1			Assets/Product/Texture/Image/UiTheatre6/UiTheatre6SkillIcon/UiTheatre6SkillIcon75.png	1026206	1026207	1026208	1026209	20	23	1	10262060	4	3000	2	40	20		10000	1	3	19				0	0
10262062	1026206	Fierce Blade - Blazing Severance	<b><color=#E7D09A>While </color><color=#9F3232><Icon=IconAngry|30|30|0.5/>Berserk</color><color=#E7D09A> is active, after every {0} skills used:</color></b>\n\nConsumes {1} <color=#9F3232><Icon=IconAnger|30|30|0.5/>Rage</color>.\n\nRestores {3} <color=#6F4877><Icon=IconStamina|30|30|0.5/>Fighting Will</color> for every {2} <color=#B96716><Icon=IconWrestle|30|30|0.5/>Initiative</color> (Current: {Attr:4}).	When using skills multiple times while <color=#9F3232><Icon=IconAngryBlack|30|30|0.5/>Berserk</color> is active, restores <color=#6F4877><Icon=IconStaminaBlack|30|30|0.5/>Fighting Will</color> based on <color=#B96716><Icon=IconWrestleBlack|30|30|0.5/>Initiative</color>.	4	50	30	1			Assets/Product/Texture/Image/UiTheatre6/UiTheatre6SkillIcon/UiTheatre6SkillIcon75.png	1026206	1026207	1026208	1026209	20	23	2	10262060	4	4500	2	80	40		10000	1	3	19				0	0
10262063	1026206	Fierce Blade - Blazing Severance	<b><color=#E7D09A>While </color><color=#9F3232><Icon=IconAngry|30|30|0.5/>Berserk</color><color=#E7D09A> is active, after every {0} skills used:</color></b>\n\nConsumes {1} <color=#9F3232><Icon=IconAnger|30|30|0.5/>Rage</color>.\n\nRestores {3} <color=#6F4877><Icon=IconStamina|30|30|0.5/>Fighting Will</color> for every {2} <color=#B96716><Icon=IconWrestle|30|30|0.5/>Initiative</color> (Current: {Attr:4}).	When using skills multiple times while <color=#9F3232><Icon=IconAngryBlack|30|30|0.5/>Berserk</color> is active, restores <color=#6F4877><Icon=IconStaminaBlack|30|30|0.5/>Fighting Will</color> based on <color=#B96716><Icon=IconWrestleBlack|30|30|0.5/>Initiative</color>.	4	50	20	1			Assets/Product/Texture/Image/UiTheatre6/UiTheatre6SkillIcon/UiTheatre6SkillIcon75.png	1026206	1026207	1026208	1026209	20	23	3	10262060	4	6000	2	160	80		10000	1	3	19				0	0
10262071	1026207	Homing Edge	<b><color=#E7D09A>After accumulating {0} stacks of </color><color=#516797><<Icon=IconBlock|30|30|0.5/>Block></color><color=#E7D09A> for the first time during the battle:</color></b>\n\nIncreases <color=#9B8015><Icon=IconAttack|30|30|0.5/>Attack</color> by {1} when any skill is used during the battle.	After gaining multiple stacks of <color=#516797><<Icon=IconBlockBlack|30|30|0.5/>Block></color> for the first time, increases <color=#9B8015><Icon=IconAttackBlack|30|30|0.5/>Attack</color> every time any skill is used.	8	15					Assets/Product/Texture/Image/UiTheatre6/UiTheatre6SkillIcon/UiTheatre6SkillIcon39.png	1026603				18		1	10262070	4	3000	2	40	20		20000	1	3					0	0
10262072	1026207	Homing Edge	<b><color=#E7D09A>After accumulating {0} stacks of </color><color=#516797><<Icon=IconBlock|30|30|0.5/>Block></color><color=#E7D09A> for the first time during the battle:</color></b>\n\nIncreases <color=#9B8015><Icon=IconAttack|30|30|0.5/>Attack</color> by {1} when any skill is used during the battle.	After gaining multiple stacks of <color=#516797><<Icon=IconBlockBlack|30|30|0.5/>Block></color> for the first time, increases <color=#9B8015><Icon=IconAttackBlack|30|30|0.5/>Attack</color> every time any skill is used.	8	20					Assets/Product/Texture/Image/UiTheatre6/UiTheatre6SkillIcon/UiTheatre6SkillIcon39.png	1026603				18		2	10262070	4	4500	2	80	40		20000	1	3					0	0
10262073	1026207	Homing Edge	<b><color=#E7D09A>After accumulating {0} stacks of </color><color=#516797><<Icon=IconBlock|30|30|0.5/>Block></color><color=#E7D09A> for the first time during the battle:</color></b>\n\nIncreases <color=#9B8015><Icon=IconAttack|30|30|0.5/>Attack</color> by {1} when any skill is used during the battle.	After gaining multiple stacks of <color=#516797><<Icon=IconBlockBlack|30|30|0.5/>Block></color> for the first time, increases <color=#9B8015><Icon=IconAttackBlack|30|30|0.5/>Attack</color> every time any skill is used.	8	25					Assets/Product/Texture/Image/UiTheatre6/UiTheatre6SkillIcon/UiTheatre6SkillIcon39.png	1026603				18		3	10262070	4	6000	2	160	80		20000	1	3					0	0
10262081	1026208	Honed Guard	<b><color=#E7D09A>After both sides use {0} skills combined:</color></b>\n\nGains {2} stacks of <color=#516797><<Icon=IconBlock|30|30|0.5/>Block></color> for every {1} <color=#6F4877><Icon=IconStamina|30|30|0.5/>Fighting Will</color> (Current: {Attr:3}).	Gains <color=#516797><<Icon=IconBlockBlack|30|30|0.5/>Block></color> based on <color=#6F4877><Icon=IconStaminaBlack|30|30|0.5/>Fighting Will</color> after both sides use skills multiple times combined.	10	100	1				Assets/Product/Texture/Image/UiTheatre6/UiTheatre6SkillIcon/UiTheatre6SkillIcon59.png	1026291				25	18	1	10262080	4	3000	2	40	20		5000	1	3					0	0
10262082	1026208	Honed Guard	<b><color=#E7D09A>After both sides use {0} skills combined:</color></b>\n\nGains {2} stacks of <color=#516797><<Icon=IconBlock|30|30|0.5/>Block></color> for every {1} <color=#6F4877><Icon=IconStamina|30|30|0.5/>Fighting Will</color> (Current: {Attr:3}).	Gains <color=#516797><<Icon=IconBlockBlack|30|30|0.5/>Block></color> based on <color=#6F4877><Icon=IconStaminaBlack|30|30|0.5/>Fighting Will</color> after both sides use skills multiple times combined.	10	80	1				Assets/Product/Texture/Image/UiTheatre6/UiTheatre6SkillIcon/UiTheatre6SkillIcon59.png	1026291				25	18	2	10262080	4	4500	2	80	40		5000	1	3					0	0
10262083	1026208	Honed Guard	<b><color=#E7D09A>After both sides use {0} skills combined:</color></b>\n\nGains {2} stacks of <color=#516797><<Icon=IconBlock|30|30|0.5/>Block></color> for every {1} <color=#6F4877><Icon=IconStamina|30|30|0.5/>Fighting Will</color> (Current: {Attr:3}).	Gains <color=#516797><<Icon=IconBlockBlack|30|30|0.5/>Block></color> based on <color=#6F4877><Icon=IconStaminaBlack|30|30|0.5/>Fighting Will</color> after both sides use skills multiple times combined.	10	60	1				Assets/Product/Texture/Image/UiTheatre6/UiTheatre6SkillIcon/UiTheatre6SkillIcon59.png	1026291				25	18	3	10262080	4	6000	2	160	80		5000	1	3					0	0
10262091	1026209	Undaunted Rise	<b><color=#E7D09A>When either side's </color><color=#487F3B><Icon=IconLife|30|30|0.5/>HP</color><color=#E7D09A> drops below {0} for the first time:</color></b>\n\nGains {1} <color=#9F3232><Icon=IconAnger|30|30|0.5/>Rage</color>.\n\nThroughout the battle, recovers {2} <color=#6F4877><Icon=IconStamina|30|30|0.5/>Fighting Will</color> every time <color=#9F3232><Icon=IconAnger|30|30|0.5/>Rage</color> is gained or consumed through skills.	When either side's <color=#487F3B><Icon=IconLifeBlack|30|30|0.5/>HP</color> is low for the first time, gains a large amount of <color=#9F3232><Icon=IconAngerBlack|30|30|0.5/>Rage</color> and <color=#6F4877><Icon=IconStaminaBlack|30|30|0.5/>Fighting Will</color>.	30%	100	4				Assets/Product/Texture/Image/UiTheatre6/UiTheatre6SkillIcon/UiTheatre6SkillIcon61.png	1026298				20		1	10262090	4	3000	2	40	20		5000	1	3	19				0	0
10262092	1026209	Undaunted Rise	<b><color=#E7D09A>When either side's </color><color=#487F3B><Icon=IconLife|30|30|0.5/>HP</color><color=#E7D09A> drops below {0} for the first time:</color></b>\n\nGains {1} <color=#9F3232><Icon=IconAnger|30|30|0.5/>Rage</color>.\n\nThroughout the battle, recovers {2} <color=#6F4877><Icon=IconStamina|30|30|0.5/>Fighting Will</color> every time <color=#9F3232><Icon=IconAnger|30|30|0.5/>Rage</color> is gained or consumed through skills.	When either side's <color=#487F3B><Icon=IconLifeBlack|30|30|0.5/>HP</color> is low for the first time, gains a large amount of <color=#9F3232><Icon=IconAngerBlack|30|30|0.5/>Rage</color> and <color=#6F4877><Icon=IconStaminaBlack|30|30|0.5/>Fighting Will</color>.	30%	100	6				Assets/Product/Texture/Image/UiTheatre6/UiTheatre6SkillIcon/UiTheatre6SkillIcon61.png	1026298				20		2	10262090	4	4500	2	80	40		5000	1	3	19				0	0
10262093	1026209	Undaunted Rise	<b><color=#E7D09A>When either side's </color><color=#487F3B><Icon=IconLife|30|30|0.5/>HP</color><color=#E7D09A> drops below {0} for the first time:</color></b>\n\nGains {1} <color=#9F3232><Icon=IconAnger|30|30|0.5/>Rage</color>.\n\nThroughout the battle, recovers {2} <color=#6F4877><Icon=IconStamina|30|30|0.5/>Fighting Will</color> every time <color=#9F3232><Icon=IconAnger|30|30|0.5/>Rage</color> is gained or consumed through skills.	When either side's <color=#487F3B><Icon=IconLifeBlack|30|30|0.5/>HP</color> is low for the first time, gains a large amount of <color=#9F3232><Icon=IconAngerBlack|30|30|0.5/>Rage</color> and <color=#6F4877><Icon=IconStaminaBlack|30|30|0.5/>Fighting Will</color>.	30%	100	8				Assets/Product/Texture/Image/UiTheatre6/UiTheatre6SkillIcon/UiTheatre6SkillIcon61.png	1026298				20		3	10262090	4	6000	2	160	80		5000	1	3	19				0	0
10262101	1026210	Skyward Onslaught	<b><color=#E7D09A>Triggers after every {0} </color><color=#6F4877><Icon=IconStamina|30|30|0.5/>Fighting Will</color><color=#E7D09A> consumed:</color></b>\n\nWhile <color=#9F3232><Icon=IconAngry|30|30|0.5/>Berserk</color> is active, additionally clears both sides' <color=#B96716><<Icon=IconCrit|30|30|0.5/>CRIT></color> and <color=#516797><<Icon=IconBlock|30|30|0.5/>Block></color> stacks. DMG multiplier increases by {1} for every stack cleared.	Every time a certain amount of <color=#6F4877><Icon=IconStaminaBlack|30|30|0.5/>Fighting Will</color> is consumed while in <color=#9F3232><Icon=IconAngryBlack|30|30|0.5/>Berserk</color>, clears both sides' <color=#B96716><<Icon=IconCritBlack|30|30|0.5/>CRIT></color> and <color=#516797><<Icon=IconBlockBlack|30|30|0.5/>Block></color> stacks and deals DMG.	100	10%					Assets/Product/Texture/Image/UiTheatre6/UiTheatre6SkillIcon/UiTheatre6SkillIcon53.png	1026210	1026211			20	18	1	10262100	4	3000	2	40	20		10000	1	3	19				0	0
10262102	1026210	Skyward Onslaught	<b><color=#E7D09A>Triggers after every {0} </color><color=#6F4877><Icon=IconStamina|30|30|0.5/>Fighting Will</color><color=#E7D09A> consumed:</color></b>\n\nWhile <color=#9F3232><Icon=IconAngry|30|30|0.5/>Berserk</color> is active, additionally clears both sides' <color=#B96716><<Icon=IconCrit|30|30|0.5/>CRIT></color> and <color=#516797><<Icon=IconBlock|30|30|0.5/>Block></color> stacks. DMG multiplier increases by {1} for every stack cleared.	Every time a certain amount of <color=#6F4877><Icon=IconStaminaBlack|30|30|0.5/>Fighting Will</color> is consumed while in <color=#9F3232><Icon=IconAngryBlack|30|30|0.5/>Berserk</color>, clears both sides' <color=#B96716><<Icon=IconCritBlack|30|30|0.5/>CRIT></color> and <color=#516797><<Icon=IconBlockBlack|30|30|0.5/>Block></color> stacks and deals DMG.	100	20%					Assets/Product/Texture/Image/UiTheatre6/UiTheatre6SkillIcon/UiTheatre6SkillIcon53.png	1026210	1026211			20	18	2	10262100	4	4500	2	80	40		10000	1	3	19				0	0
10262103	1026210	Skyward Onslaught	<b><color=#E7D09A>Triggers after every {0} </color><color=#6F4877><Icon=IconStamina|30|30|0.5/>Fighting Will</color><color=#E7D09A> consumed:</color></b>\n\nWhile <color=#9F3232><Icon=IconAngry|30|30|0.5/>Berserk</color> is active, additionally clears both sides' <color=#B96716><<Icon=IconCrit|30|30|0.5/>CRIT></color> and <color=#516797><<Icon=IconBlock|30|30|0.5/>Block></color> stacks. DMG multiplier increases by {1} for every stack cleared.	Every time a certain amount of <color=#6F4877><Icon=IconStaminaBlack|30|30|0.5/>Fighting Will</color> is consumed while in <color=#9F3232><Icon=IconAngryBlack|30|30|0.5/>Berserk</color>, clears both sides' <color=#B96716><<Icon=IconCritBlack|30|30|0.5/>CRIT></color> and <color=#516797><<Icon=IconBlockBlack|30|30|0.5/>Block></color> stacks and deals DMG.	100	30%					Assets/Product/Texture/Image/UiTheatre6/UiTheatre6SkillIcon/UiTheatre6SkillIcon53.png	1026210	1026211			20	18	3	10262100	4	6000	2	160	80		10000	1	3	19				0	0
10262111	1026211	Subjugation	<b><color=#E7D09A>After using a [Counter Skill]:</color></b>\n\nInflicts <color=#487F3B><Icon=IconHitDown|30|30|0.5/>Knockdown</color> on the enemy.\n\nIncreases <color=#9B8015><Icon=IconAttack|30|30|0.5/>Attack</color> by {0}.	Inflicts <color=#487F3B><Icon=IconHitDownBlack|30|30|0.5/>Knockdown</color> and increases <color=#9B8015><Icon=IconAttackBlack|30|30|0.5/>Attack</color> after using a [Counter Skill].	20						Assets/Product/Texture/Image/UiTheatre6/UiTheatre6SkillIcon/UiTheatre6SkillIcon57.png	1026604				24	14	1	10262110	4	3000	2	40	20		8000	1	3					0	0
10262112	1026211	Subjugation	<b><color=#E7D09A>After using a [Counter Skill]:</color></b>\n\nInflicts <color=#487F3B><Icon=IconHitDown|30|30|0.5/>Knockdown</color> on the enemy.\n\nIncreases <color=#9B8015><Icon=IconAttack|30|30|0.5/>Attack</color> by {0}.	Inflicts <color=#487F3B><Icon=IconHitDownBlack|30|30|0.5/>Knockdown</color> and increases <color=#9B8015><Icon=IconAttackBlack|30|30|0.5/>Attack</color> after using a [Counter Skill].	40						Assets/Product/Texture/Image/UiTheatre6/UiTheatre6SkillIcon/UiTheatre6SkillIcon57.png	1026604				24	14	2	10262110	4	4500	2	80	40		8000	1	3					0	0
10262113	1026211	Subjugation	<b><color=#E7D09A>After using a [Counter Skill]:</color></b>\n\nInflicts <color=#487F3B><Icon=IconHitDown|30|30|0.5/>Knockdown</color> on the enemy.\n\nIncreases <color=#9B8015><Icon=IconAttack|30|30|0.5/>Attack</color> by {0}.	Inflicts <color=#487F3B><Icon=IconHitDownBlack|30|30|0.5/>Knockdown</color> and increases <color=#9B8015><Icon=IconAttackBlack|30|30|0.5/>Attack</color> after using a [Counter Skill].	60						Assets/Product/Texture/Image/UiTheatre6/UiTheatre6SkillIcon/UiTheatre6SkillIcon57.png	1026604				24	14	3	10262110	4	6000	2	160	80		8000	1	3					0	0
10262121	1026212	Valor Reborn	<b><color=#E7D09A>After using a [Parry Skill]:</color></b>\n\nGains {0} stacks of <color=#516797><<Icon=IconBlock|30|30|0.5/>Block></color>.	Gains <color=#516797><<Icon=IconBlockBlack|30|30|0.5/>Block></color> after using a [Parry Skill].	1						Assets/Product/Texture/Image/UiTheatre6/UiTheatre6SkillIcon/UiTheatre6SkillIcon49.png	1026605				23	18	1	10262120	4	3000	2	40	20		10000	1	3					0	0
10262122	1026212	Valor Reborn	<b><color=#E7D09A>After using a [Parry Skill]:</color></b>\n\nGains {0} stacks of <color=#516797><<Icon=IconBlock|30|30|0.5/>Block></color>.	Gains <color=#516797><<Icon=IconBlockBlack|30|30|0.5/>Block></color> after using a [Parry Skill].	2						Assets/Product/Texture/Image/UiTheatre6/UiTheatre6SkillIcon/UiTheatre6SkillIcon49.png	1026605				23	18	2	10262120	4	4500	2	80	40		10000	1	3					0	0
10262123	1026212	Valor Reborn	<b><color=#E7D09A>After using a [Parry Skill]:</color></b>\n\nGains {0} stacks of <color=#516797><<Icon=IconBlock|30|30|0.5/>Block></color>.	Gains <color=#516797><<Icon=IconBlockBlack|30|30|0.5/>Block></color> after using a [Parry Skill].	3						Assets/Product/Texture/Image/UiTheatre6/UiTheatre6SkillIcon/UiTheatre6SkillIcon49.png	1026605				23	18	3	10262120	4	6000	2	160	80		10000	1	3					0	0
10262131	1026213	Sharpened	<b><color=#E7D09A>Triggers after using any skill for the first time:</color></b>\n\nThe higher stat between <color=#516797><Icon=IconOverClock|30|30|0.5/>Hypersequence</color> and <color=#B96716><Icon=IconWrestle|30|30|0.5/>Initiative</color> increases by {1} for every {0} <color=#6F4877><Icon=IconStamina|30|30|0.5/>Fighting Will</color> (Current: {Attr:3}).	After the first use of any skill, increases <color=#516797><Icon=IconOverClockBlack|30|30|0.5/>Hypersequence</color> and <color=#B96716><Icon=IconWrestleBlack|30|30|0.5/>Initiative</color> based on <color=#6F4877><Icon=IconStaminaBlack|30|30|0.5/>Fighting Will</color>.	20	1					Assets/Product/Texture/Image/UiTheatre6/UiTheatre6SkillIcon/UiTheatre6SkillIcon76.png	1026606	1026607	1026608	1026609	25		1	10262130	4	3000	2	40	20		5000	1	3					0	0
10262132	1026213	Sharpened	<b><color=#E7D09A>Triggers after using any skill for the first time:</color></b>\n\nThe higher stat between <color=#516797><Icon=IconOverClock|30|30|0.5/>Hypersequence</color> and <color=#B96716><Icon=IconWrestle|30|30|0.5/>Initiative</color> increases by {1} for every {0} <color=#6F4877><Icon=IconStamina|30|30|0.5/>Fighting Will</color> (Current: {Attr:3}).	After the first use of any skill, increases <color=#516797><Icon=IconOverClockBlack|30|30|0.5/>Hypersequence</color> and <color=#B96716><Icon=IconWrestleBlack|30|30|0.5/>Initiative</color> based on <color=#6F4877><Icon=IconStaminaBlack|30|30|0.5/>Fighting Will</color>.	10	1					Assets/Product/Texture/Image/UiTheatre6/UiTheatre6SkillIcon/UiTheatre6SkillIcon76.png	1026606	1026607	1026608	1026609	25		2	10262130	4	4500	2	80	40		5000	1	3					0	0
10262133	1026213	Sharpened	<b><color=#E7D09A>Triggers after using any skill for the first time:</color></b>\n\nThe higher stat between <color=#516797><Icon=IconOverClock|30|30|0.5/>Hypersequence</color> and <color=#B96716><Icon=IconWrestle|30|30|0.5/>Initiative</color> increases by {1} for every {0} <color=#6F4877><Icon=IconStamina|30|30|0.5/>Fighting Will</color> (Current: {Attr:3}).	After the first use of any skill, increases <color=#516797><Icon=IconOverClockBlack|30|30|0.5/>Hypersequence</color> and <color=#B96716><Icon=IconWrestleBlack|30|30|0.5/>Initiative</color> based on <color=#6F4877><Icon=IconStaminaBlack|30|30|0.5/>Fighting Will</color>.	5	1					Assets/Product/Texture/Image/UiTheatre6/UiTheatre6SkillIcon/UiTheatre6SkillIcon76.png	1026606	1026607	1026608	1026609	25		3	10262130	4	6000	2	160	80		5000	1	3					0	0
10263011	1026301	Maddening Blade	<b><color=#E7D09A>After a successful Parry:</color></b>\n\nGains {1} <color=#9F3232><Icon=IconAnger|30|30|0.5/>Rage</color> for every {0} <color=#B96716><Icon=IconWrestle|30|30|0.5/>Initiative</color> (Current: {Attr:4}).\n\n[Passive] This skill's DMG multiplier increases by {2} for every skill used while in <color=#9F3232><Icon=IconAngry|30|30|0.5/>Berserk</color>.\n\nInflicts <Icon=IconStun|30|30|0.5/>Stun for {3}s.	After a successful Parry, deals DMG and gains <color=#9F3232><Icon=IconAngerBlack|30|30|0.5/>Rage</color> based on <color=#B96716><Icon=IconWrestleBlack|30|30|0.5/>Initiative</color>, with additional effects.	60	10	30%	5			Assets/Product/Texture/Image/UiTheatre6/UiTheatre6SkillIcon/UiTheatre6SkillIcon63.png	1026391	1026392	1026393	1026394	23	20	1	10263010	2	4000	2	80	40		15000	1	4	19	11	21		0	0
10263021	1026302	Falling Dazzle	<b><color=#E7D09A>After a successful Parry:</color></b>\n\nThe first attack afterward restores {0} <color=#6F4877><Icon=IconStamina|30|30|0.5/>Fighting Will</color> every time enemy is inflicted with <color=#487F3B><Icon=IconHitDown|30|30|0.5/>Knockdown</color>.\n\nInflicts <Icon=IconStun|30|30|0.5/>Stun for {1}s and <color=#487F3B><Icon=IconHitDown|30|30|0.5/>Knockdown</color>.	After a successful Parry, the first attack afterward deals DMG and restores <color=#6F4877><Icon=IconStaminaBlack|30|30|0.5/>Fighting Will</color> every time enemy is inflicted with <color=#487F3B><Icon=IconHitDownBlack|30|30|0.5/>Knockdown</color>.	10	5					Assets/Product/Texture/Image/UiTheatre6/UiTheatre6SkillIcon/UiTheatre6SkillIcon58.png	1026395				23	14	1	10263020	2	4000	2	80	40		25000	1	4	11	21			0	0
10263031	1026304	Shockbolt	<b><color=#E7D09A>After a successful Parry:</color></b>\n\nWhen <color=#B96716><Icon=IconWrestle|30|30|0.5/>Initiative</color> > {0} (Current: {Attr:4}), DMG multiplier increases by {1}.\n\nInflicts <Icon=IconStun|30|30|0.5/>Stun for {2}s.	After a successful Parry, deals extra DMG based on <color=#B96716><Icon=IconWrestleBlack|30|30|0.5/>Initiative</color>.	230	100%	3				Assets/Product/Texture/Image/UiTheatre6/UiTheatre6SkillIcon/UiTheatre6SkillIcon69.png	1026701	1026702	1026703	1026704	23		1	10263030	2	4000	2	80	40		20000	1	4	11	21		1	0	0
10264011	1026401	Phantom Fury	<b><color=#E7D09A>After a successful Counter:</color></b>\n\nGain {0} <color=#9F3232><Icon=IconAnger|30|30|0.5/>Rage</color>.\n\nFor every {1} <color=#516797><Icon=IconOverClock|30|30|0.5/>Hypersequence</color>, reduces enemy's <color=#6F4877><Icon=IconStamina|30|30|0.5/>Fighting Will</color> by {2}.\n\n[Passive] Throughout the battle, each time you gain <color=#9F3232><Icon=IconAnger|30|30|0.5/>Rage</color> via a skill, increases <color=#516797><Icon=IconOverClock|30|30|0.5/>Hypersequence</color> by {3}.	After a successful Counter, deals DMG and gains <color=#9F3232><Icon=IconAngerBlack|30|30|0.5/>Rage</color>. Reduces enemy's <color=#6F4877><Icon=IconStaminaBlack|30|30|0.5/>Fighting Will</color> every time <color=#9F3232><Icon=IconAngerBlack|30|30|0.5/>Rage</color> is consumed.	100	20	1	5			Assets/Product/Texture/Image/UiTheatre6/UiTheatre6SkillIcon/UiTheatre6SkillIcon62.png	1026707				24	20	1	10264010	3	4000	2	80	40		20000	1	4	19	22			0	0
10264021	1026402	Poised Edge	<b><color=#E7D09A>After a successful Counter:</color></b>\n\nGains {1} stacks of <color=#516797><<Icon=IconBlock|30|30|0.5/>Block></color> for every {0} <color=#516797><Icon=IconOverClock|30|30|0.5/>Hypersequence</color> (Current: {Attr:5}), up to {2} stacks.\n\nReduces enemy's <color=#6F4877><Icon=IconStamina|30|30|0.5/>Fighting Will</color> by {3}.	After a successful Counter, deals DMG and gains <color=#516797><<Icon=IconBlockBlack|30|30|0.5/>Block></color> based on <color=#516797><Icon=IconOverClockBlack|30|30|0.5/>Hypersequence</color>.	100	1	5	50			Assets/Product/Texture/Image/UiTheatre6/UiTheatre6SkillIcon/UiTheatre6SkillIcon38.png	1026705				24	18	1	10264020	3	4000	2	80	40		28000	1	4	22				0	0
10264041	1026404	Severed Rain	<b><color=#E7D09A>After a successful Counter:</color></b>\n\nReduces enemy's <color=#6F4877><Icon=IconStamina|30|30|0.5/>Fighting Will</color> by {0}.\n\nWhen <color=#516797><Icon=IconOverClock|30|30|0.5/>Hypersequence</color> > {1} (Current: {Attr:5}), DMG multiplier increases by {2}.	After a successful Counter, deals extra DMG based on <color=#516797><Icon=IconOverClockBlack|30|30|0.5/>Hypersequence</color>.	20	230	100%				Assets/Product/Texture/Image/UiTheatre6/UiTheatre6SkillIcon/UiTheatre6SkillIcon52.png	1026706				24		1	10264030	3	4000	2	80	40		20000	1	4	22			1	0	0
10265011	1026501	Fleeting End	When <color=#B96716><Icon=IconWrestle|30|30|0.5/>Initiative</color> > {0} (Current: {Attr:4}), DMG multiplier increases by {1}.	Deals increased DMG based on <color=#B96716><Icon=IconWrestleBlack|30|30|0.5/>Initiative</color>.	230	20%					Assets/Product/Texture/Image/UiTheatre6/UiTheatre6SkillIcon/UiTheatre6SkillIcon79.png	1026801	1026802	1026803				1	10265010	1	1000	2	10	5	20	9000	1	1					0	0
10265012	1026501	Fleeting End	When <color=#B96716><Icon=IconWrestle|30|30|0.5/>Initiative</color> > {0} (Current: {Attr:4}), DMG multiplier increases by {1}.	Deals increased DMG based on <color=#B96716><Icon=IconWrestleBlack|30|30|0.5/>Initiative</color>.	230	25%					Assets/Product/Texture/Image/UiTheatre6/UiTheatre6SkillIcon/UiTheatre6SkillIcon79.png	1026801	1026802	1026803				2	10265010	1	1500	2	20	10	20	11000	1	1					0	0
10265013	1026501	Fleeting End	When <color=#B96716><Icon=IconWrestle|30|30|0.5/>Initiative</color> > {0} (Current: {Attr:4}), DMG multiplier increases by {1}.	Deals increased DMG based on <color=#B96716><Icon=IconWrestleBlack|30|30|0.5/>Initiative</color>.	230	30%					Assets/Product/Texture/Image/UiTheatre6/UiTheatre6SkillIcon/UiTheatre6SkillIcon79.png	1026801	1026802	1026803				3	10265010	1	2000	2	40	20	20	14000	1	1					0	0
10265021	1026502	Sundering Pivot	When <color=#516797><Icon=IconOverClock|30|30|0.5/>Hypersequence</color> > {0} (Current: {Attr:5}), DMG multiplier increases by {1}.	Deals increased DMG based on <color=#516797><Icon=IconOverClockBlack|30|30|0.5/>Hypersequence</color>.	230	20%					Assets/Product/Texture/Image/UiTheatre6/UiTheatre6SkillIcon/UiTheatre6SkillIcon65.png	1026804						1	10265020	1	1000	2	10	5	20	9000	1	1					0	0
10265022	1026502	Sundering Pivot	When <color=#516797><Icon=IconOverClock|30|30|0.5/>Hypersequence</color> > {0} (Current: {Attr:5}), DMG multiplier increases by {1}.	Deals increased DMG based on <color=#516797><Icon=IconOverClockBlack|30|30|0.5/>Hypersequence</color>.	230	25%					Assets/Product/Texture/Image/UiTheatre6/UiTheatre6SkillIcon/UiTheatre6SkillIcon65.png	1026804						2	10265020	1	1500	2	20	10	20	11000	1	1					0	0
10265023	1026502	Sundering Pivot	When <color=#516797><Icon=IconOverClock|30|30|0.5/>Hypersequence</color> > {0} (Current: {Attr:5}), DMG multiplier increases by {1}.	Deals increased DMG based on <color=#516797><Icon=IconOverClockBlack|30|30|0.5/>Hypersequence</color>.	230	30%					Assets/Product/Texture/Image/UiTheatre6/UiTheatre6SkillIcon/UiTheatre6SkillIcon65.png	1026804						3	10265020	1	2000	2	40	20	20	14000	1	1					0	0
10265031	1026503	Fleshed Edge	When <color=#6F4877><Icon=IconStamina|30|30|0.5/>Fighting Will</color> > {0} (Current: {Attr:3}), DMG multiplier increases by {1}.	Deals increased DMG based on <color=#6F4877><Icon=IconStaminaBlack|30|30|0.5/>Fighting Will</color>.	120	20%					Assets/Product/Texture/Image/UiTheatre6/UiTheatre6SkillIcon/UiTheatre6SkillIcon60.png	1026805						1	10265030	1	1000	2	10	5	20	9000	1	1					0	0
10265032	1026503	Fleshed Edge	When <color=#6F4877><Icon=IconStamina|30|30|0.5/>Fighting Will</color> > {0} (Current: {Attr:3}), DMG multiplier increases by {1}.	Deals increased DMG based on <color=#6F4877><Icon=IconStaminaBlack|30|30|0.5/>Fighting Will</color>.	120	25%					Assets/Product/Texture/Image/UiTheatre6/UiTheatre6SkillIcon/UiTheatre6SkillIcon60.png	1026805						2	10265030	1	1500	2	20	10	20	11000	1	1					0	0
10265033	1026503	Fleshed Edge	When <color=#6F4877><Icon=IconStamina|30|30|0.5/>Fighting Will</color> > {0} (Current: {Attr:3}), DMG multiplier increases by {1}.	Deals increased DMG based on <color=#6F4877><Icon=IconStaminaBlack|30|30|0.5/>Fighting Will</color>.	120	30%					Assets/Product/Texture/Image/UiTheatre6/UiTheatre6SkillIcon/UiTheatre6SkillIcon60.png	1026805						3	10265030	1	2000	2	40	20	20	14000	1	1					0	0
10265041	1026504	Instant Slash	Inflicts <color=#487F3B><Icon=IconHitDown|30|30|0.5/>Knockdown</color> when using this skill for the first time in each battle.	Deals DMG and causes <color=#487F3B><Icon=IconHitDownBlack|30|30|0.5/>Knockdown</color> on first use.							Assets/Product/Texture/Image/UiTheatre6/UiTheatre6SkillIcon/UiTheatre6SkillIcon68.png	1026806	1026807	1026808		14		1	10265040	1	1000	2	10	5	20	8000	1	1					0	0
10265042	1026504	Instant Slash	Inflicts <color=#487F3B><Icon=IconHitDown|30|30|0.5/>Knockdown</color> when using this skill for the first time in each battle.	Deals DMG and causes <color=#487F3B><Icon=IconHitDownBlack|30|30|0.5/>Knockdown</color> on first use.							Assets/Product/Texture/Image/UiTheatre6/UiTheatre6SkillIcon/UiTheatre6SkillIcon68.png	1026806	1026807	1026808		14		2	10265040	1	1500	2	20	10	20	10000	1	1					0	0
10265043	1026504	Instant Slash	Inflicts <color=#487F3B><Icon=IconHitDown|30|30|0.5/>Knockdown</color> when using this skill for the first time in each battle.	Deals DMG and causes <color=#487F3B><Icon=IconHitDownBlack|30|30|0.5/>Knockdown</color> on first use.							Assets/Product/Texture/Image/UiTheatre6/UiTheatre6SkillIcon/UiTheatre6SkillIcon68.png	1026806	1026807	1026808		14		3	10265040	1	2000	2	40	20	20	12500	1	1					0	0
10265051	1026505	Valiant Spirit	Gains {0} additional <color=#9F3232><Icon=IconAnger|30|30|0.5/>Rage</color> when using this skill for the first time in each battle.	Deals DMG and gains <color=#9F3232><Icon=IconAngerBlack|30|30|0.5/>Rage</color> on first use.	30						Assets/Product/Texture/Image/UiTheatre6/UiTheatre6SkillIcon/UiTheatre6SkillIcon21.png	1026809	1026810	1026811		20		1	10265050	1	1000	2	10	5	20	10000	1	1	19				0	0
10265052	1026505	Valiant Spirit	Gains {0} additional <color=#9F3232><Icon=IconAnger|30|30|0.5/>Rage</color> when using this skill for the first time in each battle.	Deals DMG and gains <color=#9F3232><Icon=IconAngerBlack|30|30|0.5/>Rage</color> on first use.	30						Assets/Product/Texture/Image/UiTheatre6/UiTheatre6SkillIcon/UiTheatre6SkillIcon21.png	1026809	1026810	1026811		20		2	10265050	1	1500	2	20	10	20	12500	1	1	19				0	0
10265053	1026505	Valiant Spirit	Gains {0} additional <color=#9F3232><Icon=IconAnger|30|30|0.5/>Rage</color> when using this skill for the first time in each battle.	Deals DMG and gains <color=#9F3232><Icon=IconAngerBlack|30|30|0.5/>Rage</color> on first use.	30						Assets/Product/Texture/Image/UiTheatre6/UiTheatre6SkillIcon/UiTheatre6SkillIcon21.png	1026809	1026810	1026811		20		3	10265050	1	2000	2	40	20	20	15500	1	1	19				0	0
10265061	1026506	Resolute Stillness	[Passive] Gains {0} stacks of <color=#516797><<Icon=IconBlock|30|30|0.5/>Block></color> upon entering battle.	Deals DMG and gains <color=#516797><<Icon=IconBlockBlack|30|30|0.5/>Block></color> upon entering battle.	2						Assets/Product/Texture/Image/UiTheatre6/UiTheatre6SkillIcon/UiTheatre6SkillIcon40.png	1026812				18		1	10265060	1	1000	2	10	5	20	4000	1	1					0	0
10265062	1026506	Resolute Stillness	[Passive] Gains {0} stacks of <color=#516797><<Icon=IconBlock|30|30|0.5/>Block></color> upon entering battle.	Deals DMG and gains <color=#516797><<Icon=IconBlockBlack|30|30|0.5/>Block></color> upon entering battle.	2						Assets/Product/Texture/Image/UiTheatre6/UiTheatre6SkillIcon/UiTheatre6SkillIcon40.png	1026812				18		2	10265060	1	1500	2	20	10	20	5000	1	1					0	0
10265063	1026506	Resolute Stillness	[Passive] Gains {0} stacks of <color=#516797><<Icon=IconBlock|30|30|0.5/>Block></color> upon entering battle.	Deals DMG and gains <color=#516797><<Icon=IconBlockBlack|30|30|0.5/>Block></color> upon entering battle.	2						Assets/Product/Texture/Image/UiTheatre6/UiTheatre6SkillIcon/UiTheatre6SkillIcon40.png	1026812				18		3	10265060	1	2000	2	40	20	20	6000	1	1					0	0
10265071	1026507	Accrue	The next skill's DMG increases by {0}.	Deals DMG and increases the next skill's DMG.	25%						Assets/Product/Texture/Image/UiTheatre6/UiTheatre6SkillIcon/UiTheatre6SkillIcon13.png	1026813	1026814	1026815				1	10265070	1	1000	2	10	5	20	8000	1	1					0	0
10265072	1026507	Accrue	The next skill's DMG increases by {0}.	Deals DMG and increases the next skill's DMG.	25%						Assets/Product/Texture/Image/UiTheatre6/UiTheatre6SkillIcon/UiTheatre6SkillIcon13.png	1026813	1026814	1026815				2	10265070	1	1500	2	20	10	20	10000	1	1					0	0
10265073	1026507	Accrue	The next skill's DMG increases by {0}.	Deals DMG and increases the next skill's DMG.	25%						Assets/Product/Texture/Image/UiTheatre6/UiTheatre6SkillIcon/UiTheatre6SkillIcon13.png	1026813	1026814	1026815				3	10265070	1	2000	2	40	20	20	12500	1	1					0	0
10265081	1026508	Relentless	This skill's DMG multiplier increases by {0} for every White skill used.	Deals DMG. This Skill's DMG increases for each White Skill used.	10%						Assets/Product/Texture/Image/UiTheatre6/UiTheatre6SkillIcon/UiTheatre6SkillIcon71.png	1026816						1	10265080	1	1000	2	10	5	20	7000	1	1					0	0
10265082	1026508	Relentless	This skill's DMG multiplier increases by {0} for every White skill used.	Deals DMG. This Skill's DMG increases for each White Skill used.	10%						Assets/Product/Texture/Image/UiTheatre6/UiTheatre6SkillIcon/UiTheatre6SkillIcon71.png	1026816						2	10265080	1	1500	2	20	10	20	9000	1	1					0	0
10265083	1026508	Relentless	This skill's DMG multiplier increases by {0} for every White skill used.	Deals DMG. This Skill's DMG increases for each White Skill used.	10%						Assets/Product/Texture/Image/UiTheatre6/UiTheatre6SkillIcon/UiTheatre6SkillIcon71.png	1026816						3	10265080	1	2000	2	40	20	20	11000	1	1					0	0
10265091	1026509	Focused Intent	Gains {0} of the <color=#6F4877><Icon=IconStamina|30|30|0.5/>Fighting Will</color> cost of the next skill used.	Deals DMG and gains some of the <color=#6F4877><Icon=IconStaminaBlack|30|30|0.5/>Fighting Will</color> cost of the next skill used.	20%						Assets/Product/Texture/Image/UiTheatre6/UiTheatre6SkillIcon/UiTheatre6SkillIcon08.png	1026817	1026818	1026819				1	10265090	1	1000	2	10	5	20	8000	1	1					0	0
10265092	1026509	Focused Intent	Gains {0} of the <color=#6F4877><Icon=IconStamina|30|30|0.5/>Fighting Will</color> cost of the next skill used.	Deals DMG and gains some of the <color=#6F4877><Icon=IconStaminaBlack|30|30|0.5/>Fighting Will</color> cost of the next skill used.	20%						Assets/Product/Texture/Image/UiTheatre6/UiTheatre6SkillIcon/UiTheatre6SkillIcon08.png	1026817	1026818	1026819				2	10265090	1	1500	2	20	10	20	10000	1	1					0	0
10265093	1026509	Focused Intent	Gains {0} of the <color=#6F4877><Icon=IconStamina|30|30|0.5/>Fighting Will</color> cost of the next skill used.	Deals DMG and gains some of the <color=#6F4877><Icon=IconStaminaBlack|30|30|0.5/>Fighting Will</color> cost of the next skill used.	20%						Assets/Product/Texture/Image/UiTheatre6/UiTheatre6SkillIcon/UiTheatre6SkillIcon08.png	1026817	1026818	1026819				3	10265090	1	2000	2	40	20	20	12500	1	1					0	0
10265101	1026510	Reaving Outburst	Reduces enemy's <color=#6F4877><Icon=IconStamina|30|30|0.5/>Fighting Will</color> by {0}.	Deals DMG and reduces enemy's <color=#6F4877><Icon=IconStaminaBlack|30|30|0.5/>Fighting Will</color>.	10						Assets/Product/Texture/Image/UiTheatre6/UiTheatre6SkillIcon/UiTheatre6SkillIcon70.png	1026820						1	10265100	1	1000	2	10	5	20	6000	1	1					0	0
10265102	1026510	Reaving Outburst	Reduces enemy's <color=#6F4877><Icon=IconStamina|30|30|0.5/>Fighting Will</color> by {0}.	Deals DMG and reduces enemy's <color=#6F4877><Icon=IconStaminaBlack|30|30|0.5/>Fighting Will</color>.	10						Assets/Product/Texture/Image/UiTheatre6/UiTheatre6SkillIcon/UiTheatre6SkillIcon70.png	1026820						2	10265100	1	1500	2	20	10	20	7500	1	1					0	0
10265103	1026510	Reaving Outburst	Reduces enemy's <color=#6F4877><Icon=IconStamina|30|30|0.5/>Fighting Will</color> by {0}.	Deals DMG and reduces enemy's <color=#6F4877><Icon=IconStaminaBlack|30|30|0.5/>Fighting Will</color>.	10						Assets/Product/Texture/Image/UiTheatre6/UiTheatre6SkillIcon/UiTheatre6SkillIcon70.png	1026820						3	10265100	1	2000	2	40	20	20	9500	1	1					0	0
10265111	1026511	Honed Edge	Increases <color=#516797><Icon=IconOverClock|30|30|0.5/>Hypersequence</color> by {0}.	Deals DMG and restores <color=#516797><Icon=IconOverClockBlack|30|30|0.5/>Hypersequence</color>.	10						Assets/Product/Texture/Image/UiTheatre6/UiTheatre6SkillIcon/UiTheatre6SkillIcon74.png	1026821	1026822	1026823				1	10265110	1	1000	2	10	5	20	8000	1	1					0	0
10265112	1026511	Honed Edge	Increases <color=#516797><Icon=IconOverClock|30|30|0.5/>Hypersequence</color> by {0}.	Deals DMG and restores <color=#516797><Icon=IconOverClockBlack|30|30|0.5/>Hypersequence</color>.	10						Assets/Product/Texture/Image/UiTheatre6/UiTheatre6SkillIcon/UiTheatre6SkillIcon74.png	1026821	1026822	1026823				2	10265110	1	1500	2	20	10	20	10000	1	1					0	0
10265113	1026511	Honed Edge	Increases <color=#516797><Icon=IconOverClock|30|30|0.5/>Hypersequence</color> by {0}.	Deals DMG and restores <color=#516797><Icon=IconOverClockBlack|30|30|0.5/>Hypersequence</color>.	10						Assets/Product/Texture/Image/UiTheatre6/UiTheatre6SkillIcon/UiTheatre6SkillIcon74.png	1026821	1026822	1026823				3	10265110	1	2000	2	40	20	20	12500	1	1					0	0
10265121	1026512	Basic Attack	Deals DMG.	Damage Dealt							Assets/Product/Texture/Image/UiTheatre6/UiTheatre6FightSkillEmptyBg.png	1026824	1026825	1026826				1		1	1000	2	10	5	20	10000	1	1				1	0	0
10265131	1026513	Basic Attack	Deals DMG.	Damage Dealt							Assets/Product/Texture/Image/UiTheatre6/UiTheatre6FightSkillEmptyBg.png	1026827	1026828	1026829				1		1	1000	2	10	5	20	10000	1	1				1	0	0
10265141	1026514	Basic Attack	Deals DMG.	Damage Dealt							Assets/Product/Texture/Image/UiTheatre6/UiTheatre6FightSkillEmptyBg.png	1026830						1		1	1000	2	10	5	20	10000	1	1				1	0	0
10265151	1026515	Basic Attack	Deals DMG.	Damage Dealt							Assets/Product/Texture/Image/UiTheatre6/UiTheatre6FightSkillEmptyBg.png	1026831						1		1	1000	2	10	5	20	10000	1	1				1	0	0
10271011	1027101	Tempered Body	Gains a <color=#137D90><Icon=IconProtector|30|30|0.5/>Shield</color> equal to {0} of <color=#487F3B><Icon=IconLife|30|30|0.5/>HP</color> (Current: {Attr:2}).\n\nInflicts <color=#487F3B><Icon=IconHitFly|30|30|0.5/>Knockback</color>.	Deals DMG, gains <color=#137D90><Icon=IconProtectorBlack|30|30|0.5/>Shield</color>, and inflicts <color=#487F3B><Icon=IconHitFlyBlack|30|30|0.5/>Knockback</color>.	5%						Assets/Product/Texture/Image/UiTheatre6/UiTheatre6SkillIcon/UiTheatre6SkillIcon95.png	1027506				27		1	10271010	1	2000	4	20	10	25	16000	1	2					0	0
10271012	1027101	Tempered Body	Gains a <color=#137D90><Icon=IconProtector|30|30|0.5/>Shield</color> equal to {0} of <color=#487F3B><Icon=IconLife|30|30|0.5/>HP</color> (Current: {Attr:2}).\n\nInflicts <color=#487F3B><Icon=IconHitFly|30|30|0.5/>Knockback</color>.	Deals DMG, gains <color=#137D90><Icon=IconProtectorBlack|30|30|0.5/>Shield</color>, and inflicts <color=#487F3B><Icon=IconHitFlyBlack|30|30|0.5/>Knockback</color>.	5%						Assets/Product/Texture/Image/UiTheatre6/UiTheatre6SkillIcon/UiTheatre6SkillIcon95.png	1027506				27		2	10271010	1	3000	4	40	20	25	20000	1	2					0	0
10271013	1027101	Tempered Body	Gains a <color=#137D90><Icon=IconProtector|30|30|0.5/>Shield</color> equal to {0} of <color=#487F3B><Icon=IconLife|30|30|0.5/>HP</color> (Current: {Attr:2}).\n\nInflicts <color=#487F3B><Icon=IconHitFly|30|30|0.5/>Knockback</color>.	Deals DMG, gains <color=#137D90><Icon=IconProtectorBlack|30|30|0.5/>Shield</color>, and inflicts <color=#487F3B><Icon=IconHitFlyBlack|30|30|0.5/>Knockback</color>.	5%						Assets/Product/Texture/Image/UiTheatre6/UiTheatre6SkillIcon/UiTheatre6SkillIcon95.png	1027506				27		3	10271010	1	4000	4	80	40	25	25000	1	2					0	0
10271021	1027102	Radiant Charge	For every {0} <color=#CB4B12><Icon=IconSun|30|30|0.5/>Dawnlight</color> gained during this battle, this skill's DMG multiplier increases by {1}, up to {2}.	Deals DMG. Increases this skill's DMG based on the total amount of <color=#CB4B12><Icon=IconSunBlack|30|30|0.5/>Dawnlight</color> gained.	30	7.50%	150%				Assets/Product/Texture/Image/UiTheatre6/UiTheatre6SkillIcon/UiTheatre6SkillIcon85.png	1027501	1027502			28		1	10271020	1	2000	4	20	10	20	15000	1	2	29				0	0
10271022	1027102	Radiant Charge	For every {0} <color=#CB4B12><Icon=IconSun|30|30|0.5/>Dawnlight</color> gained during this battle, this skill's DMG multiplier increases by {1}, up to {2}.	Deals DMG. Increases this skill's DMG based on the total amount of <color=#CB4B12><Icon=IconSunBlack|30|30|0.5/>Dawnlight</color> gained.	30	7.50%	150%				Assets/Product/Texture/Image/UiTheatre6/UiTheatre6SkillIcon/UiTheatre6SkillIcon85.png	1027501	1027502			28		2	10271020	1	3000	4	40	20	20	18000	1	2	29				0	0
10271023	1027102	Radiant Charge	For every {0} <color=#CB4B12><Icon=IconSun|30|30|0.5/>Dawnlight</color> gained during this battle, this skill's DMG multiplier increases by {1}, up to {2}.	Deals DMG. Increases this skill's DMG based on the total amount of <color=#CB4B12><Icon=IconSunBlack|30|30|0.5/>Dawnlight</color> gained.	30	7.50%	150%				Assets/Product/Texture/Image/UiTheatre6/UiTheatre6SkillIcon/UiTheatre6SkillIcon85.png	1027501	1027502			28		3	10271020	1	4000	4	80	40	20	24000	1	2	29				0	0
10271031	1027103	Fortified Stance	If holding no <color=#516797><<Icon=IconBlock|30|30|0.5/>Block></color>, gains {0} stacks of <color=#516797><<Icon=IconBlock|30|30|0.5/>Block></color>. Otherwise, restores {1} <color=#6F4877><Icon=IconStamina|30|30|0.5/>Fighting Will</color>.	Deals DMG. If holding no <color=#516797><<Icon=IconBlockBlack|30|30|0.5/>Block></color>, gains <color=#516797><<Icon=IconBlockBlack|30|30|0.5/>Block></color>. Otherwise, restores <color=#6F4877><Icon=IconStaminaBlack|30|30|0.5/>Fighting Will</color>.	1	10					Assets/Product/Texture/Image/UiTheatre6/UiTheatre6SkillIcon/UiTheatre6SkillIcon29.png	1027507	1027508			18		1	10271030	1	2000	4	20	10	25	16000	1	2					0	0
10271032	1027103	Fortified Stance	If holding no <color=#516797><<Icon=IconBlock|30|30|0.5/>Block></color>, gains {0} stacks of <color=#516797><<Icon=IconBlock|30|30|0.5/>Block></color>. Otherwise, restores {1} <color=#6F4877><Icon=IconStamina|30|30|0.5/>Fighting Will</color>.	Deals DMG. If holding no <color=#516797><<Icon=IconBlockBlack|30|30|0.5/>Block></color>, gains <color=#516797><<Icon=IconBlockBlack|30|30|0.5/>Block></color>. Otherwise, restores <color=#6F4877><Icon=IconStaminaBlack|30|30|0.5/>Fighting Will</color>.	1	10					Assets/Product/Texture/Image/UiTheatre6/UiTheatre6SkillIcon/UiTheatre6SkillIcon29.png	1027507	1027508			18		2	10271030	1	3000	4	40	20	25	20000	1	2					0	0
10271033	1027103	Fortified Stance	If holding no <color=#516797><<Icon=IconBlock|30|30|0.5/>Block></color>, gains {0} stacks of <color=#516797><<Icon=IconBlock|30|30|0.5/>Block></color>. Otherwise, restores {1} <color=#6F4877><Icon=IconStamina|30|30|0.5/>Fighting Will</color>.	Deals DMG. If holding no <color=#516797><<Icon=IconBlockBlack|30|30|0.5/>Block></color>, gains <color=#516797><<Icon=IconBlockBlack|30|30|0.5/>Block></color>. Otherwise, restores <color=#6F4877><Icon=IconStaminaBlack|30|30|0.5/>Fighting Will</color>.	1	10					Assets/Product/Texture/Image/UiTheatre6/UiTheatre6SkillIcon/UiTheatre6SkillIcon29.png	1027507	1027508			18		3	10271030	1	4000	4	80	40	25	25000	1	2					0	0
10271041	1027104	Gleaming Aegis	For every {0} stack(s) of <color=#516797><<Icon=IconBlock|30|30|0.5/>Block></color>, gains {1} <color=#CB4B12><Icon=IconSun|30|30|0.5/>Dawnlight</color>, up to {2} <color=#CB4B12><Icon=IconSun|30|30|0.5/>Dawnlight</color>.	Deals DMG. Gains <color=#CB4B12><Icon=IconSunBlack|30|30|0.5/>Dawnlight</color> based on your current stacks of <color=#516797><<Icon=IconBlockBlack|30|30|0.5/>Block></color>.	1	4	20				Assets/Product/Texture/Image/UiTheatre6/UiTheatre6SkillIcon/UiTheatre6SkillIcon72.png	1027504	1027505			18	28	1	10271040	1	2000	4	20	10	20	15000	1	2	29				0	0
10271042	1027104	Gleaming Aegis	For every {0} stack(s) of <color=#516797><<Icon=IconBlock|30|30|0.5/>Block></color>, gains {1} <color=#CB4B12><Icon=IconSun|30|30|0.5/>Dawnlight</color>, up to {2} <color=#CB4B12><Icon=IconSun|30|30|0.5/>Dawnlight</color>.	Deals DMG. Gains <color=#CB4B12><Icon=IconSunBlack|30|30|0.5/>Dawnlight</color> based on your current stacks of <color=#516797><<Icon=IconBlockBlack|30|30|0.5/>Block></color>.	1	4	20				Assets/Product/Texture/Image/UiTheatre6/UiTheatre6SkillIcon/UiTheatre6SkillIcon72.png	1027504	1027505			18	28	2	10271040	1	3000	4	40	20	20	18000	1	2	29				0	0
10271043	1027104	Gleaming Aegis	For every {0} stack(s) of <color=#516797><<Icon=IconBlock|30|30|0.5/>Block></color>, gains {1} <color=#CB4B12><Icon=IconSun|30|30|0.5/>Dawnlight</color>, up to {2} <color=#CB4B12><Icon=IconSun|30|30|0.5/>Dawnlight</color>.	Deals DMG. Gains <color=#CB4B12><Icon=IconSunBlack|30|30|0.5/>Dawnlight</color> based on your current stacks of <color=#516797><<Icon=IconBlockBlack|30|30|0.5/>Block></color>.	1	4	20				Assets/Product/Texture/Image/UiTheatre6/UiTheatre6SkillIcon/UiTheatre6SkillIcon72.png	1027504	1027505			18	28	3	10271040	1	4000	4	80	40	20	24000	1	2	29				0	0
10271051	1027105	Radiant Oath	When a <color=#137D90><Icon=IconProtector|30|30|0.5/>Shield</color> is active, gains {0} stack(s) of <color=#516797><<Icon=IconBlock|30|30|0.5/>Block></color>.\n\nGains {1} <color=#CB4B12><Icon=IconSun|30|30|0.5/>Dawnlight</color>.	Deals DMG and gains <color=#CB4B12><Icon=IconSunBlack|30|30|0.5/>Dawnlight</color>. Gains <color=#137D90><Icon=IconProtectorBlack|30|30|0.5/>Block></color> while a <color=#516797><<Icon=IconBlockBlack|30|30|0.5/>Shield</color> is active.	1	10					Assets/Product/Texture/Image/UiTheatre6/UiTheatre6SkillIcon/UiTheatre6SkillIcon76.png	1027509	1027510			18	28	1	10271050	1	2000	4	20	10	20	10000	1	2	29				0	0
10271052	1027105	Radiant Oath	When a <color=#137D90><Icon=IconProtector|30|30|0.5/>Shield</color> is active, gains {0} stack(s) of <color=#516797><<Icon=IconBlock|30|30|0.5/>Block></color>.\n\nGains {1} <color=#CB4B12><Icon=IconSun|30|30|0.5/>Dawnlight</color>.	Deals DMG and gains <color=#CB4B12><Icon=IconSunBlack|30|30|0.5/>Dawnlight</color>. Gains <color=#137D90><Icon=IconProtectorBlack|30|30|0.5/>Block></color> while a <color=#516797><<Icon=IconBlockBlack|30|30|0.5/>Shield</color> is active.	1	10					Assets/Product/Texture/Image/UiTheatre6/UiTheatre6SkillIcon/UiTheatre6SkillIcon76.png	1027509	1027510			18	28	2	10271050	1	3000	4	40	20	20	12000	1	2	29				0	0
10271053	1027105	Radiant Oath	When a <color=#137D90><Icon=IconProtector|30|30|0.5/>Shield</color> is active, gains {0} stack(s) of <color=#516797><<Icon=IconBlock|30|30|0.5/>Block></color>.\n\nGains {1} <color=#CB4B12><Icon=IconSun|30|30|0.5/>Dawnlight</color>.	Deals DMG and gains <color=#CB4B12><Icon=IconSunBlack|30|30|0.5/>Dawnlight</color>. Gains <color=#137D90><Icon=IconProtectorBlack|30|30|0.5/>Block></color> while a <color=#516797><<Icon=IconBlockBlack|30|30|0.5/>Shield</color> is active.	1	10					Assets/Product/Texture/Image/UiTheatre6/UiTheatre6SkillIcon/UiTheatre6SkillIcon76.png	1027509	1027510			18	28	3	10271050	1	4000	4	80	40	20	15000	1	2	29				0	0
10271061	1027106	Ray Shifting	For every {0} <color=#CB4B12><Icon=IconSun|30|30|0.5/>Dawnlight</color>, gains {1} <color=#CB4B12><Icon=IconSun|30|30|0.5/>Dawnlight</color>.\n\nInflicts <color=#487F3B><Icon=IconHitFly|30|30|0.5/>Knockback</color>.	Deals DMG, gains <color=#CB4B12><Icon=IconSunBlack|30|30|0.5/>Dawnlight</color> based on current <color=#CB4B12><Icon=IconSunBlack|30|30|0.5/>Dawnlight</color>, and inflicts <color=#487F3B><Icon=IconHitFlyBlack|30|30|0.5/>Knockback</color>.	4	1					Assets/Product/Texture/Image/UiTheatre6/UiTheatre6SkillIcon/UiTheatre6SkillIcon83.png	1027511				28		1	10271060	1	2000	4	20	10	20	16000	1	2	29				0	0
10271062	1027106	Ray Shifting	For every {0} <color=#CB4B12><Icon=IconSun|30|30|0.5/>Dawnlight</color>, gains {1} <color=#CB4B12><Icon=IconSun|30|30|0.5/>Dawnlight</color>.\n\nInflicts <color=#487F3B><Icon=IconHitFly|30|30|0.5/>Knockback</color>.	Deals DMG, gains <color=#CB4B12><Icon=IconSunBlack|30|30|0.5/>Dawnlight</color> based on current <color=#CB4B12><Icon=IconSunBlack|30|30|0.5/>Dawnlight</color>, and inflicts <color=#487F3B><Icon=IconHitFlyBlack|30|30|0.5/>Knockback</color>.	4	1					Assets/Product/Texture/Image/UiTheatre6/UiTheatre6SkillIcon/UiTheatre6SkillIcon83.png	1027511				28		2	10271060	1	3000	4	40	20	20	20000	1	2	29				0	0
10271063	1027106	Ray Shifting	For every {0} <color=#CB4B12><Icon=IconSun|30|30|0.5/>Dawnlight</color>, gains {1} <color=#CB4B12><Icon=IconSun|30|30|0.5/>Dawnlight</color>.\n\nInflicts <color=#487F3B><Icon=IconHitFly|30|30|0.5/>Knockback</color>.	Deals DMG, gains <color=#CB4B12><Icon=IconSunBlack|30|30|0.5/>Dawnlight</color> based on current <color=#CB4B12><Icon=IconSunBlack|30|30|0.5/>Dawnlight</color>, and inflicts <color=#487F3B><Icon=IconHitFlyBlack|30|30|0.5/>Knockback</color>.	4	1					Assets/Product/Texture/Image/UiTheatre6/UiTheatre6SkillIcon/UiTheatre6SkillIcon83.png	1027511				28		3	10271060	1	4000	4	80	40	20	25000	1	2	29				0	0
10271071	1027107	Tempered Armor	For every {0} <color=#9B8015><Icon=IconAttack|30|30|0.5/>ATK</color> (Current: {Attr:1}), gains {1} <color=#137D90><Icon=IconProtector|30|30|0.5/>Shield</color>.	Deals DMG and gains <color=#137D90><Icon=IconProtectorBlack|30|30|0.5/>Shield</color> based on <color=#9B8015><Icon=IconAttackBlack|30|30|0.5/>ATK</color>.	1	1					Assets/Product/Texture/Image/UiTheatre6/UiTheatre6SkillIcon/UiTheatre6SkillIcon05.png	1027512	1027513			27		1	10271070	1	2000	4	20	10	25	15000	1	2					0	0
10271072	1027107	Tempered Armor	For every {0} <color=#9B8015><Icon=IconAttack|30|30|0.5/>ATK</color> (Current: {Attr:1}), gains {1} <color=#137D90><Icon=IconProtector|30|30|0.5/>Shield</color>.	Deals DMG and gains <color=#137D90><Icon=IconProtectorBlack|30|30|0.5/>Shield</color> based on <color=#9B8015><Icon=IconAttackBlack|30|30|0.5/>ATK</color>.	1	1					Assets/Product/Texture/Image/UiTheatre6/UiTheatre6SkillIcon/UiTheatre6SkillIcon05.png	1027512	1027513			27		2	10271070	1	3000	4	40	20	25	22500	1	2					0	0
10271073	1027107	Tempered Armor	For every {0} <color=#9B8015><Icon=IconAttack|30|30|0.5/>ATK</color> (Current: {Attr:1}), gains {1} <color=#137D90><Icon=IconProtector|30|30|0.5/>Shield</color>.	Deals DMG and gains <color=#137D90><Icon=IconProtectorBlack|30|30|0.5/>Shield</color> based on <color=#9B8015><Icon=IconAttackBlack|30|30|0.5/>ATK</color>.	1	1					Assets/Product/Texture/Image/UiTheatre6/UiTheatre6SkillIcon/UiTheatre6SkillIcon05.png	1027512	1027513			27		3	10271070	1	4000	4	80	40	25	27000	1	2					0	0
10271081	1027108	Heavy Shield	When a <color=#137D90><Icon=IconProtector|30|30|0.5/>Shield</color> is active, this skill's DMG multiplier is increased by {0}.\n\nUpon <color=#516797><<Icon=IconBlock|30|30|0.5/>Blocking></color>, this skill's DMG multiplier is increased by {1}.	Deals DMG. DMG is increased when a <color=#137D90><Icon=IconProtectorBlack|30|30|0.5/>Shield</color> is active or upon <color=#516797><<Icon=IconBlockBlack|30|30|0.5/>Blocking></color>.	30%	30%					Assets/Product/Texture/Image/UiTheatre6/UiTheatre6SkillIcon/UiTheatre6SkillIcon23.png	1027514	1027515			27	18	1	10271080	1	2000	4	20	10	25	15000	1	2					0	0
10271082	1027108	Heavy Shield	When a <color=#137D90><Icon=IconProtector|30|30|0.5/>Shield</color> is active, this skill's DMG multiplier is increased by {0}.\n\nUpon <color=#516797><<Icon=IconBlock|30|30|0.5/>Blocking></color>, this skill's DMG multiplier is increased by {1}.	Deals DMG. DMG is increased when a <color=#137D90><Icon=IconProtectorBlack|30|30|0.5/>Shield</color> is active or upon <color=#516797><<Icon=IconBlockBlack|30|30|0.5/>Blocking></color>.	30%	30%					Assets/Product/Texture/Image/UiTheatre6/UiTheatre6SkillIcon/UiTheatre6SkillIcon23.png	1027514	1027515			27	18	2	10271080	1	3000	4	40	20	25	22500	1	2					0	0
10271083	1027108	Heavy Shield	When a <color=#137D90><Icon=IconProtector|30|30|0.5/>Shield</color> is active, this skill's DMG multiplier is increased by {0}.\n\nUpon <color=#516797><<Icon=IconBlock|30|30|0.5/>Blocking></color>, this skill's DMG multiplier is increased by {1}.	Deals DMG. DMG is increased when a <color=#137D90><Icon=IconProtectorBlack|30|30|0.5/>Shield</color> is active or upon <color=#516797><<Icon=IconBlockBlack|30|30|0.5/>Blocking></color>.	30%	30%					Assets/Product/Texture/Image/UiTheatre6/UiTheatre6SkillIcon/UiTheatre6SkillIcon23.png	1027514	1027515			27	18	3	10271080	1	4000	4	80	40	25	27000	1	2					0	0
10271091	1027109	Boiling Blood	Reduces both sides' <color=#6F4877><Icon=IconStamina|30|30|0.5/>Fighting Will</color> by {0}.\n\nFor every {1} total <color=#B96716><Icon=IconWrestle|30|30|0.5/>Initiative</color> (Current: {Attr:4}) and <color=#516797><Icon=IconOverClock|30|30|0.5/>Hypersequence</color> (Current: {Attr:5}), gains {2} <color=#137D90><Icon=IconProtector|30|30|0.5/>Shield</color>.	Deals DMG, reduces both sides' <color=#6F4877><Icon=IconStaminaBlack|30|30|0.5/>Fighting Will</color>, and gains <color=#516797><Icon=IconOverClockBlack|30|30|0.5/>Shield</color> based on your total <color=#B96716><Icon=IconWrestleBlack|30|30|0.5/>Initiative</color> and <color=#137D90><Icon=IconProtectorBlack|30|30|0.5/>Hypersequence</color>.	20	100	50				Assets/Product/Texture/Image/UiTheatre6/UiTheatre6SkillIcon/UiTheatre6SkillIcon97.png	1027516	1027517			27		1	10271090	1	2000	4	20	10	20	15000	1	2					0	0
10271092	1027109	Boiling Blood	Reduces both sides' <color=#6F4877><Icon=IconStamina|30|30|0.5/>Fighting Will</color> by {0}.\n\nFor every {1} total <color=#B96716><Icon=IconWrestle|30|30|0.5/>Initiative</color> (Current: {Attr:4}) and <color=#516797><Icon=IconOverClock|30|30|0.5/>Hypersequence</color> (Current: {Attr:5}), gains {2} <color=#137D90><Icon=IconProtector|30|30|0.5/>Shield</color>.	Deals DMG, reduces both sides' <color=#6F4877><Icon=IconStaminaBlack|30|30|0.5/>Fighting Will</color>, and gains <color=#516797><Icon=IconOverClockBlack|30|30|0.5/>Shield</color> based on your total <color=#B96716><Icon=IconWrestleBlack|30|30|0.5/>Initiative</color> and <color=#137D90><Icon=IconProtectorBlack|30|30|0.5/>Hypersequence</color>.	20	100	50				Assets/Product/Texture/Image/UiTheatre6/UiTheatre6SkillIcon/UiTheatre6SkillIcon97.png	1027516	1027517			27		2	10271090	1	3000	4	40	20	20	18000	1	2					0	0
10271093	1027109	Boiling Blood	Reduces both sides' <color=#6F4877><Icon=IconStamina|30|30|0.5/>Fighting Will</color> by {0}.\n\nFor every {1} total <color=#B96716><Icon=IconWrestle|30|30|0.5/>Initiative</color> (Current: {Attr:4}) and <color=#516797><Icon=IconOverClock|30|30|0.5/>Hypersequence</color> (Current: {Attr:5}), gains {2} <color=#137D90><Icon=IconProtector|30|30|0.5/>Shield</color>.	Deals DMG, reduces both sides' <color=#6F4877><Icon=IconStaminaBlack|30|30|0.5/>Fighting Will</color>, and gains <color=#516797><Icon=IconOverClockBlack|30|30|0.5/>Shield</color> based on your total <color=#B96716><Icon=IconWrestleBlack|30|30|0.5/>Initiative</color> and <color=#137D90><Icon=IconProtectorBlack|30|30|0.5/>Hypersequence</color>.	20	100	50				Assets/Product/Texture/Image/UiTheatre6/UiTheatre6SkillIcon/UiTheatre6SkillIcon97.png	1027516	1027517			27		3	10271090	1	4000	4	80	40	20	21000	1	2					0	0
10271101	1027110	Ignited Plate	For every {0} <color=#B96716><Icon=IconWrestle|30|30|0.5/>Initiative</color> (Current: {Attr:4}), gains {1} <color=#CB4B12><Icon=IconSun|30|30|0.5/>Dawnlight</color>.\n\nGains {2} stack(s) of <color=#B96716><<Icon=IconCrit|30|30|0.5/>CRIT></color>.	Deals DMG, gains <color=#CB4B12><Icon=IconSunBlack|30|30|0.5/>Dawnlight</color> based on <color=#B96716><Icon=IconWrestleBlack|30|30|0.5/>Initiative</color>, and gains <color=#B96716><<Icon=IconCritBlack|30|30|0.5/>CRIT></color>.	50	1	1				Assets/Product/Texture/Image/UiTheatre6/UiTheatre6SkillIcon/UiTheatre6SkillIcon98.png	1027518	1027519			28	16	1	10271100	1	2000	4	20	10	30	12000	1	2	29				0	0
10271102	1027110	Ignited Plate	For every {0} <color=#B96716><Icon=IconWrestle|30|30|0.5/>Initiative</color> (Current: {Attr:4}), gains {1} <color=#CB4B12><Icon=IconSun|30|30|0.5/>Dawnlight</color>.\n\nGains {2} stack(s) of <color=#B96716><<Icon=IconCrit|30|30|0.5/>CRIT></color>.	Deals DMG, gains <color=#CB4B12><Icon=IconSunBlack|30|30|0.5/>Dawnlight</color> based on <color=#B96716><Icon=IconWrestleBlack|30|30|0.5/>Initiative</color>, and gains <color=#B96716><<Icon=IconCritBlack|30|30|0.5/>CRIT></color>.	50	1	1				Assets/Product/Texture/Image/UiTheatre6/UiTheatre6SkillIcon/UiTheatre6SkillIcon98.png	1027518	1027519			28	16	2	10271100	1	3000	4	40	20	30	15000	1	2	29				0	0
10271103	1027110	Ignited Plate	For every {0} <color=#B96716><Icon=IconWrestle|30|30|0.5/>Initiative</color> (Current: {Attr:4}), gains {1} <color=#CB4B12><Icon=IconSun|30|30|0.5/>Dawnlight</color>.\n\nGains {2} stack(s) of <color=#B96716><<Icon=IconCrit|30|30|0.5/>CRIT></color>.	Deals DMG, gains <color=#CB4B12><Icon=IconSunBlack|30|30|0.5/>Dawnlight</color> based on <color=#B96716><Icon=IconWrestleBlack|30|30|0.5/>Initiative</color>, and gains <color=#B96716><<Icon=IconCritBlack|30|30|0.5/>CRIT></color>.	50	1	1				Assets/Product/Texture/Image/UiTheatre6/UiTheatre6SkillIcon/UiTheatre6SkillIcon98.png	1027518	1027519			28	16	3	10271100	1	4000	4	80	40	30	18000	1	2	29				0	0
10271111	1027111	Sunlit Bastion	Consumes {0} <color=#6F4877><Icon=IconStamina|30|30|0.5/>Fighting Will</color> and gains {1} stack(s) of <color=#516797><<Icon=IconBlock|30|30|0.5/>Block></color>.\n\nInflicts <color=#487F3B><Icon=IconHitFly|30|30|0.5/>Knockback</color>.	Deals DMG, consumes <color=#6F4877><Icon=IconStaminaBlack|30|30|0.5/>Fighting Will</color>, and gains <color=#516797><<Icon=IconBlockBlack|30|30|0.5/>Block></color>, inflicting <color=#487F3B><Icon=IconHitFlyBlack|30|30|0.5/>Knockback</color>.	30	2					Assets/Product/Texture/Image/UiTheatre6/UiTheatre6SkillIcon/UiTheatre6SkillIcon66.png	1027520				25		1	10271099	1	2000	4	20	10	25	16000	1	2					0	0
10271112	1027111	Sunlit Bastion	Consumes {0} <color=#6F4877><Icon=IconStamina|30|30|0.5/>Fighting Will</color> and gains {1} stack(s) of <color=#516797><<Icon=IconBlock|30|30|0.5/>Block></color>.\n\nInflicts <color=#487F3B><Icon=IconHitFly|30|30|0.5/>Knockback</color>.	Deals DMG, consumes <color=#6F4877><Icon=IconStaminaBlack|30|30|0.5/>Fighting Will</color>, and gains <color=#516797><<Icon=IconBlockBlack|30|30|0.5/>Block></color>, inflicting <color=#487F3B><Icon=IconHitFlyBlack|30|30|0.5/>Knockback</color>.	30	2					Assets/Product/Texture/Image/UiTheatre6/UiTheatre6SkillIcon/UiTheatre6SkillIcon66.png	1027520				25		2	10271099	1	3000	4	40	20	25	20000	1	2					0	0
10271113	1027111	Sunlit Bastion	Consumes {0} <color=#6F4877><Icon=IconStamina|30|30|0.5/>Fighting Will</color> and gains {1} stack(s) of <color=#516797><<Icon=IconBlock|30|30|0.5/>Block></color>.\n\nInflicts <color=#487F3B><Icon=IconHitFly|30|30|0.5/>Knockback</color>.	Deals DMG, consumes <color=#6F4877><Icon=IconStaminaBlack|30|30|0.5/>Fighting Will</color>, and gains <color=#516797><<Icon=IconBlockBlack|30|30|0.5/>Block></color>, inflicting <color=#487F3B><Icon=IconHitFlyBlack|30|30|0.5/>Knockback</color>.	30	2					Assets/Product/Texture/Image/UiTheatre6/UiTheatre6SkillIcon/UiTheatre6SkillIcon66.png	1027520				25		3	10271099	1	4000	4	80	40	25	25000	1	2					0	0
10271121	1027112	Dawn's Finality	For every {0} <color=#CB4B12><Icon=IconSun|30|30|0.5/>Dawnlight</color> gained, <color=#6F4877><Icon=IconStamina|30|30|0.5/>Fighting Will</color> increases by {1}.\n\nConsumes {2} of <color=#6F4877><Icon=IconStamina|30|30|0.5/>Fighting Will</color> to gain an equal amount of <color=#CB4B12><Icon=IconSun|30|30|0.5/>Dawnlight</color>.	Increases <color=#6F4877><Icon=IconStaminaBlack|30|30|0.5/>Fighting Will</color> based on the total amount of <color=#CB4B12><Icon=IconSunBlack|30|30|0.5/>Dawnlight</color> gained during this battle. Consumes <color=#6F4877><Icon=IconStaminaBlack|30|30|0.5/>Fighting Will</color> to gain <color=#CB4B12><Icon=IconSunBlack|30|30|0.5/>Dawnlight</color>.	10	1	40%				Assets/Product/Texture/Image/UiTheatre6/UiTheatre6SkillIcon/UiTheatre6SkillIcon96.png	1027503				25	28	1	10271098	1	2000	4	20	10	20	15000	1	2	29				0	0
10271122	1027112	Dawn's Finality	For every {0} <color=#CB4B12><Icon=IconSun|30|30|0.5/>Dawnlight</color> gained, <color=#6F4877><Icon=IconStamina|30|30|0.5/>Fighting Will</color> increases by {1}.\n\nConsumes {2} of <color=#6F4877><Icon=IconStamina|30|30|0.5/>Fighting Will</color> to gain an equal amount of <color=#CB4B12><Icon=IconSun|30|30|0.5/>Dawnlight</color>.	Increases <color=#6F4877><Icon=IconStaminaBlack|30|30|0.5/>Fighting Will</color> based on the total amount of <color=#CB4B12><Icon=IconSunBlack|30|30|0.5/>Dawnlight</color> gained during this battle. Consumes <color=#6F4877><Icon=IconStaminaBlack|30|30|0.5/>Fighting Will</color> to gain <color=#CB4B12><Icon=IconSunBlack|30|30|0.5/>Dawnlight</color>.	10	1	40%				Assets/Product/Texture/Image/UiTheatre6/UiTheatre6SkillIcon/UiTheatre6SkillIcon96.png	1027503				25	28	2	10271098	1	3000	4	40	20	20	18000	1	2	29				0	0
10271123	1027112	Dawn's Finality	For every {0} <color=#CB4B12><Icon=IconSun|30|30|0.5/>Dawnlight</color> gained, <color=#6F4877><Icon=IconStamina|30|30|0.5/>Fighting Will</color> increases by {1}.\n\nConsumes {2} of <color=#6F4877><Icon=IconStamina|30|30|0.5/>Fighting Will</color> to gain an equal amount of <color=#CB4B12><Icon=IconSun|30|30|0.5/>Dawnlight</color>.	Increases <color=#6F4877><Icon=IconStaminaBlack|30|30|0.5/>Fighting Will</color> based on the total amount of <color=#CB4B12><Icon=IconSunBlack|30|30|0.5/>Dawnlight</color> gained during this battle. Consumes <color=#6F4877><Icon=IconStaminaBlack|30|30|0.5/>Fighting Will</color> to gain <color=#CB4B12><Icon=IconSunBlack|30|30|0.5/>Dawnlight</color>.	10	1	40%				Assets/Product/Texture/Image/UiTheatre6/UiTheatre6SkillIcon/UiTheatre6SkillIcon96.png	1027503				25	28	3	10271098	1	4000	4	80	40	20	21000	1	2	29				0	0
10272011	1027201	Blazing Dawn	<b><color=#E7D09A>After gaining First Strike:</color></b>\n\nIncreases DMG Multiplier by {1} for every {0} <color=#516797><Icon=IconBlock|30|30|0.5/>Block</color> trigger(s).	After gaining First Strike, increases DMG based on <color=#516797><Icon=IconBlockBlack|30|30|0.5/>Block</color> trigger count.	1	60%					Assets/Product/Texture/Image/UiTheatre6/UiTheatre6SkillIcon/UiTheatre6SkillIcon91.png	1027212	1027213			18		1	10272010	4	3000	4	40	20		8000	1	3					0	0
10272012	1027201	Blazing Dawn	<b><color=#E7D09A>After gaining First Strike:</color></b>\n\nIncreases DMG Multiplier by {1} for every {0} <color=#516797><Icon=IconBlock|30|30|0.5/>Block</color> trigger(s).	After gaining First Strike, increases DMG based on <color=#516797><Icon=IconBlockBlack|30|30|0.5/>Block</color> trigger count.	1	60%					Assets/Product/Texture/Image/UiTheatre6/UiTheatre6SkillIcon/UiTheatre6SkillIcon91.png	1027212	1027213			18		2	10272010	4	4500	4	80	40		12000	1	3					0	0
10272013	1027201	Blazing Dawn	<b><color=#E7D09A>After gaining First Strike:</color></b>\n\nIncreases DMG Multiplier by {1} for every {0} <color=#516797><Icon=IconBlock|30|30|0.5/>Block</color> trigger(s).	After gaining First Strike, increases DMG based on <color=#516797><Icon=IconBlockBlack|30|30|0.5/>Block</color> trigger count.	1	60%					Assets/Product/Texture/Image/UiTheatre6/UiTheatre6SkillIcon/UiTheatre6SkillIcon91.png	1027212	1027213			18		3	10272010	4	6000	4	160	80		16000	1	3					0	0
10272021	1027202	Burning Soul	<b><color=#E7D09A>After using [Active Skill] a total of {0} times:</color></b>\n\nDepletes <color=#6F4877><Icon=IconStaminaBlack|30|30|0.5/>Fighting Will</color>. For every {1} consumed, gains {2} stack(s) of <color=#516797><<Icon=IconBlock|30|30|0.5/>Block></color>.\n\nInflicts <color=#487F3B><Icon=IconHitFly|30|30|0.5/>Knockback</color>.	After using [Active Skill] multiple times, depletes <color=#6F4877><Icon=IconStaminaBlack|30|30|0.5/>Fighting Will</color> and converts it into <color=#516797><<Icon=IconBlockBlack|30|30|0.5/>Block></color>, inflicting <color=#487F3B><Icon=IconHitFlyBlack|30|30|0.5/>Knockback</color>.	3	15	1				Assets/Product/Texture/Image/UiTheatre6/UiTheatre6SkillIcon/UiTheatre6SkillIcon78.png	1027210				18		1	10272020	4	3000	4	40	20		10000	1	3					0	0
10272022	1027202	Burning Soul	<b><color=#E7D09A>After using [Active Skill] a total of {0} times:</color></b>\n\nDepletes <color=#6F4877><Icon=IconStaminaBlack|30|30|0.5/>Fighting Will</color>. For every {1} consumed, gains {2} stack(s) of <color=#516797><<Icon=IconBlock|30|30|0.5/>Block></color>.\n\nInflicts <color=#487F3B><Icon=IconHitFly|30|30|0.5/>Knockback</color>.	After using [Active Skill] multiple times, depletes <color=#6F4877><Icon=IconStaminaBlack|30|30|0.5/>Fighting Will</color> and converts it into <color=#516797><<Icon=IconBlockBlack|30|30|0.5/>Block></color>, inflicting <color=#487F3B><Icon=IconHitFlyBlack|30|30|0.5/>Knockback</color>.	3	12	1				Assets/Product/Texture/Image/UiTheatre6/UiTheatre6SkillIcon/UiTheatre6SkillIcon78.png	1027210				18		2	10272020	4	4500	4	80	40		10000	1	3					0	0
10272023	1027202	Burning Soul	<b><color=#E7D09A>After using [Active Skill] a total of {0} times:</color></b>\n\nDepletes <color=#6F4877><Icon=IconStaminaBlack|30|30|0.5/>Fighting Will</color>. For every {1} consumed, gains {2} stack(s) of <color=#516797><<Icon=IconBlock|30|30|0.5/>Block></color>.\n\nInflicts <color=#487F3B><Icon=IconHitFly|30|30|0.5/>Knockback</color>.	After using [Active Skill] multiple times, depletes <color=#6F4877><Icon=IconStaminaBlack|30|30|0.5/>Fighting Will</color> and converts it into <color=#516797><<Icon=IconBlockBlack|30|30|0.5/>Block></color>, inflicting <color=#487F3B><Icon=IconHitFlyBlack|30|30|0.5/>Knockback</color>.	3	10	1				Assets/Product/Texture/Image/UiTheatre6/UiTheatre6SkillIcon/UiTheatre6SkillIcon78.png	1027210				18		3	10272020	4	6000	4	160	80		10000	1	3					0	0
10272031	1027203	Ignited Vanguard	<b><color=#E7D09A>Upon gaining </color><color=#137D90><Icon=IconProtector|30|30|0.5/>Shield</color><color=#E7D09A>  {0} time(s):</color></b>\n\nDeals bonus DMG equal to {1} of <color=#137D90><Icon=IconProtector|30|30|0.5/>Shield</color>.	When gaining <color=#137D90><Icon=IconProtectorBlack|30|30|0.5/>Shield</color> multiple times, deals additional DMG based on <color=#137D90><Icon=IconProtectorBlack|30|30|0.5/>Shield</color>.	3	30%					Assets/Product/Texture/Image/UiTheatre6/UiTheatre6SkillIcon/UiTheatre6SkillIcon19.png	1027207	1027208	1027209		27		1	10272030	4	3000	4	40	20		10000	1	3					0	0
10272032	1027203	Ignited Vanguard	<b><color=#E7D09A>Upon gaining </color><color=#137D90><Icon=IconProtector|30|30|0.5/>Shield</color><color=#E7D09A>  {0} time(s):</color></b>\n\nDeals bonus DMG equal to {1} of <color=#137D90><Icon=IconProtector|30|30|0.5/>Shield</color>.	When gaining <color=#137D90><Icon=IconProtectorBlack|30|30|0.5/>Shield</color> multiple times, deals additional DMG based on <color=#137D90><Icon=IconProtectorBlack|30|30|0.5/>Shield</color>.	3	45%					Assets/Product/Texture/Image/UiTheatre6/UiTheatre6SkillIcon/UiTheatre6SkillIcon19.png	1027207	1027208	1027209		27		2	10272030	4	4500	4	80	40		10000	1	3					0	0
10272033	1027203	Ignited Vanguard	<b><color=#E7D09A>Upon gaining </color><color=#137D90><Icon=IconProtector|30|30|0.5/>Shield</color><color=#E7D09A>  {0} time(s):</color></b>\n\nDeals bonus DMG equal to {1} of <color=#137D90><Icon=IconProtector|30|30|0.5/>Shield</color>.	When gaining <color=#137D90><Icon=IconProtectorBlack|30|30|0.5/>Shield</color> multiple times, deals additional DMG based on <color=#137D90><Icon=IconProtectorBlack|30|30|0.5/>Shield</color>.	3	60%					Assets/Product/Texture/Image/UiTheatre6/UiTheatre6SkillIcon/UiTheatre6SkillIcon19.png	1027207	1027208	1027209		27		3	10272030	4	6000	4	160	80		10000	1	3					0	0
10272041	1027204	Ruins to Dust	<b><color=#E7D09A>Each time your </color><color=#6F4877><Icon=IconStamina|30|30|0.5/> Fighting Will</color><color=#E7D09A> reaches zero:</color></b>\n\nDepletes <color=#137D90><Icon=IconProtector|30|30|0.5/>Shield</color>. For every {0} <color=#137D90><Icon=IconProtector|30|30|0.5/>Shield</color> consumed, deals an additional {1} DMG.\n\nDepletes <color=#516797><<Icon=IconBlock|30|30|0.5/>Block></color> stacks. For every {2} stacks consumed, DMG multiplier increases by {3}.	Each time <color=#6F4877><Icon=IconStaminaBlack|30|30|0.5/>Fighting Will</color> reaches zero, consumes all your <color=#137D90><Icon=IconProtectorBlack|30|30|0.5/>Shield</color> and <color=#516797><<Icon=IconBlockBlack|30|30|0.5/>Block></color> stacks to deal massive damage.	1	2	1	70%			Assets/Product/Texture/Image/UiTheatre6/UiTheatre6SkillIcon/UiTheatre6SkillIcon93.png	1027214				27	18	1	10272040	4	3000	4	40	20		10000	1	3					0	0
10272042	1027204	Ruins to Dust	<b><color=#E7D09A>Each time your </color><color=#6F4877><Icon=IconStamina|30|30|0.5/> Fighting Will</color><color=#E7D09A> reaches zero:</color></b>\n\nDepletes <color=#137D90><Icon=IconProtector|30|30|0.5/>Shield</color>. For every {0} <color=#137D90><Icon=IconProtector|30|30|0.5/>Shield</color> consumed, deals an additional {1} DMG.\n\nDepletes <color=#516797><<Icon=IconBlock|30|30|0.5/>Block></color> stacks. For every {2} stacks consumed, DMG multiplier increases by {3}.	Each time <color=#6F4877><Icon=IconStaminaBlack|30|30|0.5/>Fighting Will</color> reaches zero, consumes all your <color=#137D90><Icon=IconProtectorBlack|30|30|0.5/>Shield</color> and <color=#516797><<Icon=IconBlockBlack|30|30|0.5/>Block></color> stacks to deal massive damage.	1	2	1	70%			Assets/Product/Texture/Image/UiTheatre6/UiTheatre6SkillIcon/UiTheatre6SkillIcon93.png	1027214				27	18	2	10272040	4	4500	4	80	40		15000	1	3					0	0
10272043	1027204	Ruins to Dust	<b><color=#E7D09A>Each time your </color><color=#6F4877><Icon=IconStamina|30|30|0.5/> Fighting Will</color><color=#E7D09A> reaches zero:</color></b>\n\nDepletes <color=#137D90><Icon=IconProtector|30|30|0.5/>Shield</color>. For every {0} <color=#137D90><Icon=IconProtector|30|30|0.5/>Shield</color> consumed, deals an additional {1} DMG.\n\nDepletes <color=#516797><<Icon=IconBlock|30|30|0.5/>Block></color> stacks. For every {2} stacks consumed, DMG multiplier increases by {3}.	Each time <color=#6F4877><Icon=IconStaminaBlack|30|30|0.5/>Fighting Will</color> reaches zero, consumes all your <color=#137D90><Icon=IconProtectorBlack|30|30|0.5/>Shield</color> and <color=#516797><<Icon=IconBlockBlack|30|30|0.5/>Block></color> stacks to deal massive damage.	1	2	1	70%			Assets/Product/Texture/Image/UiTheatre6/UiTheatre6SkillIcon/UiTheatre6SkillIcon93.png	1027214				27	18	3	10272040	4	6000	4	160	80		20000	1	3					0	0
10272051	1027205	Radiant Accord	<b><color=#E7D09A>Upon reaching {0} accumulated </color><color=#CB4B12><Icon=IconSun|30|30|0.5/> Dawnlight</color><color=#E7D09A>:</color></b>\n\nGains {1} stack(s) of <color=#516797><<Icon=IconBlock|30|30|0.5/>Block></color>.\n\nFor every {2} <color=#9B8015><Icon=IconAttack|30|30|0.5/>ATK</color> (Current: {Attr:1}), gains {3} <color=#CB4B12><Icon=IconSun|30|30|0.5/>Dawnlight</color>.	Upon reaching a set amount of accumulated <color=#CB4B12><Icon=IconSunBlack|30|30|0.5/>Dawnlight</color>, gains <color=#516797><<Icon=IconBlockBlack|30|30|0.5/>Block></color> and gains <color=#9B8015><Icon=IconAttackBlack|30|30|0.5/>Dawnlight</color> based on your <color=#CB4B12><Icon=IconSunBlack|30|30|0.5/>ATK</color>.	300	1	20	1			Assets/Product/Texture/Image/UiTheatre6/UiTheatre6SkillIcon/UiTheatre6SkillIcon80.png	1027215	1027216			28	18	1	10272050	4	3000	4	40	20		12000	1	3	29				0	0
10272052	1027205	Radiant Accord	<b><color=#E7D09A>Upon reaching {0} accumulated </color><color=#CB4B12><Icon=IconSun|30|30|0.5/> Dawnlight</color><color=#E7D09A>:</color></b>\n\nGains {1} stack(s) of <color=#516797><<Icon=IconBlock|30|30|0.5/>Block></color>.\n\nFor every {2} <color=#9B8015><Icon=IconAttack|30|30|0.5/>ATK</color> (Current: {Attr:1}), gains {3} <color=#CB4B12><Icon=IconSun|30|30|0.5/>Dawnlight</color>.	Upon reaching a set amount of accumulated <color=#CB4B12><Icon=IconSunBlack|30|30|0.5/>Dawnlight</color>, gains <color=#516797><<Icon=IconBlockBlack|30|30|0.5/>Block></color> and gains <color=#9B8015><Icon=IconAttackBlack|30|30|0.5/>Dawnlight</color> based on your <color=#CB4B12><Icon=IconSunBlack|30|30|0.5/>ATK</color>.	300	1	20	1			Assets/Product/Texture/Image/UiTheatre6/UiTheatre6SkillIcon/UiTheatre6SkillIcon80.png	1027215	1027216			28	18	2	10272050	4	4500	4	80	40		16000	1	3	29				0	0
10272053	1027205	Radiant Accord	<b><color=#E7D09A>Upon reaching {0} accumulated </color><color=#CB4B12><Icon=IconSun|30|30|0.5/> Dawnlight</color><color=#E7D09A>:</color></b>\n\nGains {1} stack(s) of <color=#516797><<Icon=IconBlock|30|30|0.5/>Block></color>.\n\nFor every {2} <color=#9B8015><Icon=IconAttack|30|30|0.5/>ATK</color> (Current: {Attr:1}), gains {3} <color=#CB4B12><Icon=IconSun|30|30|0.5/>Dawnlight</color>.	Upon reaching a set amount of accumulated <color=#CB4B12><Icon=IconSunBlack|30|30|0.5/>Dawnlight</color>, gains <color=#516797><<Icon=IconBlockBlack|30|30|0.5/>Block></color> and gains <color=#9B8015><Icon=IconAttackBlack|30|30|0.5/>Dawnlight</color> based on your <color=#CB4B12><Icon=IconSunBlack|30|30|0.5/>ATK</color>.	300	1	20	1			Assets/Product/Texture/Image/UiTheatre6/UiTheatre6SkillIcon/UiTheatre6SkillIcon80.png	1027215	1027216			28	18	3	10272050	4	6000	4	160	80		20000	1	3	29				0	0
10272061	1027206	Fortress Forged	<b><color=#E7D09A>Each time your </color><color=#516797><<Icon=IconBlock|30|30|0.5/>Block></color><color=#E7D09A> stacks exceed {0}:</color></b>\n\nFor every {1} <color=#B96716><Icon=IconWrestle|30|30|0.5/>Initiative</color> (Current: {Attr:4}), DMG multiplier increases by {2}.\n\nConsumes {3} stacks of <color=#516797><<Icon=IconBlock|30|30|0.5/>Block></color>.	Upon <color=#516797><<Icon=IconBlockBlack|30|30|0.5/>Block></color> stacks reach a set amount, deals increased DMG based on <color=#B96716><Icon=IconWrestleBlack|30|30|0.5/>Initiative</color> and consumes a certain number of <color=#516797><<Icon=IconBlockBlack|30|30|0.5/>Block></color> stacks.	7	1	0.50%	3			Assets/Product/Texture/Image/UiTheatre6/UiTheatre6SkillIcon/UiTheatre6SkillIcon90.png	1027201				18		1	10272060	4	3000	4	40	20		15000	1	3					0	0
10272062	1027206	Fortress Forged	<b><color=#E7D09A>Each time your </color><color=#516797><<Icon=IconBlock|30|30|0.5/>Block></color><color=#E7D09A> stacks exceed {0}:</color></b>\n\nFor every {1} <color=#B96716><Icon=IconWrestle|30|30|0.5/>Initiative</color> (Current: {Attr:4}), DMG multiplier increases by {2}.\n\nConsumes {3} stacks of <color=#516797><<Icon=IconBlock|30|30|0.5/>Block></color>.	Upon <color=#516797><<Icon=IconBlockBlack|30|30|0.5/>Block></color> stacks reach a set amount, deals increased DMG based on <color=#B96716><Icon=IconWrestleBlack|30|30|0.5/>Initiative</color> and consumes a certain number of <color=#516797><<Icon=IconBlockBlack|30|30|0.5/>Block></color> stacks.	7	1	0.50%	3			Assets/Product/Texture/Image/UiTheatre6/UiTheatre6SkillIcon/UiTheatre6SkillIcon90.png	1027201				18		2	10272060	4	4500	4	80	40		18000	1	3					0	0
10272063	1027206	Fortress Forged	<b><color=#E7D09A>Each time your </color><color=#516797><<Icon=IconBlock|30|30|0.5/>Block></color><color=#E7D09A> stacks exceed {0}:</color></b>\n\nFor every {1} <color=#B96716><Icon=IconWrestle|30|30|0.5/>Initiative</color> (Current: {Attr:4}), DMG multiplier increases by {2}.\n\nConsumes {3} stacks of <color=#516797><<Icon=IconBlock|30|30|0.5/>Block></color>.	Upon <color=#516797><<Icon=IconBlockBlack|30|30|0.5/>Block></color> stacks reach a set amount, deals increased DMG based on <color=#B96716><Icon=IconWrestleBlack|30|30|0.5/>Initiative</color> and consumes a certain number of <color=#516797><<Icon=IconBlockBlack|30|30|0.5/>Block></color> stacks.	7	1	0.50%	3			Assets/Product/Texture/Image/UiTheatre6/UiTheatre6SkillIcon/UiTheatre6SkillIcon90.png	1027201				18		3	10272060	4	6000	4	160	80		21000	1	3					0	0
10272071	1027207	War-Forged Blade	<b><color=#E7D09A>After accumulating {0} </color><color=#137D90><Icon=IconProtector|30|30|0.5/> stacks of Shield</color><color=#E7D09A> for the first time:</color></b>\n\nEach skill use increases <color=#9B8015><Icon=IconAttack|30|30|0.5/>ATK</color> by {1}.\n\nEach skill use increases <color=#516797><Icon=IconOverClock|30|30|0.5/>Hypersequence</color> by {2}.	After gaining multiple <color=#137D90><Icon=IconProtectorBlack|30|30|0.5/>Shields</color> for the first time: Each skill use increases <color=#9B8015><Icon=IconAttackBlack|30|30|0.5/>ATK</color>.	8	10	3				Assets/Product/Texture/Image/UiTheatre6/UiTheatre6SkillIcon/UiTheatre6SkillIcon21.png	1027217	1027218	1027219		27		1	10272070	4	3000	4	40	20		10000	1	3					0	0
10272072	1027207	War-Forged Blade	<b><color=#E7D09A>After accumulating {0} </color><color=#137D90><Icon=IconProtector|30|30|0.5/> stacks of Shield</color><color=#E7D09A> for the first time:</color></b>\n\nEach skill use increases <color=#9B8015><Icon=IconAttack|30|30|0.5/>ATK</color> by {1}.\n\nEach skill use increases <color=#516797><Icon=IconOverClock|30|30|0.5/>Hypersequence</color> by {2}.	After gaining multiple <color=#137D90><Icon=IconProtectorBlack|30|30|0.5/>Shields</color> for the first time: Each skill use increases <color=#9B8015><Icon=IconAttackBlack|30|30|0.5/>ATK</color>.	8	10	3				Assets/Product/Texture/Image/UiTheatre6/UiTheatre6SkillIcon/UiTheatre6SkillIcon21.png	1027217	1027218	1027219		27		2	10272070	4	4500	4	80	40		15000	1	3					0	0
10272073	1027207	War-Forged Blade	<b><color=#E7D09A>After accumulating {0} </color><color=#137D90><Icon=IconProtector|30|30|0.5/> stacks of Shield</color><color=#E7D09A> for the first time:</color></b>\n\nEach skill use increases <color=#9B8015><Icon=IconAttack|30|30|0.5/>ATK</color> by {1}.\n\nEach skill use increases <color=#516797><Icon=IconOverClock|30|30|0.5/>Hypersequence</color> by {2}.	After gaining multiple <color=#137D90><Icon=IconProtectorBlack|30|30|0.5/>Shields</color> for the first time: Each skill use increases <color=#9B8015><Icon=IconAttackBlack|30|30|0.5/>ATK</color>.	8	10	3				Assets/Product/Texture/Image/UiTheatre6/UiTheatre6SkillIcon/UiTheatre6SkillIcon21.png	1027217	1027218	1027219		27		3	10272070	4	6000	4	160	80		20000	1	3					0	0
10272081	1027208	Eternal Zenith	<b><color=#E7D09A>After using any skill for the first time:</color></b>Gains a <color=#137D90><Icon=IconProtector|30|30|0.5/>Shield</color> equal to {0} of <color=#487F3B><Icon=IconLife|30|30|0.5/>HP</color>.\n\nFor every {1} [Trigger Skill] uses in this battle, gains {2} <color=#CB4B12><Icon=IconSun|30|30|0.5/>Dawnlight</color>, up to {3}.\n\nInflicts <color=#487F3B><Icon=IconHitFly|30|30|0.5/>Knockback</color>.	After using any skill for the first time, gains a <color=#137D90><Icon=IconProtectorBlack|30|30|0.5/>Shield</color> based on <color=#487F3B><Icon=IconLifeBlack|30|30|0.5/>HP</color>, gains <color=#CB4B12><Icon=IconSunBlack|30|30|0.5/>Dawnlight</color> based on [Trigger Skill] uses, and inflicts <color=#487F3B><Icon=IconHitFlyBlack|30|30|0.5/>Knockback</color>.	10%	1	5	30			Assets/Product/Texture/Image/UiTheatre6/UiTheatre6SkillIcon/UiTheatre6SkillIcon11.png	1027220	1027221			27	28	1	10272080	4	3000	4	40	20		10000	1	3	29				0	0
10272082	1027208	Eternal Zenith	<b><color=#E7D09A>After using any skill for the first time:</color></b>Gains a <color=#137D90><Icon=IconProtector|30|30|0.5/>Shield</color> equal to {0} of <color=#487F3B><Icon=IconLife|30|30|0.5/>HP</color>.\n\nFor every {1} [Trigger Skill] uses in this battle, gains {2} <color=#CB4B12><Icon=IconSun|30|30|0.5/>Dawnlight</color>, up to {3}.\n\nInflicts <color=#487F3B><Icon=IconHitFly|30|30|0.5/>Knockback</color>.	After using any skill for the first time, gains a <color=#137D90><Icon=IconProtectorBlack|30|30|0.5/>Shield</color> based on <color=#487F3B><Icon=IconLifeBlack|30|30|0.5/>HP</color>, gains <color=#CB4B12><Icon=IconSunBlack|30|30|0.5/>Dawnlight</color> based on [Trigger Skill] uses, and inflicts <color=#487F3B><Icon=IconHitFlyBlack|30|30|0.5/>Knockback</color>.	10%	1	5	40			Assets/Product/Texture/Image/UiTheatre6/UiTheatre6SkillIcon/UiTheatre6SkillIcon11.png	1027220	1027221			27	28	2	10272080	4	4500	4	80	40		10000	1	3	29				0	0
10272083	1027208	Eternal Zenith	<b><color=#E7D09A>After using any skill for the first time:</color></b>Gains a <color=#137D90><Icon=IconProtector|30|30|0.5/>Shield</color> equal to {0} of <color=#487F3B><Icon=IconLife|30|30|0.5/>HP</color>.\n\nFor every {1} [Trigger Skill] uses in this battle, gains {2} <color=#CB4B12><Icon=IconSun|30|30|0.5/>Dawnlight</color>, up to {3}.\n\nInflicts <color=#487F3B><Icon=IconHitFly|30|30|0.5/>Knockback</color>.	After using any skill for the first time, gains a <color=#137D90><Icon=IconProtectorBlack|30|30|0.5/>Shield</color> based on <color=#487F3B><Icon=IconLifeBlack|30|30|0.5/>HP</color>, gains <color=#CB4B12><Icon=IconSunBlack|30|30|0.5/>Dawnlight</color> based on [Trigger Skill] uses, and inflicts <color=#487F3B><Icon=IconHitFlyBlack|30|30|0.5/>Knockback</color>.	10%	1	5	50			Assets/Product/Texture/Image/UiTheatre6/UiTheatre6SkillIcon/UiTheatre6SkillIcon11.png	1027220	1027221			27	28	3	10272080	4	6000	4	160	80		10000	1	3	29				0	0
10272091	1027209	Unyielding Resolve	<b><color=#E7D09A>When </color><color=#CB4B12><Icon=IconSun|30|30|0.5/>Dawnlight</color><color=#E7D09A> reaches {0}:</color></b>\n\nConsumes all <color=#CB4B12><Icon=IconSun|30|30|0.5/>Dawnlight</color>.\n\n<color=#9B8015><Icon=IconAttack|30|30|0.5/>ATK</color> and <color=#6F4877><Icon=IconStamina|30|30|0.5/>Fighting Will</color> increase by {1}.	When <color=#CB4B12><Icon=IconSunBlack|30|30|0.5/>Dawnlight</color> reaches a certain value, consumes all <color=#CB4B12><Icon=IconSunBlack|30|30|0.5/>Dawnlight</color> to boost <color=#9B8015><Icon=IconAttackBlack|30|30|0.5/>ATK</color> and <color=#6F4877><Icon=IconStaminaBlack|30|30|0.5/>Fighting Will</color>.	100	10					Assets/Product/Texture/Image/UiTheatre6/UiTheatre6SkillIcon/UiTheatre6SkillIcon87.png	1027222				28		1	10272090	4	3000	4	40	20		25000	1	3	29				0	0
10272092	1027209	Unyielding Resolve	<b><color=#E7D09A>When </color><color=#CB4B12><Icon=IconSun|30|30|0.5/>Dawnlight</color><color=#E7D09A> reaches {0}:</color></b>\n\nConsumes all <color=#CB4B12><Icon=IconSun|30|30|0.5/>Dawnlight</color>.\n\n<color=#9B8015><Icon=IconAttack|30|30|0.5/>ATK</color> and <color=#6F4877><Icon=IconStamina|30|30|0.5/>Fighting Will</color> increase by {1}.	When <color=#CB4B12><Icon=IconSunBlack|30|30|0.5/>Dawnlight</color> reaches a certain value, consumes all <color=#CB4B12><Icon=IconSunBlack|30|30|0.5/>Dawnlight</color> to boost <color=#9B8015><Icon=IconAttackBlack|30|30|0.5/>ATK</color> and <color=#6F4877><Icon=IconStaminaBlack|30|30|0.5/>Fighting Will</color>.	100	10					Assets/Product/Texture/Image/UiTheatre6/UiTheatre6SkillIcon/UiTheatre6SkillIcon87.png	1027222				28		2	10272090	4	4500	4	80	40		30000	1	3	29				0	0
10272093	1027209	Unyielding Resolve	<b><color=#E7D09A>When </color><color=#CB4B12><Icon=IconSun|30|30|0.5/>Dawnlight</color><color=#E7D09A> reaches {0}:</color></b>\n\nConsumes all <color=#CB4B12><Icon=IconSun|30|30|0.5/>Dawnlight</color>.\n\n<color=#9B8015><Icon=IconAttack|30|30|0.5/>ATK</color> and <color=#6F4877><Icon=IconStamina|30|30|0.5/>Fighting Will</color> increase by {1}.	When <color=#CB4B12><Icon=IconSunBlack|30|30|0.5/>Dawnlight</color> reaches a certain value, consumes all <color=#CB4B12><Icon=IconSunBlack|30|30|0.5/>Dawnlight</color> to boost <color=#9B8015><Icon=IconAttackBlack|30|30|0.5/>ATK</color> and <color=#6F4877><Icon=IconStaminaBlack|30|30|0.5/>Fighting Will</color>.	100	10					Assets/Product/Texture/Image/UiTheatre6/UiTheatre6SkillIcon/UiTheatre6SkillIcon87.png	1027222				28		3	10272090	4	6000	4	160	80		35000	1	3	29				0	0
10272101	1027210	Blazing Flame	<b><color=#E7D09A>Upon triggering [Trigger Skill] {0} times:</color></b>\n\nFor every {1} <color=#9B8015><Icon=IconAttack|30|30|0.5/>ATK</color> (Current: {Attr:1}), gains {2} <color=#137D90><Icon=IconProtector|30|30|0.5/>Shield</color>.\n\nInflicts <color=#487F3B><Icon=IconHitFly|30|30|0.5/>Knockback</color>.	Upon triggering [Trigger Skill] a set number of times, gains a <color=#137D90><Icon=IconProtectorBlack|30|30|0.5/>Shield</color> based on <color=#9B8015><Icon=IconAttackBlack|30|30|0.5/>ATK</color> and inflicts <color=#487F3B><Icon=IconHitFlyBlack|30|30|0.5/>Knockback</color>.	6	1	1				Assets/Product/Texture/Image/UiTheatre6/UiTheatre6SkillIcon/UiTheatre6SkillIcon82.png	1027223				27		1	10272100	4	3000	4	40	20		10000	1	3					0	0
10272102	1027210	Blazing Flame	<b><color=#E7D09A>Upon triggering [Trigger Skill] {0} times:</color></b>\n\nFor every {1} <color=#9B8015><Icon=IconAttack|30|30|0.5/>ATK</color> (Current: {Attr:1}), gains {2} <color=#137D90><Icon=IconProtector|30|30|0.5/>Shield</color>.\n\nInflicts <color=#487F3B><Icon=IconHitFly|30|30|0.5/>Knockback</color>.	Upon triggering [Trigger Skill] a set number of times, gains a <color=#137D90><Icon=IconProtectorBlack|30|30|0.5/>Shield</color> based on <color=#9B8015><Icon=IconAttackBlack|30|30|0.5/>ATK</color> and inflicts <color=#487F3B><Icon=IconHitFlyBlack|30|30|0.5/>Knockback</color>.	5	1	1				Assets/Product/Texture/Image/UiTheatre6/UiTheatre6SkillIcon/UiTheatre6SkillIcon82.png	1027223				27		2	10272100	4	4500	4	80	40		10000	1	3					0	0
10272103	1027210	Blazing Flame	<b><color=#E7D09A>Upon triggering [Trigger Skill] {0} times:</color></b>\n\nFor every {1} <color=#9B8015><Icon=IconAttack|30|30|0.5/>ATK</color> (Current: {Attr:1}), gains {2} <color=#137D90><Icon=IconProtector|30|30|0.5/>Shield</color>.\n\nInflicts <color=#487F3B><Icon=IconHitFly|30|30|0.5/>Knockback</color>.	Upon triggering [Trigger Skill] a set number of times, gains a <color=#137D90><Icon=IconProtectorBlack|30|30|0.5/>Shield</color> based on <color=#9B8015><Icon=IconAttackBlack|30|30|0.5/>ATK</color> and inflicts <color=#487F3B><Icon=IconHitFlyBlack|30|30|0.5/>Knockback</color>.	4	1	1				Assets/Product/Texture/Image/UiTheatre6/UiTheatre6SkillIcon/UiTheatre6SkillIcon82.png	1027223				27		3	10272100	4	6000	4	160	80		10000	1	3					0	0
10272111	1027211	Aegis of Light	<b><color=#E7D09A>After using a [Counter Skill]:</color></b>\n\n<color=#516797><Icon=IconOverClock|30|30|0.5/>Hypersequence</color> increases by {0}.\n\nFor every {1} <color=#516797><Icon=IconOverClock|30|30|0.5/>Hypersequence</color> (Current: {Attr:5}), gains {2} stack(s) of <color=#516797><<Icon=IconBlock|30|30|0.5/>Block></color>.	When using a [Counter Skill], <color=#516797><Icon=IconOverClockBlack|30|30|0.5/>Hypersequence</color> is increased, and based on <color=#516797><Icon=IconOverClockBlack|30|30|0.5/>Hypersequence</color>, gains <color=#516797><<Icon=IconBlockBlack|30|30|0.5/>Block></color>.	30	200	1				Assets/Product/Texture/Image/UiTheatre6/UiTheatre6SkillIcon/UiTheatre6SkillIcon89.png	1027206				24	18	1	10272110	4	3000	4	40	20		15000	1	3					0	0
10272112	1027211	Aegis of Light	<b><color=#E7D09A>After using a [Counter Skill]:</color></b>\n\n<color=#516797><Icon=IconOverClock|30|30|0.5/>Hypersequence</color> increases by {0}.\n\nFor every {1} <color=#516797><Icon=IconOverClock|30|30|0.5/>Hypersequence</color> (Current: {Attr:5}), gains {2} stack(s) of <color=#516797><<Icon=IconBlock|30|30|0.5/>Block></color>.	When using a [Counter Skill], <color=#516797><Icon=IconOverClockBlack|30|30|0.5/>Hypersequence</color> is increased, and based on <color=#516797><Icon=IconOverClockBlack|30|30|0.5/>Hypersequence</color>, gains <color=#516797><<Icon=IconBlockBlack|30|30|0.5/>Block></color>.	30	200	1				Assets/Product/Texture/Image/UiTheatre6/UiTheatre6SkillIcon/UiTheatre6SkillIcon89.png	1027206				24	18	2	10272110	4	4500	4	80	40		18000	1	3					0	0
10272113	1027211	Aegis of Light	<b><color=#E7D09A>After using a [Counter Skill]:</color></b>\n\n<color=#516797><Icon=IconOverClock|30|30|0.5/>Hypersequence</color> increases by {0}.\n\nFor every {1} <color=#516797><Icon=IconOverClock|30|30|0.5/>Hypersequence</color> (Current: {Attr:5}), gains {2} stack(s) of <color=#516797><<Icon=IconBlock|30|30|0.5/>Block></color>.	When using a [Counter Skill], <color=#516797><Icon=IconOverClockBlack|30|30|0.5/>Hypersequence</color> is increased, and based on <color=#516797><Icon=IconOverClockBlack|30|30|0.5/>Hypersequence</color>, gains <color=#516797><<Icon=IconBlockBlack|30|30|0.5/>Block></color>.	30	200	1				Assets/Product/Texture/Image/UiTheatre6/UiTheatre6SkillIcon/UiTheatre6SkillIcon89.png	1027206				24	18	3	10272110	4	6000	4	160	80		21000	1	3					0	0
10272121	1027212	Majestic Purge	<b><color=#E7D09A>After using a [Parry Skill]:</color></b>\n\nGains {0} <color=#CB4B12><Icon=IconSun|30|30|0.5/>Dawnlight</color>. <color=#CB4B12><Icon=IconSun|30|30|0.5/>Dawnlight</color> gained reduced by {1} with each use.	Using a [Parry Skill] grants <color=#CB4B12><Icon=IconSunBlack|30|30|0.5/>Dawnlight</color>. Repeated uses grant less <color=#CB4B12><Icon=IconSunBlack|30|30|0.5/>Dawnlight</color>.	40	10					Assets/Product/Texture/Image/UiTheatre6/UiTheatre6SkillIcon/UiTheatre6SkillIcon86.png	1027224				23	28	1	10272120	4	3000	4	40	20		15000	1	3	29				0	0
10272122	1027212	Majestic Purge	<b><color=#E7D09A>After using a [Parry Skill]:</color></b>\n\nGains {0} <color=#CB4B12><Icon=IconSun|30|30|0.5/>Dawnlight</color>. <color=#CB4B12><Icon=IconSun|30|30|0.5/>Dawnlight</color> gained reduced by {1} with each use.	Using a [Parry Skill] grants <color=#CB4B12><Icon=IconSunBlack|30|30|0.5/>Dawnlight</color>. Repeated uses grant less <color=#CB4B12><Icon=IconSunBlack|30|30|0.5/>Dawnlight</color>.	40	10					Assets/Product/Texture/Image/UiTheatre6/UiTheatre6SkillIcon/UiTheatre6SkillIcon86.png	1027224				23	28	2	10272120	4	4500	4	80	40		18000	1	3	29				0	0
10272123	1027212	Majestic Purge	<b><color=#E7D09A>After using a [Parry Skill]:</color></b>\n\nGains {0} <color=#CB4B12><Icon=IconSun|30|30|0.5/>Dawnlight</color>. <color=#CB4B12><Icon=IconSun|30|30|0.5/>Dawnlight</color> gained reduced by {1} with each use.	Using a [Parry Skill] grants <color=#CB4B12><Icon=IconSunBlack|30|30|0.5/>Dawnlight</color>. Repeated uses grant less <color=#CB4B12><Icon=IconSunBlack|30|30|0.5/>Dawnlight</color>.	40	10					Assets/Product/Texture/Image/UiTheatre6/UiTheatre6SkillIcon/UiTheatre6SkillIcon86.png	1027224				23	28	3	10272120	4	6000	4	160	80		21000	1	3	29				0	0
10272131	1027213	Eternal Radiance	<b><color=#E7D09A>This skill can only be triggered by</color><color=#CB4B12><Icon=IconSun|30|30|0.5/> Dawnlight Unbound</color><color=#E7D09A>:</color></b>\n\nFor every {0} <color=#6F4877><Icon=IconStamina|30|30|0.5/>Fighting Will</color> (Current: {Attr:3}), DMG multiplier increases by {1}.\n\nGains {2} <color=#CB4B12><Icon=IconSun|30|30|0.5/>Dawnlight</color>.\n\nInflicts <color=#487F3B><Icon=IconHitFly|30|30|0.5/>Knockback</color>.	Can only be triggered by <color=#CB4B12><Icon=IconSunBlack|30|30|0.5/>Dawnlight Unbound</color>. Increases DMG based on <color=#6F4877><Icon=IconStaminaBlack|30|30|0.5/>Fighting Will</color> and gains <color=#CB4B12><Icon=IconSunBlack|30|30|0.5/>Radiance</color>. Inflicts <color=#487F3B><Icon=IconHitFlyBlack|30|30|0.5/>Knockback</color>.	1	1%	20				Assets/Product/Texture/Image/UiTheatre6/UiTheatre6SkillIcon/UiTheatre6SkillIcon84.png	1027202	1027203	1027204	1027205	25	28	1	10272130	4	4000	4	80	40		15000	1	4	29				0	0
10273011	1027301	Crucible of Blood	<b><color=#E7D09A>After a successful Parry:</color></b>\n\nConsumes {0} of <color=#487F3B><Icon=IconLife|30|30|0.5/>HP</color> and converts it into a double <color=#137D90><Icon=IconProtector|30|30|0.5/>Shield</color>.\n\n[Passive] While a <color=#137D90><Icon=IconProtector|30|30|0.5/>Shield</color> is active, for every {1} <color=#B96716><Icon=IconWrestle|30|30|0.5/>Initiative</color> (Current: {Attr:4}), drains {2} <color=#9B8015><Icon=IconAttack|30|30|0.5/>ATK</color> from the enemy.\n\nInflicts {3}s of <Icon=IconStun|30|30|0.5/>Stun.	After a successful Parry, deals DMG, consumes <color=#487F3B><Icon=IconLifeBlack|30|30|0.5/>HP</color> and converts it into a <color=#137D90><Icon=IconProtectorBlack|30|30|0.5/>Shield</color>, and drain the enemy's <color=#9B8015><Icon=IconAttackBlack|30|30|0.5/>ATK</color> based on your <color=#B96716><Icon=IconWrestleBlack|30|30|0.5/>Initiative</color>.	10%	80	10	5			Assets/Product/Texture/Image/UiTheatre6/UiTheatre6SkillIcon/UiTheatre6SkillIcon94.png	1027305	1027306			23	27	1	10273010	2	4000	4	80	40		15000	1	4	11	21			0	0
10273021	1027302	Radiant Fortress	<b><color=#E7D09A>After a successful Parry:</color></b>\n\nFor every {0} <color=#B96716><Icon=IconWrestle|30|30|0.5/>Initiative</color> (Current: {Attr:4}), gains {1} stack(s) of <color=#516797><<Icon=IconBlock|30|30|0.5/>Block></color>, up to {2} stacks.\n\n[Passive] When <color=#516797><Icon=IconBlock|30|30|0.5/>Block</color> is triggered, reduces the enemy's <color=#6F4877><Icon=IconStamina|30|30|0.5/>Fighting Will</color> by {3} and <color=#516797><Icon=IconOverClock|30|30|0.5/>Hypersequence</color> by {4}.\n\nInflicts {5}s of <Icon=IconStun|30|30|0.5/>Stun.	After a successful Parry, deals DMG and gains <color=#516797><<Icon=IconBlockBlack|30|30|0.5/>Block></color> based on <color=#B96716><Icon=IconWrestleBlack|30|30|0.5/>Initiative</color>. When <color=#516797><Icon=IconBlockBlack|30|30|0.5/>Block</color> is triggered, reduces the enemy's <color=#6F4877><Icon=IconStaminaBlack|30|30|0.5/>Fighting Will</color> and <color=#516797><Icon=IconOverClockBlack|30|30|0.5/>Hypersequence</color>.	100	1	5	5	5	5	Assets/Product/Texture/Image/UiTheatre6/UiTheatre6SkillIcon/UiTheatre6SkillIcon92.png	1027307				23	18	1	10273020	2	4000	4	80	40		25000	1	4	11	21			0	0
10273031	1027304	Radiant Dawn	<b><color=#E7D09A>After a successful Parry:</color></b>\n\nWhen <color=#B96716><Icon=IconWrestle|30|30|0.5/>Initiative</color> > {0} (Current: {Attr:4}), DMG multiplier increases by {1}.\n\nInflicts <Icon=IconStun|30|30|0.5/>Stun for {2}s.	After a successful Parry, deals extra DMG based on <color=#B96716><Icon=IconWrestleBlack|30|30|0.5/>Initiative</color>.	230	100%	3				Assets/Product/Texture/Image/UiTheatre6/UiTheatre6SkillIcon/UiTheatre6SkillIcon11.png	1027308	1027309	1027310		23		1	10273030	2	4000	4	80	40		20000	1	4	11	21		1	0	0
10274011	1027401	Sunlit Ironclad	<b><color=#E7D09A>After a successful Counter:</color></b>\n\nFor every {0} <color=#516797><Icon=IconOverClock|30|30|0.5/>Hypersequence</color> (Current: {Attr:5}), gains a <color=#137D90><Icon=IconProtector|30|30|0.5/>Shield</color> equal to {1} of <color=#487F3B><Icon=IconLife|30|30|0.5/>HP</color>.\n\n[Passive] Upon entering battle, triggers the above effect once.\n\nReduces the enemy's <color=#6F4877><Icon=IconStamina|30|30|0.5/>Fighting Will</color> by {2}. For every {3} <color=#137D90><Icon=IconProtector|30|30|0.5/>Shield</color>, reduces the enemy's <color=#6F4877><Icon=IconStamina|30|30|0.5/>Fighting Will</color> by an extra {4}.	After a successful Counter, gains a <color=#516797><Icon=IconOverClockBlack|30|30|0.5/>Shield</color> based on <color=#137D90><Icon=IconProtectorBlack|30|30|0.5/>Hypersequence</color> and <color=#487F3B><Icon=IconLifeBlack|30|30|0.5/>HP</color>. This effect triggers immediately upon entering battle. On use, reduces the enemy's <color=#6F4877><Icon=IconStaminaBlack|30|30|0.5/>Fighting Will</color>.	100	1%	20	45	1		Assets/Product/Texture/Image/UiTheatre6/UiTheatre6SkillIcon/UiTheatre6SkillIcon81.png	1027301				24	27	1	10274010	3	4000	4	80	40		20000	1	4	22				0	0
10274021	1027402	Scorching Dawn	<b><color=#E7D09A>After a successful Counter:</color></b>\n\nGains {0} <color=#CB4B12><Icon=IconSun|30|30|0.5/>Dawnlight</color>.\n\n[Passive] Each time a skill is used, for every {1} <color=#516797><Icon=IconOverClock|30|30|0.5/>Hypersequence</color> (Current: {Attr:5}), gains {2} <color=#CB4B12><Icon=IconSun|30|30|0.5/>Dawnlight</color>.\n\nReduces the enemy's <color=#6F4877><Icon=IconStamina|30|30|0.5/>Fighting Will</color> by {3} and inflicts <color=#487F3B><Icon=IconHitFly|30|30|0.5/>Knockback</color>.	After a successful Counter, gains massive <color=#CB4B12><Icon=IconSunBlack|30|30|0.5/>Dawnlight</color>. When using skills, gains {2} <color=#CB4B12><Icon=IconSunBlack|30|30|0.5/>Dawnlight</color> based on <color=#516797><Icon=IconOverClockBlack|30|30|0.5/>Hypersequence</color>, reduces the enemy's <color=#6F4877><Icon=IconStaminaBlack|30|30|0.5/>Fighting Will</color>, and inflicts <color=#487F3B><Icon=IconHitFlyBlack|30|30|0.5/>Knockback</color>.	120	180	1	30			Assets/Product/Texture/Image/UiTheatre6/UiTheatre6SkillIcon/UiTheatre6SkillIcon88.png	1027302	1027303			24	28	1	10274020	3	4000	4	80	40		20000	1	4	22	29			0	0
10274041	1027404	Radiant Verdict	<b><color=#E7D09A>After a successful Counter:</color></b>\n\nReduces enemy's <color=#6F4877><Icon=IconStamina|30|30|0.5/>Fighting Will</color> by {0}.\n\nWhen <color=#516797><Icon=IconOverClock|30|30|0.5/>Hypersequence</color> > {1} (Current: {Attr:5}), DMG multiplier increases by {2}.	After a successful Counter, deals extra DMG based on <color=#516797><Icon=IconOverClockBlack|30|30|0.5/>Hypersequence</color>.	20	230	100%				Assets/Product/Texture/Image/UiTheatre6/UiTheatre6SkillIcon/UiTheatre6SkillIcon09.png	1027304				24		1	10274030	3	4000	4	80	40		20000	1	4	22			1	0	0
10275011	1027501	Fleeting End	When <color=#B96716><Icon=IconWrestle|30|30|0.5/>Initiative</color> > {0} (Current: {Attr:4}), DMG multiplier increases by {1}.	Deals increased DMG based on <color=#B96716><Icon=IconWrestleBlack|30|30|0.5/>Initiative</color>.	230	20%					Assets/Product/Texture/Image/UiTheatre6/UiTheatre6SkillIcon/UiTheatre6SkillIcon79.png	1027601	1027602					1	10275010	1	1000	4	10	5	20	9000	1	1					0	0
10275012	1027501	Fleeting End	When <color=#B96716><Icon=IconWrestle|30|30|0.5/>Initiative</color> > {0} (Current: {Attr:4}), DMG multiplier increases by {1}.	Deals increased DMG based on <color=#B96716><Icon=IconWrestleBlack|30|30|0.5/>Initiative</color>.	230	25%					Assets/Product/Texture/Image/UiTheatre6/UiTheatre6SkillIcon/UiTheatre6SkillIcon79.png	1027601	1027602					2	10275010	1	1500	4	20	10	20	11000	1	1					0	0
10275013	1027501	Fleeting End	When <color=#B96716><Icon=IconWrestle|30|30|0.5/>Initiative</color> > {0} (Current: {Attr:4}), DMG multiplier increases by {1}.	Deals increased DMG based on <color=#B96716><Icon=IconWrestleBlack|30|30|0.5/>Initiative</color>.	230	30%					Assets/Product/Texture/Image/UiTheatre6/UiTheatre6SkillIcon/UiTheatre6SkillIcon79.png	1027601	1027602					3	10275010	1	2000	4	40	20	20	14000	1	1					0	0
10275021	1027502	Sundering Pivot	When <color=#516797><Icon=IconOverClock|30|30|0.5/>Hypersequence</color> > {0} (Current: {Attr:5}), DMG multiplier increases by {1}.	Deals increased DMG based on <color=#516797><Icon=IconOverClockBlack|30|30|0.5/>Hypersequence</color>.	230	20%					Assets/Product/Texture/Image/UiTheatre6/UiTheatre6SkillIcon/UiTheatre6SkillIcon65.png	1027603	1027604					1	10275020	1	1000	4	10	5	20	9000	1	1					0	0
10275022	1027502	Sundering Pivot	When <color=#516797><Icon=IconOverClock|30|30|0.5/>Hypersequence</color> > {0} (Current: {Attr:5}), DMG multiplier increases by {1}.	Deals increased DMG based on <color=#516797><Icon=IconOverClockBlack|30|30|0.5/>Hypersequence</color>.	230	25%					Assets/Product/Texture/Image/UiTheatre6/UiTheatre6SkillIcon/UiTheatre6SkillIcon65.png	1027603	1027604					2	10275020	1	1500	4	20	10	20	11000	1	1					0	0
10275023	1027502	Sundering Pivot	When <color=#516797><Icon=IconOverClock|30|30|0.5/>Hypersequence</color> > {0} (Current: {Attr:5}), DMG multiplier increases by {1}.	Deals increased DMG based on <color=#516797><Icon=IconOverClockBlack|30|30|0.5/>Hypersequence</color>.	230	30%					Assets/Product/Texture/Image/UiTheatre6/UiTheatre6SkillIcon/UiTheatre6SkillIcon65.png	1027603	1027604					3	10275020	1	2000	4	40	20	20	14000	1	1					0	0
10275031	1027503	Fleshed Edge	When <color=#6F4877><Icon=IconStamina|30|30|0.5/>Fighting Will</color> > {0} (Current: {Attr:3}), DMG multiplier increases by {1}.	Deals increased DMG based on <color=#6F4877><Icon=IconStaminaBlack|30|30|0.5/>Fighting Will</color>.	120	20%					Assets/Product/Texture/Image/UiTheatre6/UiTheatre6SkillIcon/UiTheatre6SkillIcon60.png	1027605	1027606					1	10275030	1	1000	4	10	5	20	9000	1	1					0	0
10275032	1027503	Fleshed Edge	When <color=#6F4877><Icon=IconStamina|30|30|0.5/>Fighting Will</color> > {0} (Current: {Attr:3}), DMG multiplier increases by {1}.	Deals increased DMG based on <color=#6F4877><Icon=IconStaminaBlack|30|30|0.5/>Fighting Will</color>.	120	25%					Assets/Product/Texture/Image/UiTheatre6/UiTheatre6SkillIcon/UiTheatre6SkillIcon60.png	1027605	1027606					2	10275030	1	1500	4	20	10	20	11000	1	1					0	0
10275033	1027503	Fleshed Edge	When <color=#6F4877><Icon=IconStamina|30|30|0.5/>Fighting Will</color> > {0} (Current: {Attr:3}), DMG multiplier increases by {1}.	Deals increased DMG based on <color=#6F4877><Icon=IconStaminaBlack|30|30|0.5/>Fighting Will</color>.	120	30%					Assets/Product/Texture/Image/UiTheatre6/UiTheatre6SkillIcon/UiTheatre6SkillIcon60.png	1027605	1027606					3	10275030	1	2000	4	40	20	20	14000	1	1					0	0
10275041	1027504	Radiant Ward	[Passive] Upon entering battle, gains a <color=#137D90><Icon=IconProtector|30|30|0.5/>Shield</color> equal to {0} of <color=#487F3B><Icon=IconLife|30|30|0.5/>HP</color>.	Deals DMG and gains a <color=#137D90><Icon=IconProtectorBlack|30|30|0.5/>Shield</color> based on <color=#487F3B><Icon=IconLifeBlack|30|30|0.5/>HP</color> upon entering battle.	10%						Assets/Product/Texture/Image/UiTheatre6/UiTheatre6SkillIcon/UiTheatre6SkillIcon25.png	1027607				27		1	10275040	1	1000	4	10	5	20	10000	1	1					0	0
10275042	1027504	Radiant Ward	[Passive] Upon entering battle, gains a <color=#137D90><Icon=IconProtector|30|30|0.5/>Shield</color> equal to {0} of <color=#487F3B><Icon=IconLife|30|30|0.5/>HP</color>.	Deals DMG and gains a <color=#137D90><Icon=IconProtectorBlack|30|30|0.5/>Shield</color> based on <color=#487F3B><Icon=IconLifeBlack|30|30|0.5/>HP</color> upon entering battle.	10%						Assets/Product/Texture/Image/UiTheatre6/UiTheatre6SkillIcon/UiTheatre6SkillIcon25.png	1027607				27		2	10275040	1	1500	4	20	10	20	12500	1	1					0	0
10275043	1027504	Radiant Ward	[Passive] Upon entering battle, gains a <color=#137D90><Icon=IconProtector|30|30|0.5/>Shield</color> equal to {0} of <color=#487F3B><Icon=IconLife|30|30|0.5/>HP</color>.	Deals DMG and gains a <color=#137D90><Icon=IconProtectorBlack|30|30|0.5/>Shield</color> based on <color=#487F3B><Icon=IconLifeBlack|30|30|0.5/>HP</color> upon entering battle.	10%						Assets/Product/Texture/Image/UiTheatre6/UiTheatre6SkillIcon/UiTheatre6SkillIcon25.png	1027607				27		3	10275040	1	2000	4	40	20	20	15500	1	1					0	0
10275051	1027505	Blazing Dawn	Gains {0} <color=#CB4B12><Icon=IconSun|30|30|0.5/>Dawnlight</color>.	Deals DMG and gains <color=#CB4B12><Icon=IconSunBlack|30|30|0.5/>Dawnlight</color>.	10						Assets/Product/Texture/Image/UiTheatre6/UiTheatre6SkillIcon/UiTheatre6SkillIcon14.png	1027608	1027609			28		1	10275050	1	1000	4	10	5	20	10000	1	1	29				0	0
10275052	1027505	Blazing Dawn	Gains {0} <color=#CB4B12><Icon=IconSun|30|30|0.5/>Dawnlight</color>.	Deals DMG and gains <color=#CB4B12><Icon=IconSunBlack|30|30|0.5/>Dawnlight</color>.	10						Assets/Product/Texture/Image/UiTheatre6/UiTheatre6SkillIcon/UiTheatre6SkillIcon14.png	1027608	1027609			28		2	10275050	1	1500	4	20	10	20	12500	1	1	29				0	0
10275053	1027505	Blazing Dawn	Gains {0} <color=#CB4B12><Icon=IconSun|30|30|0.5/>Dawnlight</color>.	Deals DMG and gains <color=#CB4B12><Icon=IconSunBlack|30|30|0.5/>Dawnlight</color>.	10						Assets/Product/Texture/Image/UiTheatre6/UiTheatre6SkillIcon/UiTheatre6SkillIcon14.png	1027608	1027609			28		3	10275050	1	2000	4	40	20	20	15500	1	1	29				0	0
10275061	1027506	Flame Draw	[Passive] Gains {0} stacks of <color=#516797><<Icon=IconBlock|30|30|0.5/>Block></color> upon entering battle.	Deals DMG and gains <color=#516797><<Icon=IconBlockBlack|30|30|0.5/>Block></color> upon entering battle.	2						Assets/Product/Texture/Image/UiTheatre6/UiTheatre6SkillIcon/UiTheatre6SkillIcon06.png	1027610	1027611			18		1	10275060	1	1000	4	10	5	20	8000	1	1					0	0
10275062	1027506	Flame Draw	[Passive] Gains {0} stacks of <color=#516797><<Icon=IconBlock|30|30|0.5/>Block></color> upon entering battle.	Deals DMG and gains <color=#516797><<Icon=IconBlockBlack|30|30|0.5/>Block></color> upon entering battle.	2						Assets/Product/Texture/Image/UiTheatre6/UiTheatre6SkillIcon/UiTheatre6SkillIcon06.png	1027610	1027611			18		2	10275060	1	1500	4	20	10	20	10000	1	1					0	0
10275063	1027506	Flame Draw	[Passive] Gains {0} stacks of <color=#516797><<Icon=IconBlock|30|30|0.5/>Block></color> upon entering battle.	Deals DMG and gains <color=#516797><<Icon=IconBlockBlack|30|30|0.5/>Block></color> upon entering battle.	2						Assets/Product/Texture/Image/UiTheatre6/UiTheatre6SkillIcon/UiTheatre6SkillIcon06.png	1027610	1027611			18		3	10275060	1	2000	4	40	20	20	12000	1	1					0	0
10275071	1027507	Accrue	The next skill's DMG increases by {0}.	Deal DMG and increase the next Skill's DMG.	25%						Assets/Product/Texture/Image/UiTheatre6/UiTheatre6SkillIcon/UiTheatre6SkillIcon13.png	1027612						1	10275070	1	1000	4	10	5	20	8000	1	1					0	0
10275072	1027507	Accrue	The next skill's DMG increases by {0}.	Deal DMG and increase the next Skill's DMG.	25%						Assets/Product/Texture/Image/UiTheatre6/UiTheatre6SkillIcon/UiTheatre6SkillIcon13.png	1027612						2	10275070	1	1500	4	20	10	20	10000	1	1					0	0
10275073	1027507	Accrue	The next skill's DMG increases by {0}.	Deal DMG and increase the next Skill's DMG.	25%						Assets/Product/Texture/Image/UiTheatre6/UiTheatre6SkillIcon/UiTheatre6SkillIcon13.png	1027612						3	10275070	1	2000	4	40	20	20	12500	1	1					0	0
10275081	1027508	Relentless	This skill's DMG multiplier increases by {0} for every white skill used.	Deal DMG. This Skill's DMG increases for each White Skill used.	10%						Assets/Product/Texture/Image/UiTheatre6/UiTheatre6SkillIcon/UiTheatre6SkillIcon71.png	1027613	1027614					1	10275080	1	1000	4	10	5	20	7000	1	1					0	0
10275082	1027508	Relentless	This skill's DMG multiplier increases by {0} for every white skill used.	Deal DMG. This Skill's DMG increases for each White Skill used.	10%						Assets/Product/Texture/Image/UiTheatre6/UiTheatre6SkillIcon/UiTheatre6SkillIcon71.png	1027613	1027614					2	10275080	1	1500	4	20	10	20	9000	1	1					0	0
10275083	1027508	Relentless	This skill's DMG multiplier increases by {0} for every white skill used.	Deal DMG. This Skill's DMG increases for each White Skill used.	10%						Assets/Product/Texture/Image/UiTheatre6/UiTheatre6SkillIcon/UiTheatre6SkillIcon71.png	1027613	1027614					3	10275080	1	2000	4	40	20	20	11000	1	1					0	0
10275091	1027509	Focused Intent	Gains {0} of the <color=#6F4877><Icon=IconStamina|30|30|0.5/>Fighting Will</color> cost of the next skill used.	Deals DMG and gains some of the <color=#6F4877><Icon=IconStaminaBlack|30|30|0.5/>Fighting Will</color> cost of the next skill used.	20%						Assets/Product/Texture/Image/UiTheatre6/UiTheatre6SkillIcon/UiTheatre6SkillIcon08.png	1027615	1027616					1	10275090	1	1000	4	10	5	20	8000	1	1					0	0
10275092	1027509	Focused Intent	Gains {0} of the <color=#6F4877><Icon=IconStamina|30|30|0.5/>Fighting Will</color> cost of the next skill used.	Deals DMG and gains some of the <color=#6F4877><Icon=IconStaminaBlack|30|30|0.5/>Fighting Will</color> cost of the next skill used.	20%						Assets/Product/Texture/Image/UiTheatre6/UiTheatre6SkillIcon/UiTheatre6SkillIcon08.png	1027615	1027616					2	10275090	1	1500	4	20	10	20	10000	1	1					0	0
10275093	1027509	Focused Intent	Gains {0} of the <color=#6F4877><Icon=IconStamina|30|30|0.5/>Fighting Will</color> cost of the next skill used.	Deals DMG and gains some of the <color=#6F4877><Icon=IconStaminaBlack|30|30|0.5/>Fighting Will</color> cost of the next skill used.	20%						Assets/Product/Texture/Image/UiTheatre6/UiTheatre6SkillIcon/UiTheatre6SkillIcon08.png	1027615	1027616					3	10275090	1	2000	4	40	20	20	12500	1	1					0	0
10275101	1027510	Reaving Outburst	Reduces enemy's <color=#6F4877><Icon=IconStamina|30|30|0.5/>Fighting Will</color> by {0}.	Deals DMG and reduces enemy's <color=#6F4877><Icon=IconStaminaBlack|30|30|0.5/>Fighting Will</color>.	10						Assets/Product/Texture/Image/UiTheatre6/UiTheatre6SkillIcon/UiTheatre6SkillIcon70.png	1027617	1027618					1	10275100	1	1000	4	10	5	20	6000	1	1					0	0
10275102	1027510	Reaving Outburst	Reduces enemy's <color=#6F4877><Icon=IconStamina|30|30|0.5/>Fighting Will</color> by {0}.	Deals DMG and reduces enemy's <color=#6F4877><Icon=IconStaminaBlack|30|30|0.5/>Fighting Will</color>.	10						Assets/Product/Texture/Image/UiTheatre6/UiTheatre6SkillIcon/UiTheatre6SkillIcon70.png	1027617	1027618					2	10275100	1	1500	4	20	10	20	7500	1	1					0	0
10275103	1027510	Reaving Outburst	Reduces enemy's <color=#6F4877><Icon=IconStamina|30|30|0.5/>Fighting Will</color> by {0}.	Deals DMG and reduces enemy's <color=#6F4877><Icon=IconStaminaBlack|30|30|0.5/>Fighting Will</color>.	10						Assets/Product/Texture/Image/UiTheatre6/UiTheatre6SkillIcon/UiTheatre6SkillIcon70.png	1027617	1027618					3	10275100	1	2000	4	40	20	20	9500	1	1					0	0
10275111	1027511	Honed Edge	Increases <color=#516797><Icon=IconOverClock|30|30|0.5/>Hypersequence</color> by {0}.	Deals DMG and restores <color=#516797><Icon=IconOverClockBlack|30|30|0.5/>Hypersequence</color>.	10						Assets/Product/Texture/Image/UiTheatre6/UiTheatre6SkillIcon/UiTheatre6SkillIcon74.png	1027619						1	10275099	1	1000	4	10	5	20	8000	1	1					0	0
10275112	1027511	Honed Edge	Increases <color=#516797><Icon=IconOverClock|30|30|0.5/>Hypersequence</color> by {0}.	Deals DMG and restores <color=#516797><Icon=IconOverClockBlack|30|30|0.5/>Hypersequence</color>.	10						Assets/Product/Texture/Image/UiTheatre6/UiTheatre6SkillIcon/UiTheatre6SkillIcon74.png	1027619						2	10275099	1	1500	4	20	10	20	10000	1	1					0	0
10275113	1027511	Honed Edge	Increases <color=#516797><Icon=IconOverClock|30|30|0.5/>Hypersequence</color> by {0}.	Deals DMG and restores <color=#516797><Icon=IconOverClockBlack|30|30|0.5/>Hypersequence</color>.	10						Assets/Product/Texture/Image/UiTheatre6/UiTheatre6SkillIcon/UiTheatre6SkillIcon74.png	1027619						3	10275099	1	2000	4	40	20	20	12500	1	1					0	0
10275121	1027512	Basic Attack	Deals DMG.	Damage Dealt							Assets/Product/Texture/Image/UiTheatre6/UiTheatre6FightSkillEmptyBg.png	1027620						1		1	1000	4	10	5	20	10000	1	1				1	0	0
10275131	1027513	Basic Attack	Deals DMG.	Damage Dealt							Assets/Product/Texture/Image/UiTheatre6/UiTheatre6FightSkillEmptyBg.png	1027621	1027622					1		1	1000	4	10	5	20	10000	1	1				1	0	0
10275141	1027514	Basic Attack	Deals DMG.	Damage Dealt							Assets/Product/Texture/Image/UiTheatre6/UiTheatre6FightSkillEmptyBg.png	1027623	1027624					1		1	1000	4	10	5	20	10000	1	1				1	0	0
10275151	1027515	Basic Attack	Deals DMG.	Damage Dealt							Assets/Product/Texture/Image/UiTheatre6/UiTheatre6FightSkillEmptyBg.png	1027625	1027626					1		1	1000	4	10	5	20	10000	1	1				1	0	0
82251011	8225101	Twin Strike	Deals {0} Attack DMG.	Deal DMG	100%						Assets/Product/Texture/Image/UiTheatre6/UiTheatre6SkillIcon/UiTheatre6SkillIcon31.png	8225003						1		1	1000		10	5	20	10000	1	1				1	0	0
82251012	8225101	Twin Strike	Deals {0} Attack DMG.	Deal DMG	100%						Assets/Product/Texture/Image/UiTheatre6/UiTheatre6SkillIcon/UiTheatre6SkillIcon31.png	8225003						2		1	1500		20	10	20	10000	1	1				1	0	0
82251013	8225101	Twin Strike	Deals {0} Attack DMG.	Deal DMG	100%						Assets/Product/Texture/Image/UiTheatre6/UiTheatre6SkillIcon/UiTheatre6SkillIcon31.png	8225003						3		1	2000		40	20	20	10000	1	1				1	0	0
82251021	8225102	Heavy Slam	Deals {0} Attack DMG.	Deal DMG	100%						Assets/Product/Texture/Image/UiTheatre6/UiTheatre6SkillIcon/UiTheatre6SkillIcon31.png	8225004						1		1	1000		10	5	20	10000	1	1				1	0	0
82251022	8225102	Heavy Slam	Deals {0} Attack DMG.	Deal DMG	100%						Assets/Product/Texture/Image/UiTheatre6/UiTheatre6SkillIcon/UiTheatre6SkillIcon31.png	8225004						2		1	1500		20	10	20	10000	1	1				1	0	0
82251023	8225102	Heavy Slam	Deals {0} Attack DMG.	Deal DMG	100%						Assets/Product/Texture/Image/UiTheatre6/UiTheatre6SkillIcon/UiTheatre6SkillIcon31.png	8225004						3		1	2000		40	20	20	10000	1	1				1	0	0
82251031	8225103	Chant	Deals {0} Attack DMG.	Deal DMG	100%						Assets/Product/Texture/Image/UiTheatre6/UiTheatre6SkillIcon/UiTheatre6SkillIcon31.png	8225005						1		1	1000		10	5	20	10000	1	1				1	0	0
82251032	8225103	Chant	Deals {0} Attack DMG.	Deal DMG	100%						Assets/Product/Texture/Image/UiTheatre6/UiTheatre6SkillIcon/UiTheatre6SkillIcon31.png	8225005						2		1	1500		20	10	20	10000	1	1				1	0	0
82251033	8225103	Chant	Deals {0} Attack DMG.	Deal DMG	100%						Assets/Product/Texture/Image/UiTheatre6/UiTheatre6SkillIcon/UiTheatre6SkillIcon31.png	8225005						3		1	2000		40	20	20	10000	1	1				1	0	0
82251041	8225104	Snatch	Deals {0} Attack DMG.	Deal DMG	100%						Assets/Product/Texture/Image/UiTheatre6/UiTheatre6SkillIcon/UiTheatre6SkillIcon31.png	8225006						1		1	1000		10	5	20	10000	1	1				1	0	0
82251042	8225104	Snatch	Deals {0} Attack DMG.	Deal DMG	100%						Assets/Product/Texture/Image/UiTheatre6/UiTheatre6SkillIcon/UiTheatre6SkillIcon31.png	8225006						2		1	1500		20	10	20	10000	1	1				1	0	0
82251043	8225104	Snatch	Deals {0} Attack DMG.	Deal DMG	100%						Assets/Product/Texture/Image/UiTheatre6/UiTheatre6SkillIcon/UiTheatre6SkillIcon31.png	8225006						3		1	2000		40	20	20	10000	1	1				1	0	0
82251051	8225105	Sacrifice	Deals {0} Attack DMG.	Deal DMG	100%						Assets/Product/Texture/Image/UiTheatre6/UiTheatre6SkillIcon/UiTheatre6SkillIcon31.png	8225007						1		1	1000		10	5	20	10000	1	1				1	0	0
82251052	8225105	Sacrifice	Deals {0} Attack DMG.	Deal DMG	100%						Assets/Product/Texture/Image/UiTheatre6/UiTheatre6SkillIcon/UiTheatre6SkillIcon31.png	8225007						2		1	1500		20	10	20	10000	1	1				1	0	0
82251053	8225105	Sacrifice	Deals {0} Attack DMG.	Deal DMG	100%						Assets/Product/Texture/Image/UiTheatre6/UiTheatre6SkillIcon/UiTheatre6SkillIcon31.png	8225007						3		1	2000		40	20	20	10000	1	1				1	0	0
82253011	8225301	Pierce	Deals {0} Attack DMG.	Deal DMG	100%						Assets/Product/Texture/Image/UiTheatre6/UiTheatre6SkillIcon/UiTheatre6SkillIcon31.png	8225001						1		2	3000		40	20	20	10000	1	3				1	0	0
82253012	8225301	Pierce	Deals {0} Attack DMG.	Deal DMG	100%						Assets/Product/Texture/Image/UiTheatre6/UiTheatre6SkillIcon/UiTheatre6SkillIcon31.png	8225001						2		2	4500		80	40	20	10000	1	3				1	0	0
82253013	8225301	Pierce	Deals {0} Attack DMG.	Deal DMG	100%						Assets/Product/Texture/Image/UiTheatre6/UiTheatre6SkillIcon/UiTheatre6SkillIcon31.png	8225001						3		2	6000		160	80	20	10000	1	3				1	0	0
82254011	8225401	Thrust	Deals {0} Attack DMG.	Deal DMG	100%						Assets/Product/Texture/Image/UiTheatre6/UiTheatre6SkillIcon/UiTheatre6SkillIcon31.png	8225002						1		3	4000		80	40	20	10000	1	5				1	0	0
82254012	8225401	Thrust	Deals {0} Attack DMG.	Deal DMG	100%						Assets/Product/Texture/Image/UiTheatre6/UiTheatre6SkillIcon/UiTheatre6SkillIcon31.png	8225002						2		3	6000		160	80	20	10000	1	5				1	0	0
82254013	8225401	Thrust	Deals {0} Attack DMG.	Deal DMG	100%						Assets/Product/Texture/Image/UiTheatre6/UiTheatre6SkillIcon/UiTheatre6SkillIcon31.png	8225002						3		3	8000		320	160	20	10000	1	5				1	0	0
82261011	8226101	Swipe	Deals {0} Attack DMG.	Deal DMG	100%						Assets/Product/Texture/Image/UiTheatre6/UiTheatre6SkillIcon/UiTheatre6SkillIcon31.png	8226002	8226003					1		1	1000		10	5	20	10000	1	1				1	0	0
82261012	8226101	Swipe	Deals {0} Attack DMG.	Deal DMG	100%						Assets/Product/Texture/Image/UiTheatre6/UiTheatre6SkillIcon/UiTheatre6SkillIcon31.png	8226002	8226003					2		1	1500		20	10	20	10000	1	1				1	0	0
82261013	8226101	Swipe	Deals {0} Attack DMG.	Deal DMG	100%						Assets/Product/Texture/Image/UiTheatre6/UiTheatre6SkillIcon/UiTheatre6SkillIcon31.png	8226002	8226003					3		1	2000		40	20	20	10000	1	1				1	0	0
82261021	8226102	Earth Shatter	Deals {0} Attack DMG.	Deal DMG	100%						Assets/Product/Texture/Image/UiTheatre6/UiTheatre6SkillIcon/UiTheatre6SkillIcon31.png	8226001						1		1	1000		10	5	20	10000	1	1				1	0	0
82261022	8226102	Earth Shatter	Deals {0} Attack DMG.	Deal DMG	100%						Assets/Product/Texture/Image/UiTheatre6/UiTheatre6SkillIcon/UiTheatre6SkillIcon31.png	8226001						2		1	1500		20	10	20	10000	1	1				1	0	0
82261023	8226102	Earth Shatter	Deals {0} Attack DMG.	Deal DMG	100%						Assets/Product/Texture/Image/UiTheatre6/UiTheatre6SkillIcon/UiTheatre6SkillIcon31.png	8226001						3		1	2000		40	20	20	10000	1	1				1	0	0
82261031	8226103	Ram	Deals {0} Attack DMG.	Deal DMG	100%						Assets/Product/Texture/Image/UiTheatre6/UiTheatre6SkillIcon/UiTheatre6SkillIcon31.png	8226006	8226007					1		1	1000		10	5	20	10000	1	1				1	0	0
82261032	8226103	Ram	Deals {0} Attack DMG.	Deal DMG	100%						Assets/Product/Texture/Image/UiTheatre6/UiTheatre6SkillIcon/UiTheatre6SkillIcon31.png	8226006	8226007					2		1	1500		20	10	20	10000	1	1				1	0	0
82261033	8226103	Ram	Deals {0} Attack DMG.	Deal DMG	100%						Assets/Product/Texture/Image/UiTheatre6/UiTheatre6SkillIcon/UiTheatre6SkillIcon31.png	8226006	8226007					3		1	2000		40	20	20	10000	1	1				1	0	0
82261041	8226104	Raging Howl	Deals {0} Attack DMG.	Deal DMG	100%						Assets/Product/Texture/Image/UiTheatre6/UiTheatre6SkillIcon/UiTheatre6SkillIcon31.png	8226009						1		1	1000		10	5	20	10000	1	1				1	0	0
82261042	8226104	Raging Howl	Deals {0} Attack DMG.	Deal DMG	100%						Assets/Product/Texture/Image/UiTheatre6/UiTheatre6SkillIcon/UiTheatre6SkillIcon31.png	8226009						2		1	1500		20	10	20	10000	1	1				1	0	0
82261043	8226104	Raging Howl	Deals {0} Attack DMG.	Deal DMG	100%						Assets/Product/Texture/Image/UiTheatre6/UiTheatre6SkillIcon/UiTheatre6SkillIcon31.png	8226009						3		1	2000		40	20	20	10000	1	1				1	0	0
82261051	8226105	Leaping Slam	Deals {0} Attack DMG.	Deal DMG	100%						Assets/Product/Texture/Image/UiTheatre6/UiTheatre6SkillIcon/UiTheatre6SkillIcon31.png	8226008						1		1	1000		10	5	20	10000	1	1				1	0	0
82261052	8226105	Leaping Slam	Deals {0} Attack DMG.	Deal DMG	100%						Assets/Product/Texture/Image/UiTheatre6/UiTheatre6SkillIcon/UiTheatre6SkillIcon31.png	8226008						2		1	1500		20	10	20	10000	1	1				1	0	0
82261053	8226105	Leaping Slam	Deals {0} Attack DMG.	Deal DMG	100%						Assets/Product/Texture/Image/UiTheatre6/UiTheatre6SkillIcon/UiTheatre6SkillIcon31.png	8226008						3		1	2000		40	20	20	10000	1	1				1	0	0
82263011	8226301	Heavy Impact	Deals {0} Attack DMG.	Deal DMG	100%						Assets/Product/Texture/Image/UiTheatre6/UiTheatre6SkillIcon/UiTheatre6SkillIcon31.png	8226004	8226005					1		2	3000		40	20	20	10000	1	3				1	0	0
82263012	8226301	Heavy Impact	Deals {0} Attack DMG.	Deal DMG	100%						Assets/Product/Texture/Image/UiTheatre6/UiTheatre6SkillIcon/UiTheatre6SkillIcon31.png	8226004	8226005					2		2	4500		80	40	20	10000	1	3				1	0	0
82263013	8226301	Heavy Impact	Deals {0} Attack DMG.	Deal DMG	100%						Assets/Product/Texture/Image/UiTheatre6/UiTheatre6SkillIcon/UiTheatre6SkillIcon31.png	8226004	8226005					3		2	6000		160	80	20	10000	1	3				1	0	0
82264011	8226401	Spin Strike	Deals {0} Attack DMG.	Deal DMG	100%						Assets/Product/Texture/Image/UiTheatre6/UiTheatre6SkillIcon/UiTheatre6SkillIcon31.png	8226017	8226018					1		3	4000		80	40	20	10000	1	5				1	0	0
82264012	8226401	Spin Strike	Deals {0} Attack DMG.	Deal DMG	100%						Assets/Product/Texture/Image/UiTheatre6/UiTheatre6SkillIcon/UiTheatre6SkillIcon31.png	8226017	8226018					2		3	6000		160	80	20	10000	1	5				1	0	0
82264013	8226401	Spin Strike	Deals {0} Attack DMG.	Deal DMG	100%						Assets/Product/Texture/Image/UiTheatre6/UiTheatre6SkillIcon/UiTheatre6SkillIcon31.png	8226017	8226018					3		3	8000		320	160	20	10000	1	5				1	0	0
82271011	8227101	Ballwheel	Deals {0} Attack DMG.	Deal DMG	100%						Assets/Product/Texture/Image/UiTheatre6/UiTheatre6SkillIcon/UiTheatre6SkillIcon31.png	8227003						1		1	1000		10	5	20	10000	1	1				1	0	0
82271012	8227101	Ballwheel	Deals {0} Attack DMG.	Deal DMG	100%						Assets/Product/Texture/Image/UiTheatre6/UiTheatre6SkillIcon/UiTheatre6SkillIcon31.png	8227003						2		1	1500		20	10	20	10000	1	1				1	0	0
82271013	8227101	Ballwheel	Deals {0} Attack DMG.	Deal DMG	100%						Assets/Product/Texture/Image/UiTheatre6/UiTheatre6SkillIcon/UiTheatre6SkillIcon31.png	8227003						3		1	2000		40	20	20	10000	1	1				1	0	0
82271021	8227102	Blitz	Deals {0} Attack DMG.	Deal DMG	100%						Assets/Product/Texture/Image/UiTheatre6/UiTheatre6SkillIcon/UiTheatre6SkillIcon31.png	8227004						1		1	1000		10	5	20	10000	1	1				1	0	0
82271022	8227102	Blitz	Deals {0} Attack DMG.	Deal DMG	100%						Assets/Product/Texture/Image/UiTheatre6/UiTheatre6SkillIcon/UiTheatre6SkillIcon31.png	8227004						2		1	1500		20	10	20	10000	1	1				1	0	0
82271023	8227102	Blitz	Deals {0} Attack DMG.	Deal DMG	100%						Assets/Product/Texture/Image/UiTheatre6/UiTheatre6SkillIcon/UiTheatre6SkillIcon31.png	8227004						3		1	2000		40	20	20	10000	1	1				1	0	0
82271031	8227103	Incantation	Deals {0} Attack DMG.	Deal DMG	100%						Assets/Product/Texture/Image/UiTheatre6/UiTheatre6SkillIcon/UiTheatre6SkillIcon31.png	8227005						1		1	1000		10	5	20	10000	1	1				1	0	0
82271032	8227103	Incantation	Deals {0} Attack DMG.	Deal DMG	100%						Assets/Product/Texture/Image/UiTheatre6/UiTheatre6SkillIcon/UiTheatre6SkillIcon31.png	8227005						2		1	1500		20	10	20	10000	1	1				1	0	0
82271033	8227103	Incantation	Deals {0} Attack DMG.	Deal DMG	100%						Assets/Product/Texture/Image/UiTheatre6/UiTheatre6SkillIcon/UiTheatre6SkillIcon31.png	8227005						3		1	2000		40	20	20	10000	1	1				1	0	0
82271041	8227104	Starfall	Deals {0} Attack DMG.	Deal DMG	100%						Assets/Product/Texture/Image/UiTheatre6/UiTheatre6SkillIcon/UiTheatre6SkillIcon31.png	8227006						1		1	1000		10	5	20	10000	1	1				1	0	0
82271042	8227104	Starfall	Deals {0} Attack DMG.	Deal DMG	100%						Assets/Product/Texture/Image/UiTheatre6/UiTheatre6SkillIcon/UiTheatre6SkillIcon31.png	8227006						2		1	1500		20	10	20	10000	1	1				1	0	0
82271043	8227104	Starfall	Deals {0} Attack DMG.	Deal DMG	100%						Assets/Product/Texture/Image/UiTheatre6/UiTheatre6SkillIcon/UiTheatre6SkillIcon31.png	8227006						3		1	2000		40	20	20	10000	1	1				1	0	0
82271051	8227105	Sonic Rift	Deals {0} Attack DMG.	Deal DMG	100%						Assets/Product/Texture/Image/UiTheatre6/UiTheatre6SkillIcon/UiTheatre6SkillIcon31.png	8227007						1		1	1000		10	5	20	10000	1	1				1	0	0
82271052	8227105	Sonic Rift	Deals {0} Attack DMG.	Deal DMG	100%						Assets/Product/Texture/Image/UiTheatre6/UiTheatre6SkillIcon/UiTheatre6SkillIcon31.png	8227007						2		1	1500		20	10	20	10000	1	1				1	0	0
82271053	8227105	Sonic Rift	Deals {0} Attack DMG.	Deal DMG	100%						Assets/Product/Texture/Image/UiTheatre6/UiTheatre6SkillIcon/UiTheatre6SkillIcon31.png	8227007						3		1	2000		40	20	20	10000	1	1				1	0	0
82271061	8227106	Chain Corrosion	Deals {0} Attack DMG.	Deal DMG	100%						Assets/Product/Texture/Image/UiTheatre6/UiTheatre6SkillIcon/UiTheatre6SkillIcon31.png	8227008						1		1	1000		10	5	20	10000	1	1				1	0	0
82271062	8227106	Chain Corrosion	Deals {0} Attack DMG.	Deal DMG	100%						Assets/Product/Texture/Image/UiTheatre6/UiTheatre6SkillIcon/UiTheatre6SkillIcon31.png	8227008						2		1	1500		20	10	20	10000	1	1				1	0	0
82271063	8227106	Chain Corrosion	Deals {0} Attack DMG.	Deal DMG	100%						Assets/Product/Texture/Image/UiTheatre6/UiTheatre6SkillIcon/UiTheatre6SkillIcon31.png	8227008						3		1	2000		40	20	20	10000	1	1				1	0	0
82273011	8227301	Reap	Deals {0} Attack DMG.	Deal DMG	100%						Assets/Product/Texture/Image/UiTheatre6/UiTheatre6SkillIcon/UiTheatre6SkillIcon31.png	8227001						1		2	3000		40	20	20	10000	1	3				1	0	0
82273012	8227301	Reap	Deals {0} Attack DMG.	Deal DMG	100%						Assets/Product/Texture/Image/UiTheatre6/UiTheatre6SkillIcon/UiTheatre6SkillIcon31.png	8227001						2		2	4500		80	40	20	10000	1	3				1	0	0
82273013	8227301	Reap	Deals {0} Attack DMG.	Deal DMG	100%						Assets/Product/Texture/Image/UiTheatre6/UiTheatre6SkillIcon/UiTheatre6SkillIcon31.png	8227001						3		2	6000		160	80	20	10000	1	3				1	0	0
82274011	8227401	Descend	Deals {0} Attack DMG.	Deal DMG	100%						Assets/Product/Texture/Image/UiTheatre6/UiTheatre6SkillIcon/UiTheatre6SkillIcon31.png	8227002						1		3	4000		80	40	20	10000	1	5				1	0	0
82274012	8227401	Descend	Deals {0} Attack DMG.	Deal DMG	100%						Assets/Product/Texture/Image/UiTheatre6/UiTheatre6SkillIcon/UiTheatre6SkillIcon31.png	8227002						2		3	6000		160	80	20	10000	1	5				1	0	0
82274013	8227401	Descend	Deals {0} Attack DMG.	Deal DMG	100%						Assets/Product/Texture/Image/UiTheatre6/UiTheatre6SkillIcon/UiTheatre6SkillIcon31.png	8227002						3		3	8000		320	160	20	10000	1	5				1	0	0
