Id	Desc	Image	Quality	LeftDesc	LeftRewardTypes[1]	LeftRewardTypes[2]	LeftRewardTypes[3]	LeftRewardTypes[4]	LeftRewardTypeIds[1]	LeftRewardTypeIds[2]	LeftRewardTypeIds[3]	LeftRewardTypeIds[4]	LeftRewardMinNums[1]	LeftRewardMinNums[2]	LeftRewardMinNums[3]	LeftRewardMinNums[4]	LeftRewardMaxNums[1]	LeftRewardMaxNums[2]	LeftRewardMaxNums[3]	LeftRewardMaxNums[4]	RightDesc	RightRewardTypes[1]	RightRewardTypes[2]	RightRewardTypes[3]	RightRewardTypes[4]	RightRewardTypeIds[1]	RightRewardTypeIds[2]	RightRewardTypeIds[3]	RightRewardTypeIds[4]	RightRewardMinNums[1]	RightRewardMinNums[2]	RightRewardMinNums[3]	RightRewardMinNums[4]	RightRewardMaxNums[1]	RightRewardMaxNums[2]	RightRewardMaxNums[3]	RightRewardMaxNums[4]	ChooseLine	LineNum	IsOutNormalPool	NeedBuffs[1]	Bg
2	You carefully inspect the strange tattoos covering the corpse in the morgue. The sheriff beside you holds out the deceased's effects.	Assets/Product/Texture/Image/UiTheatre6/UiTheatre6RoomEitherorBgDi/UiTheatre6RoomEitherorBgRen01.png	1	Stare at the tattoos	2	1	1		1	1	3		-10	33	13		-5	37	17		Examine the effects	2	1	1		1	3	4		-13	13	33		-10	17	37						
4	Indescribable whispers drift through the air from the Mist blanketing the streets.	Assets/Product/Texture/Image/UiTheatre6/UiTheatre6RoomEitherorBgDi/UiTheatre6RoomEitherorBgDi13.png	1	Listen to the whispers	2	1	1		1	2	4		-13	13	33		-10	17	37		Cover your ears	2	1	1		1	3	4		0	33	13			37	17						
5	Strange patterns are carved into the altar. The same markings cover the parchments scattered across the floor.	Assets/Product/Texture/Image/UiTheatre6/UiTheatre6RoomEitherorBgDi/UiTheatre6RoomEitherorBgDi03.png	1	Close your eyes	2	1	1		1	2	3		0	13	33			17	37		Trace the patterns	2	1	1		1	2	4		-13	13	33		-10	17	37						
6	The ballroom of the noble manor stands empty. All that remains is a stain-covered guest register that has been sealed tight.	Assets/Product/Texture/Image/UiTheatre6/UiTheatre6RoomEitherorBgDi/UiTheatre6RoomEitherorBgDi02.png	1	Read the register	2	1	1		1	1	2		-13	33	13		-10	37	17		Break the remaining seals	2	1	1		1	1	4		-13	33	13		-10	37	17						
13	In the theater's dressing room, a strange sketch lies within the hidden compartment of a famous actress' makeup box.	Assets/Product/Texture/Image/UiTheatre6/UiTheatre6RoomEitherorBgDi/UiTheatre6RoomEitherorBgDi17.png	1	Speak with the actress	2	1	1		1	3	4		0	33	13			37	17		Examine the sketch	2	1	1		1	2	3		-13	13	33		-10	17	37						
14	The officer inventories the unmarked package with your help, but the documents inside are obscure and indecipherable.	Assets/Product/Texture/Image/UiTheatre6/UiTheatre6RoomEitherorBgDi/UiTheatre6RoomEitherorBgRen01.png	1	Register and move on	2	1	1		1	3	4		0	33	13			37	17		Scrutinize the documents	2	1	1		1	1	3		-13	13	33		-10	17	37						
15	Thick fog shrouds the dock. The remains of a large, oddly-shaped fish lie washed ashore by the waves.	Assets/Product/Texture/Image/UiTheatre6/UiTheatre6RoomEitherorBgDi/UiTheatre6RoomEitherorBgDi01.png	1	Consult your companion	2	1	1		1	3	4		20	13	33		40	17	37		Inspect the remains	2	1	1		1	1	3		-13	13	33		-10	17	37						
18	After the fire, only the archive's fireproof safe survives.	Assets/Product/Texture/Image/UiTheatre6/UiTheatre6RoomEitherorBgDi/UiTheatre6RoomEitherorBgDi13.png	1	Seal the safe	2	1	1		1	1	4		20	13	33		40	17	37		Open it and examine	2	1	1		1	3	4		-10	33	13		-5	37	17						
19	In an alley in the slums, the dark stains seeping from the walls seem to resemble some form of familiar writing.	Assets/Product/Texture/Image/UiTheatre6/UiTheatre6RoomEitherorBgDi/UiTheatre6RoomEitherorBgDi13.png	1	Try to discern	2	1	1		1	1	2		-13	13	33		-10	17	37		Wipe away the stains	2	1	1		1	2	3		20	13	33		40	17	37						
20	On a night when a storm rages, an eerie shadow repeatedly passes by outside the tall bedroom window.	Assets/Product/Texture/Image/UiTheatre6/UiTheatre6RoomEitherorBgDi/UiTheatre6RoomEitherorBgDi08.png	1	Close the curtains	2	1	1		1	2	3		20	13	33		40	17	37		Open the curtains and look	2	1	1		1	2	4		-13	33	13		-10	37	17						
23	A fortune teller grabs you at the street corner and keeps repeating a prophecy about the approaching Mist.	Assets/Product/Texture/Image/UiTheatre6/UiTheatre6RoomEitherorBgDi/UiTheatre6RoomEitherorBgDi13.png	1	Turn to leave	2	1	1		1	2	4		20	33	13		40	37	17		Listen intently	2	1	1		1	3	4		-13	13	33		-10	17	37						
24	In the window of an antique shop at the street corner, you quietly gaze at an amber ornament with patterns of retinal veins within.	Assets/Product/Texture/Image/UiTheatre6/UiTheatre6RoomEitherorBgDi/UiTheatre6RoomEitherorBgDi09.png	1	Look at the patterns	2	1	1		1	1	2		-13	13	33		-10	17	37		Close your eyes	2	1	1		1	2	4		0	33	13			37	17						
26	The lighthouse keeper on a remote island has mysteriously vanished, leaving behind a diary filled with writings on the fear of the deep sea.	Assets/Product/Texture/Image/UiTheatre6/UiTheatre6RoomEitherorBgDi/UiTheatre6RoomEitherorBgDi04.png	1	Seal the diary	2	1	1		1	1	3		20	33	13		40	37	17		Read the diary	2	1	1		1	3	4		-10	13	33		-5	17	37						
27	There is no cargo in the hold of a confiscated smuggling ship, except for several stone tablets carved with bizarre patterns.	Assets/Product/Texture/Image/UiTheatre6/UiTheatre6RoomEitherorBgDi/UiTheatre6RoomEitherorBgDi09.png	1	Trace the patterns on the tablets	2	1	1		1	2	3		-13	13	33		-10	17	37		Call for a priest to pray over this	2	1	1		1	1	2		20	13	33		40	17	37						
28	In a freshly developed crime scene photo, a blurry shadow vaguely appears behind the victim.	Assets/Product/Texture/Image/UiTheatre6/UiTheatre6RoomEitherorBgDi/UiTheatre6RoomEitherorBgDi10.png	1	Examine the shadow with a magnifying glass	2	1	1		1	2	3		-10	13	33		-5	17	37		Consult your companion	2	1	1		1	2	4		20	33	13		40	37	17						
29	A police officer patrolling the streets walked into an eerie mansion but never came out.	Assets/Product/Texture/Image/UiTheatre6/UiTheatre6RoomEitherorBgDi/UiTheatre6RoomEitherorBgDi03.png	1	Pick up his pistol	2	1	1		1	1	4		0	13	33			17	37		Examine from the entrance	2	1	1		1	2	4		-10	33	13		-5	37	17						
30	At an auction, the fog in an oil painting of a misty forest seems to be faintly shifting as everyone watches.	Assets/Product/Texture/Image/UiTheatre6/UiTheatre6RoomEitherorBgDi/UiTheatre6RoomEitherorBgDi11.png	1	Inspect the painting	2	1	1		1	2	4		-13	13	33		-10	17	37		Tear open the canvas	2	1	1		1	1	4		20	33	13		40	37	17						
31	A strange letter was delivered to your mailbox, instructing you to attend an appointment at a location that doesn't exist.	Assets/Product/Texture/Image/UiTheatre6/UiTheatre6RoomEitherorBgDi/UiTheatre6RoomEitherorBgDi16.png	1	Drink some hot tea to calm down	2	1	1		1	3	4		20	13	33		40	17	37		Attend as instructed	2	1	1		1	2	4		-13	33	13		-10	37	17						
33	A librarian walked into a library that had never been opened, locked himself in, and never came out.	Assets/Product/Texture/Image/UiTheatre6/UiTheatre6RoomEitherorBgDi/UiTheatre6RoomEitherorBgDi11.png	1	Examine the books in the library	2	1	1		1	1	4		-13	13	33		-10	17	37		Call for a priest to pray	2	1	1		1	1	2		20	13	33		40	17	37						
34	In the storage room of a post office, dark green liquid slowly seeps from an unclaimed package.	Assets/Product/Texture/Image/UiTheatre6/UiTheatre6RoomEitherorBgDi/UiTheatre6RoomEitherorBgDi11.png	1	File it as unclaimed property	2	1	1		1	1	2		0	33	13			37	17		Open the package	2	1	1		1	1	4		-13	33	13		-10	37	17						
35	On the sheets of an empty bed in a hospital ward, dark red bloodstains faintly seep through.	Assets/Product/Texture/Image/UiTheatre6/UiTheatre6RoomEitherorBgDi/UiTheatre6RoomEitherorBgDi02.png	1	Clean it thoroughly	2	1	1		1	3	4		0	13	33			17	37		Ignore it	2	1	1		1	2	4		-13	33	13		-10	37	17						
36	In the thick fog at the dead of night, a carriage stands before you, but there is not a soul inside.	Assets/Product/Texture/Image/UiTheatre6/UiTheatre6RoomEitherorBgDi/UiTheatre6RoomEitherorBgDi15.png	1	Turn to leave	2	1	1		1	2	4		20	33	13		40	37	17		Board and inspect the carriage	2	1	1		1	1	4		-13	33	13		-10	37	17						
37	Graves in the cemetery have been dug up in the dead of night, but the exposed coffins contain no bodies. Only viscous sludge remains.	Assets/Product/Texture/Image/UiTheatre6/UiTheatre6RoomEitherorBgDi/UiTheatre6RoomEitherorBgDi18.png	1	Examine the sludge	2	1	1		1	3	4		-13	13	33		-10	17	37		Investigate the coffin	2	1	1		1	2	4		-10	13	33		-5	17	37						
38	A hospital has received many insomnia patients. They all report dreaming of a faceless "deity."	Assets/Product/Texture/Image/UiTheatre6/UiTheatre6RoomEitherorBgDi/UiTheatre6RoomEitherorBgDi10.png	1	File the patients' medical records	2	1	1		1	1	3		0	33	13			37	17		Ask the patients about the dream	2	1	1		1	3	4		-13	13	33		-10	17	37						
39	In the corner, a spider ceaselessly weaves its web, and the pattern woven into it appears to resemble some kind of strange writing.	Assets/Product/Texture/Image/UiTheatre6/UiTheatre6RoomEitherorBgDi/UiTheatre6RoomEitherorBgDi13.png	1	Copy the "writing"	2	1	1		1	1	2		-13	13	33		-10	17	37		Investigate the spider	2	1	1		1	2	3		-10	33	13		-5	37	17						
40	An old music box turns, playing a low, somber melody. An eerie murmuring seems to lurk within the music, barely perceptible.	Assets/Product/Texture/Image/UiTheatre6/UiTheatre6RoomEitherorBgDi/UiTheatre6RoomEitherorBgDi10.png	1	Smash the music box	2	1	1		1	1	4		20	13	33		40	17	37		Carefully disassemble the clockwork	2	1	1		1	3	4		-13	13	33		-10	17	37						
43	The statue in the church has developed massive cracks. Within them, a scroll and some rusted coins are barely visible.	Assets/Product/Texture/Image/UiTheatre6/UiTheatre6RoomEitherorBgDi/UiTheatre6RoomEitherorBgDi03.png	1	Read the scroll	2	1	1		1	2	3		-13	13	33		-10	17	37		Take the coins	2	1	1		1	1	4		-10	33	13		-5	37	17						
45	In the ticket booth of an abandoned opera house, a money box that wasn't taken remains locked tight, yet a pungent smell emanates from within.	Assets/Product/Texture/Image/UiTheatre6/UiTheatre6RoomEitherorBgDi/UiTheatre6RoomEitherorBgDi17.png	1	Force open the money box	2	1	1		1	3	4		-13	13	33		-10	17	37		Identify the smell	2	1	1		1	1	4		-10	33	13		-5	37	17						
47	At the black market, a grave robber peddles ancient gold coins still covered in fresh dirt.	Assets/Product/Texture/Image/UiTheatre6/UiTheatre6RoomEitherorBgDi/UiTheatre6RoomEitherorBgDi13.png	1	Ask a question	2	1	1		1	1	2		-10	33	13		-5	37	17		Purchase the coins	2	1	1		1	1	4		0	33	13			37	17						
48	In the deserted psychiatric hospital, countless scattered medical records are covered in bloodstains.	Assets/Product/Texture/Image/UiTheatre6/UiTheatre6RoomEitherorBgDi/UiTheatre6RoomEitherorBgDi07.png	1	Pick up the bloodstained medical records	2	1	1		1	3	4		-13	33	13		-10	37	17		Turn to leave	2	1	1		1	2	4		20	33	13		40	37	17						
49	A mysterious scholar's estate is being auctioned off. You purchase his collection of ancient coins at an extremely low price.	Assets/Product/Texture/Image/UiTheatre6/UiTheatre6RoomEitherorBgDi/UiTheatre6RoomEitherorBgDi11.png	1	Count the coins	2	1	1		1	1	4		0	33	13			37	17		Study the coin patterns	2	1	1		1	2	4		-10	13	33		-5	17	37						
50	A strange glow emanates from the dried well in the abandoned manor, and you notice faint metallic glimmers among the salvaged debris.	Assets/Product/Texture/Image/UiTheatre6/UiTheatre6RoomEitherorBgDi/UiTheatre6RoomEitherorBgDi03.png	1	Touch the metal	2	1	1		1	3	4		-10	13	33		-5	17	37		Stay cautious	2	1	1		1	1	3		0	33	13			37	17						
52	In the shadows of an abandoned bell tower, a group of people gather in a circle and engage in silent prayer, their heads bowed and eyes closed.	Assets/Product/Texture/Image/UiTheatre6/UiTheatre6RoomEitherorBgDi/UiTheatre6RoomEitherorBgDi12.png	1	Join the prayer in disguise	2	1	1		1	1	3		-13	33	13		-10	37	17		Interrupt this strange prayer	7				1000				1												
53	The morgue's metal door suddenly swings open, and a body wrapped in white cloth slowly approaches you.	Assets/Product/Texture/Image/UiTheatre6/UiTheatre6RoomEitherorBgDi/UiTheatre6RoomEitherorBgDi05.png	1	Raise your gun	7				1000				1								Call for a priest to pray	2	1	1		1	1	2		20	13	33		40	17	37						
54	On a silent street corner, the branches of tall roadside trees stir in the wind, casting shifting shadows across the ground that dance like phantoms.	Assets/Product/Texture/Image/UiTheatre6/UiTheatre6RoomEitherorBgDi/UiTheatre6RoomEitherorBgDi15.png	1	Gaze quietly at the shadows	2	1	1		1	2	3		-13	33	13		-10	37	17		Try to break off the branches	7				1000				1												
56	A grating sound suddenly rings out from behind the stage curtain in the opera house. A massive puppet slowly crawls into view.	Assets/Product/Texture/Image/UiTheatre6/UiTheatre6RoomEitherorBgDi/UiTheatre6RoomEitherorBgDi17.png	1	Retreat down the passage	2	1	1		1	3	4		0	33	13			37	17		Attack the puppet	7				1000				1												
57	Fine cracks spread across the vine relief on the room's wall, as if the carved vines had once grown.	Assets/Product/Texture/Image/UiTheatre6/UiTheatre6RoomEitherorBgDi/UiTheatre6RoomEitherorBgDi02.png	1	Observe Closely	2	1	1		1	1	4		-13	33	13		-10	37	17		Smash the relief	7				1000				1												
58	In the psychiatric hospital, a patient in a straitjacket crawls through the hallway on his back, his limbs twisted at impossible angles.	Assets/Product/Texture/Image/UiTheatre6/UiTheatre6RoomEitherorBgDi/UiTheatre6RoomEitherorBgDi07.png	1	Prepare to attack	7				1000				1								Dodge	2	1	1		1	1	3		-10	13	33		-5	17	37						
59	In the abandoned garden, a starving hound lets out cries that sound almost human.	Assets/Product/Texture/Image/UiTheatre6/UiTheatre6RoomEitherorBgDi/UiTheatre6RoomEitherorBgDi03.png	1	Drink some hot tea to calm down	2	1	1		1	3	4		20	13	33		40	17	37		Draw your weapon and stay alert	7				1000				1												
61	A trail of bloody footprints appears on the Mist-shrouded street. Where the footprints end, only a blood-stained coat remains.	Assets/Product/Texture/Image/UiTheatre6/UiTheatre6RoomEitherorBgDi/UiTheatre6RoomEitherorBgDi15.png	1	Search the pockets carefully	2	1	1		1	3	4		-10	13	33		-5	17	37		Turn to leave	2	1	1		1	2	4		20	33	13		40	37	17						
62	In the room of a long-missing sailor, a photo with the face cut out is tucked inside a diary left behind.	Assets/Product/Texture/Image/UiTheatre6/UiTheatre6RoomEitherorBgDi/UiTheatre6RoomEitherorBgDi10.png	1	Read the diary	2	1	1		1	1	2		-13	33	13		-10	37	17		Examine the photo	2	1	1		1	2	3		-10	33	13		-5	37	17						
64	Strange writing in lipstick marks the dust-covered makeup mirror in the theater.	Assets/Product/Texture/Image/UiTheatre6/UiTheatre6RoomEitherorBgDi/UiTheatre6RoomEitherorBgDi11.png	1	Wipe away the writing	2	1	1		1	2	4		20	13	33		40	17	37		Copy down the writing	2	1	1		1	2	3		-13	13	33		-10	17	37						
65	Standing on the dock, you watch the lighthouse in the distance flash repeatedly, as if transmitting some kind of strange code.	Assets/Product/Texture/Image/UiTheatre6/UiTheatre6RoomEitherorBgDi/UiTheatre6RoomEitherorBgDi12.png	1	Decipher the code	2	1	1		1	1	2		-13	33	13		-10	37	17		Watch the lights quietly	2	1	1		1	1	4		0	13	33			17	37						
66	A tattered newspaper clipping lies in the long-abandoned psychiatric hospital, documenting a mass patient escape from years ago.	Assets/Product/Texture/Image/UiTheatre6/UiTheatre6RoomEitherorBgDi/UiTheatre6RoomEitherorBgDi07.png	1	Search for more clippings	2	1	1		1	1	4		0	33	13			37	17		Read the clipping carefully	2	1	1		1	2	4		-10	33	13		-5	37	17						
68	An autopsy report reveals that the deceased's stomach contained nothing but a set of keys.	Assets/Product/Texture/Image/UiTheatre6/UiTheatre6RoomEitherorBgDi/UiTheatre6RoomEitherorBgDi05.png	1	Take out the key	2	1	1		1	1	2		-10	13	33		-5	17	37		Note the key designations	2	1	1		1	2	4		0	13	33			17	37						
70	An admission ticket appears on your desk. The abbreviated location written on it is an underground club that seems to have never existed.	Assets/Product/Texture/Image/UiTheatre6/UiTheatre6RoomEitherorBgDi/UiTheatre6RoomEitherorBgDi10.png	1	Note the ticket information	2	1	1		1	2	3		-10	13	33		-5	17	37		Ignore it	2	1	1		1	3	4		0	33	13			37	17						
71	The antique shop owner tries to sell you an old music box, claiming it plays a siren's song.	Assets/Product/Texture/Image/UiTheatre6/UiTheatre6RoomEitherorBgDi/UiTheatre6RoomEitherorBgRen02.png	6	Open the music box and listen to the song	2	1	1		1	2	4		-10	33	13		-5	37	17		Refuse to listen to the music box	2	1	1		1	1	4		20	33	13		40	37	17		101	1			
72	At the stroke of midnight, the music box by your bedside starts playing on its own. Its eerie melody bores into your mind.	Assets/Product/Texture/Image/UiTheatre6/UiTheatre6RoomEitherorBgDi/UiTheatre6RoomEitherorBgDi10.png	6	Ignore the melody	2	1	1		1	1	4		0	13	33			17	37		Throw the music box out the window	2	1	1		1	2	4		20	33	13		40	37	17		101	2			
73	As the music swells to a crescendo, the music box shatters without warning. A grotesque chunk of flesh tumbles out from within.	Assets/Product/Texture/Image/UiTheatre6/UiTheatre6RoomEitherorBgDi/UiTheatre6RoomEitherorBgDi10.png	6	Examine the flesh	2	1	1		1	2	4		-13	33	13		-10	37	17		Set it on fire	2	1	1		1	1	2		20	33	13		40	37	17		101	3			
74	An oil painting of a starry night hangs on display in the gallery. Stare at it long enough, and the stars across the canvas seem to be burning slowly.	Assets/Product/Texture/Image/UiTheatre6/UiTheatre6RoomEitherorBgDi/UiTheatre6RoomEitherorBgDi05.png	6	Take a Closer Look	2	1	1		1	1	4		-13	33	13		-10	37	17		Question the gallery owner	2	1	1		1	1	3		0	13	33			17	37		102	1			
75	The gallery owner has dropped dead under mysterious circumstances. Clutched in his hand is a key that doesn't open a single door in the gallery.	Assets/Product/Texture/Image/UiTheatre6/UiTheatre6RoomEitherorBgDi/UiTheatre6RoomEitherorBgDi05.png	6	Take the key	2	1	1		1	1	4		0	33	13			37	17		Continue searching his pockets	2	1	1		1	3	4		-10	13	33		-5	17	37		102	2			
76	The lighthouse on the island stands completely dark. As you approach in a small boat, the sea breeze carries a nauseating, fishy stench.	Assets/Product/Texture/Image/UiTheatre6/UiTheatre6RoomEitherorBgDi/UiTheatre6RoomEitherorBgDi12.png	6	Force your way onto the island	2	1	1		1	1	2		-10	33	13		-5	37	17		Cover your nose with a handkerchief	2	1	1		1	1	3		0	13	33			17	37		103	1			
77	At the tower entrance, slimy scales lie scattered about, seemingly shed from some unknown creature.	Assets/Product/Texture/Image/UiTheatre6/UiTheatre6RoomEitherorBgDi/UiTheatre6RoomEitherorBgDi12.png	6	Examine the scales	2	1	1		1	1	2		-10	13	33		-5	17	37		Avoid carefully	2	1	1		1	1	3		-10	13	33		-5	17	37		103	2			
78	At the top of the tower, the keeper whose body has already mutated pays no heed to your arrival, simply keeping its head bowed in prayer.	Assets/Product/Texture/Image/UiTheatre6/UiTheatre6RoomEitherorBgDi/UiTheatre6RoomEitherorBgRen03.png	6	Persuade it	2	1	1		1	1	3		-10	13	33		-5	17	37		Leave it alone	2	1	1		1	2	3		0	13	33			17	37		103	3			
79	The mutated tower keeper finally seems to notice you. It turns its twisted face toward you and lurches forward, completely out of control.	Assets/Product/Texture/Image/UiTheatre6/UiTheatre6RoomEitherorBgDi/UiTheatre6RoomEitherorBgRen03.png	6	Draw your weapon and stay alert	7				1000				1								Try to talk to it	2	1	1		1	2	3		-13	13	33		-10	17	37		103	4			
80	Workers repairing the street claim they've unearthed a treasure, but it's just a stone slab inscribed with strange runes.	Assets/Product/Texture/Image/UiTheatre6/UiTheatre6RoomEitherorBgDi/UiTheatre6RoomEitherorBgDi03.png	6	Make a rubbing of the runes	2	1	1		1	1	4		-10	13	33		-5	17	37		Tell the workers to bury the stone slab	2	1	1		1	1	2		20	33	13		40	37	17		104	1			
81	While studying the rune-inscribed stone slab alone in your room, the runes suddenly begin to ooze a blood-like slime.	Assets/Product/Texture/Image/UiTheatre6/UiTheatre6RoomEitherorBgDi/UiTheatre6RoomEitherorBgDi10.png	6	Collect the liquid	2	1	1		1	1	4		-10	13	33		-5	17	37		Get rid of the stone slab	2	1	1		1	1	2		20	33	13		40	37	17		104	2			
82	Corrosive, blood-like slime flows across the table, inscribing patterns into the surface. They are identical to those on the stone slab.	Assets/Product/Texture/Image/UiTheatre6/UiTheatre6RoomEitherorBgDi/UiTheatre6RoomEitherorBgDi10.png	6	Wipe away the marks on the table	2	1	1		1	1	2		-13	13	33		-10	17	37		Examine the marks closely	2	1	1		1	2	4		-10	33	13		-5	37	17		104	3			
83	The train bound for the suburbs enters a thick fog. The temperature inside the car plummets, and layers of frost patterns begin forming across the windows.	Assets/Product/Texture/Image/UiTheatre6/UiTheatre6RoomEitherorBgDi/UiTheatre6RoomEitherorBgDi01.png	6	Try to decipher the frost patterns	2	1	1		1	1	2		-10	33	13		-5	37	17		Close your eyes	2	1	1		1	2	3		0	13	33			17	37		105	1			
84	The door connecting the train cars slams open. The attendant that bursts through is unrecognizable, its face twisted beyond recognition, arthropod limbs thrashing from its sleeves.	Assets/Product/Texture/Image/UiTheatre6/UiTheatre6RoomEitherorBgDi/UiTheatre6RoomEitherorBgDi01.png	6	Aim your weapon	7				1000				1								Try to dodge the flailing limbs	7				1000				1								105	2			
201	A gas lamp on the street flickers incessantly, like a giant monster's constantly blinking eyes.	Assets/Product/Texture/Image/UiTheatre6/UiTheatre6RoomEitherorBgDi/UiTheatre6RoomEitherorBgDi16.png	1	Try to interpret the flickering	2	1	1		1	3	4		-13	13	33		-10	17	37		Approach the light unconsciously	2	1	1		1	1	3		-10	13	33		-5	17	37						
203	Dark red stains linger on the wall of the morgue, as if left behind as cryptic messages when the dead came back to life.	Assets/Product/Texture/Image/UiTheatre6/UiTheatre6RoomEitherorBgDi/UiTheatre6RoomEitherorBgDi05.png	1	Trace the symbols in your notebook	2	1	1		1	3	4		-13	33	13		-10	37	17		Try to wipe away the stains	2	1	1		1	1	4		20	13	33		40	17	37						
204	The dolls in the shop window sit in neat, orderly rows, and all their glass bead eyes turn to stare at you.	Assets/Product/Texture/Image/UiTheatre6/UiTheatre6RoomEitherorBgDi/UiTheatre6RoomEitherorBgDi13.png	1	Back away instinctively	2	1	1		1	2	3		-10	33	13		-5	37	17		Observe Closely	2	1	1		1	1	3		-13	13	33		-10	17	37						
205	In a cramped hotel room, the grating sound of fingernails scraping is coming from behind the wall connecting to the adjacent room.	Assets/Product/Texture/Image/UiTheatre6/UiTheatre6RoomEitherorBgDi/UiTheatre6RoomEitherorBgDi10.png	1	Listen carefully	2	1	1		1	1	2		-13	33	13		-10	37	17		Endure silently	2	1	1		1	1	4		-10	33	13		-5	37	17						
208	No one knows when the mail carrier stopped coming to the mailbox at the street corner, and letters continue to spill from it like snowflakes.	Assets/Product/Texture/Image/UiTheatre6/UiTheatre6RoomEitherorBgDi/UiTheatre6RoomEitherorBgDi16.png	1	Collect the letters	2	1	1		1	1	4		0	33	13			37	17		Open the letter	2	1	1		1	2	4		-13	13	33		-10	17	37						
209	A closed carriage drives down the street, leaving intermittent wheel tracks on the road, and faint whispers drift from within.	Assets/Product/Texture/Image/UiTheatre6/UiTheatre6RoomEitherorBgDi/UiTheatre6RoomEitherorBgDi15.png	1	Watch the carriage leave	2	1	1		1	2	3		0	33	13			37	17		Make out the whispers	2	1	1		1	1	2		-13	13	33		-10	17	37						
210	In the banquet hall, the liquid in the wine glass suddenly emits a metallic, bloody smell, and strange sediment can be faintly seen at the bottom.	Assets/Product/Texture/Image/UiTheatre6/UiTheatre6RoomEitherorBgDi/UiTheatre6RoomEitherorBgDi11.png	1	Touch the sediment at the bottom	2	1	1		1	1	2		-13	13	33		-10	17	37		Identify the smell of the liquid	2	1	1		1	1	4		-10	33	13		-5	37	17						
211	On the walls of the orphanage are countless eyes that were drawn by children in crude, childish strokes.	Assets/Product/Texture/Image/UiTheatre6/UiTheatre6RoomEitherorBgDi/UiTheatre6RoomEitherorBgDi02.png	1	Lock eyes with the "eyes"	2	1	1		1	1	2		-10	13	33		-5	17	37		Reach out and touch the "eyes"	2	1	1		1	1	3		-13	13	33		-10	17	37						
212	The shrill cries of countless rats echo faintly deep in the sewers.	Assets/Product/Texture/Image/UiTheatre6/UiTheatre6RoomEitherorBgDi/UiTheatre6RoomEitherorBgDi03.png	1	Observe carefully	2	1	1		1	2	3		-13	13	33		-10	17	37		Try to drive away the gathered rats with stones	2	1	1		1	3	4		20	13	33		40	17	37						
213	A funeral procession emerges from the thick fog, but knocking sounds can be heard from inside the coffin.	Assets/Product/Texture/Image/UiTheatre6/UiTheatre6RoomEitherorBgDi/UiTheatre6RoomEitherorBgDi15.png	1	Watch the procession leave	2	1	1		1	1	3		0	33	13			37	17		Investigate the coffin	2	1	1		1	2	3		-13	13	33		-10	17	37						
214	You feel a strange spike in your trench coat pocket.	Assets/Product/Texture/Image/UiTheatre6/UiTheatre6RoomEitherorBgDi/UiTheatre6RoomEitherorBgDi13.png	1	Throw away the spike	2	1	1		1	1	2		0	13	33			17	37		Examine the spike closely	2	1	1		1	2	4		-10	13	33		-5	17	37						
215	In the clockmaker's shop, countless clocks tick, their hands moving backward eerily.	Assets/Product/Texture/Image/UiTheatre6/UiTheatre6RoomEitherorBgDi/UiTheatre6RoomEitherorBgDi06.png	1	Take apart the clocks	2	1	1		1	3	4		-13	33	13		-10	37	17		Ignore deliberately	2	1	1		1	2	4		0	33	13			37	17						
217	You break open the fragrant meat pie in your hands to find pale finger bone fragments inside.	Assets/Product/Texture/Image/UiTheatre6/UiTheatre6RoomEitherorBgDi/UiTheatre6RoomEitherorBgDi16.png	1	Piece together the fragments	2	1	1		1	2	4		-13	13	33		-10	17	37		Discard the pie	2	1	1		1	1	4		-10	33	13		-5	37	17						
218	A gray-bearded pharmacist tries to sell you eye drops that supposedly let you see the "truth."	Assets/Product/Texture/Image/UiTheatre6/UiTheatre6RoomEitherorBgDi/UiTheatre6RoomEitherorBgRen04.png	1	Shake your head and refuse	2	1	1		1	1	2		0	13	33			17	37		Accept the price of "truth"	2	1	1		1	1	4		-13	13	33		-10	17	37						
219	In an empty church, a black cat slumbers on the abandoned altar, its eyes closed.	Assets/Product/Texture/Image/UiTheatre6/UiTheatre6RoomEitherorBgDi/UiTheatre6RoomEitherorBgDi04.png	1	Inspect the black cat	2	1	1		1	2	3		-10	13	33		-5	17	37		Call for a priest to pray over this	2	1	1		1	1	2		20	13	33		40	17	37						
220	The water in the plaza fountain has long since dried up, replaced by dark slime.	Assets/Product/Texture/Image/UiTheatre6/UiTheatre6RoomEitherorBgDi/UiTheatre6RoomEitherorBgDi13.png	1	Avoid getting slime on you	2	1	1		1	2	4		-10	13	33		-5	17	37		Carefully reach out and touch it	2	1	1		1	1	4		-13	33	13		-10	37	17						
222	A massive strange fish drifts slowly toward you on a calm river, reeking of decay.	Assets/Product/Texture/Image/UiTheatre6/UiTheatre6RoomEitherorBgDi/UiTheatre6RoomEitherorBgDi01.png	1	Cover your nose with a handkerchief	2	1	1		1	1	2		0	13	33			17	37		Try to scoop up the strange fish	2	1	1		1	1	3		-13	13	33		-10	17	37						
223	You gaze at your reflection in the puddle, and you think you see it smile at you.	Assets/Product/Texture/Image/UiTheatre6/UiTheatre6RoomEitherorBgDi/UiTheatre6RoomEitherorBgDi13.png	1	Gaze at your reflection quietly	2	1	1		1	1	2		-13	33	13		-10	37	17		Close your eyes	2	1	1		1	2	3		0	13	33			17	37						
224	The glass of a museum display case suddenly shatters, revealing rare treasures that gleam with enticing light.	Assets/Product/Texture/Image/UiTheatre6/UiTheatre6RoomEitherorBgDi/UiTheatre6RoomEitherorBgDi08.png	1	Ignore it	2	1	1		1	3	4		0	13	33			17	37		Try to touch the item in the display case	2	1	1		1	1	4		-13	33	13		-10	37	17						
227	The pocket watch in your hand suddenly stops, then its hands begin moving backward.	Assets/Product/Texture/Image/UiTheatre6/UiTheatre6RoomEitherorBgDi/UiTheatre6RoomEitherorBgDi13.png	1	Stare at the reversing hands	2	1	1		1	2	4		-13	13	33		-10	17	37		Close your eyes and don't look at the watch	2	1	1		1	1	2		0	13	33			17	37						
228	A ragged beggar sits by the roadside, his hat containing only writhing insects.	Assets/Product/Texture/Image/UiTheatre6/UiTheatre6RoomEitherorBgDi/UiTheatre6RoomEitherorBgDi13.png	1	Ask your companion whether to help him	2	1	1		1	2	3		20	13	33		40	17	37		Drop a coin into his hat	2	1	1		1	2	4		0	13	33			17	37						
229	You quietly stare at a yellowed group photo in the window of the photography studio. All the faces in the photo are blacked out.	Assets/Product/Texture/Image/UiTheatre6/UiTheatre6RoomEitherorBgDi/UiTheatre6RoomEitherorBgDi10.png	1	Try to wipe the stains off the photo	2	1	1		1	2	3		-10	33	13		-5	37	17		Stop looking at the photo	2	1	1		1	3	4		0	33	13			37	17						
233	On the theater stage, the opera singer's voice seems to have some kind of hypnotic power.	Assets/Product/Texture/Image/UiTheatre6/UiTheatre6RoomEitherorBgDi/UiTheatre6RoomEitherorBgDi17.png	1	Listen quietly	2	1	1		1	1	3		-13	33	13		-10	37	17		Cover your ears and stop listening	2	1	1		1	3	4		20	33	13		40	37	17						
234	The theater box is empty, and programs covered in bloody handprints are scattered on the floor.	Assets/Product/Texture/Image/UiTheatre6/UiTheatre6RoomEitherorBgDi/UiTheatre6RoomEitherorBgDi17.png	1	Don't touch the programs	2	1	1		1	1	4		0	33	13			37	17		Pick up a program	2	1	1		1	1	3		-10	13	33		-5	17	37						
235	In the barbershop, jet-black hair like twisted limbs is scattered on the floor.	Assets/Product/Texture/Image/UiTheatre6/UiTheatre6RoomEitherorBgDi/UiTheatre6RoomEitherorBgRen05.png	1	Try to reach out and touch the strands	2	1	1		1	3	4		-13	13	33		-10	17	37		Turn and leave	2	1	1		1	2	4		20	13	33		40	17	37						
236	The baker takes the freshly baked bread out of the oven, but all of it has turned into charred, twisted, monstrous shapes.	Assets/Product/Texture/Image/UiTheatre6/UiTheatre6RoomEitherorBgDi/UiTheatre6RoomEitherorBgRen06.png	1	Ignore it	2	1	1		1	2	4		-10	13	33		-5	17	37		Examine carefully	2	1	1		1	2	3		-13	33	13		-10	37	17						
237	You've lost your way in the Mist-filled streets. Suddenly, a lighthouse that cannot possibly exist appears before you.	Assets/Product/Texture/Image/UiTheatre6/UiTheatre6RoomEitherorBgDi/UiTheatre6RoomEitherorBgDi15.png	1	Walk toward the lighthouse	2	1	1		1	1	2		-13	33	13		-10	37	17		Close your eyes	2	1	1		1	2	3		0	13	33			17	37						
238	The sheriff hands you an autopsy report, which shows that the deceased's internal organs have all been devoured by rats.	Assets/Product/Texture/Image/UiTheatre6/UiTheatre6RoomEitherorBgDi/UiTheatre6RoomEitherorBgRen01.png	1	Study the report	2	1	1		1	2	3		-10	33	13		-5	37	17		Examine the body	2	1	1		1	1	2		-13	13	33		-10	17	37						
239	Numerous bizarrely-shaped statues are faintly visible inside an old dried-up well in the suburbs.	Assets/Product/Texture/Image/UiTheatre6/UiTheatre6RoomEitherorBgDi/UiTheatre6RoomEitherorBgDi03.png	1	Try to salvage the statues	2	1	1		1	3	4		-13	13	33		-10	17	37		Raise a lantern to investigate the bottom of the well	2	1	1		1	1	4		-10	33	13		-5	37	17						
241	A skeletal stray dog suddenly bursts out from the Mist, its deep growling seemingly mimicking human speech.	Assets/Product/Texture/Image/UiTheatre6/UiTheatre6RoomEitherorBgDi/UiTheatre6RoomEitherorBgDi15.png	1	Drive it away	7				1000				1								Back away cautiously	2	1	1		1	1	3		0	33	13			37	17						
242	In the police station's archive room, strange black gas emerges from the mountainous pile of old case files.	Assets/Product/Texture/Image/UiTheatre6/UiTheatre6RoomEitherorBgDi/UiTheatre6RoomEitherorBgDi10.png	1	Lock the archive room	2	1	1		1	1	4		-13	33	13		-10	37	17		Raise your gun and stay alert	7				1000				1												
243	In your shadow on the ground, a hand that doesn't exist appears along the edge of your neck, slowly closing in on you.	Assets/Product/Texture/Image/UiTheatre6/UiTheatre6RoomEitherorBgDi/UiTheatre6RoomEitherorBgDi13.png	1	Raise your gun and stay alert	7				1000				1								Raise a lantern to dispel the shadow	2	1	1		1	1	3		20	13	33		40	17	37						
244	At the auction, the featured lot is a bizarre animal specimen, its species unidentifiable.	Assets/Product/Texture/Image/UiTheatre6/UiTheatre6RoomEitherorBgDi/UiTheatre6RoomEitherorBgDi10.png	1	Buy it at a high price	2	1	1		1	3	4		0	13	33			17	37		Step forward and smash the jar with the specimen	7				1000				1												
245	The printing press at the newspaper suddenly malfunctions. Every newspaper it prints bears only a single line of unintelligible text, and it resembles an evil incantation.	Assets/Product/Texture/Image/UiTheatre6/UiTheatre6RoomEitherorBgDi/UiTheatre6RoomEitherorBgDi10.png	1	Turn off the machine	7				1000				1								Forcibly cut off the power	2	1	1		1	1	4		20	33	13		40	37	17						
246	At the fortune-telling stall on the street, every tarot card displays strange dark patterns.	Assets/Product/Texture/Image/UiTheatre6/UiTheatre6RoomEitherorBgDi/UiTheatre6RoomEitherorBgRen05.png	1	Look at the cards closely	2	1	1		1	3	4		-13	33	13		-10	37	17		Defend against the fortune teller's sudden attack	7				1000				1												
247	While he is trying to dig up a grave to steal its burial goods, the gravekeeper on night patrol suddenly falls into madness.	Assets/Product/Texture/Image/UiTheatre6/UiTheatre6RoomEitherorBgDi/UiTheatre6RoomEitherorBgDi18.png	1	Control his madness	7				1000				1								Fill the open grave	2	1	1		1	2	3		20	13	33		40	17	37						
248	A strange, pitch-black bird perches on your windowsill, pecking relentlessly at the glass with its sharp beak.	Assets/Product/Texture/Image/UiTheatre6/UiTheatre6RoomEitherorBgDi/UiTheatre6RoomEitherorBgDi08.png	1	Close the curtains	2	1	1		1	2	3		20	13	33		40	17	37		Try to drive away the bird	7				1000				1												
249	In the cold night, the frost on the bedroom window slowly forms into barely legible text.	Assets/Product/Texture/Image/UiTheatre6/UiTheatre6RoomEitherorBgDi/UiTheatre6RoomEitherorBgDi15.png	1	Smash the glass to see what's outside	7				1000				1								Trace the pattern in your notebook	2	1	1		1	2	4		0	33	13			37	17						
1001	<color=#CDA05A>[Tale Progress]]</color>\nEven under the cover of night, moving through the city as a group of "Aberrations" is still extremely dangerous.	Assets/Product/Texture/Image/UiTheatre6/UiTheatre6RoomEitherorBgDi/UiTheatre6RoomEitherorBgDi14.png	5	Continue																	Continue																	10	1	1		
1002	<color=#CDA05A>[Tale Progress]]</color>\nJust then, the faint sound of a carriage drifts in from a distant street corner.	Assets/Product/Texture/Image/UiTheatre6/UiTheatre6RoomEitherorBgDi/UiTheatre6RoomEitherorBgDi15.png	5	Continue																	Continue																	10	2	1		
1003	<color=#E74354>[Tale Choice]</color>\nThe coachman's face is hidden beneath the canopy's shadow. Without a word, he gestures for you to get in.	Assets/Product/Texture/Image/UiTheatre6/UiTheatre6RoomEitherorBgDi/UiTheatre6RoomEitherorBgRen05.png	5	Shake your head and refuse	4	2	1	1	10001	1	1	2	1	20	24	20		40	24	20	Board the carriage	4	2	1	1	10002	1	3	4	1	-15	34	30		-10	34	30	10	3	1		
1005	<color=#CDA05A>[Tale Progress]]</color>\nYour footsteps echo through the street. In the dark, it's hard to tell where you are going, and it feels as though you have been walking the same path over and over.	Assets/Product/Texture/Image/UiTheatre6/UiTheatre6RoomEitherorBgDi/UiTheatre6RoomEitherorBgDi13.png	5	Continue																	Continue																	11	1	1	10001	
1006	<color=#E74354>[Tale Choice]</color>\nFarther down the street, you see the same carriage again.	Assets/Product/Texture/Image/UiTheatre6/UiTheatre6RoomEitherorBgDi/UiTheatre6RoomEitherorBgDi15.png	5	Remain silent	4	2	1	1	10003	1	1	3	1	-10	33	27		-5	33	27	Inquire	4	2	1	1	10003	1	3	2	1	-15	35	29		-10	35	29	11	2	1		
1007	<color=#CDA05A>[Tale Progress]]</color>\nYou accept this timely "kindness," board the carriage, and deliberately tuck yourself into the deepest corner of the cabin.	Assets/Product/Texture/Image/UiTheatre6/UiTheatre6RoomEitherorBgDi/UiTheatre6RoomEitherorBgDi15.png	5	Continue																	Continue																	12	1	1	10002	
1009	<color=#E74354>[Tale Choice]</color>\nSitting in the cramped carriage, you slowly begin to feel a nagging sense of unease.	Assets/Product/Texture/Image/UiTheatre6/UiTheatre6RoomEitherorBgDi/UiTheatre6RoomEitherorBgDi15.png	5	Maybe it's just your imagination	4	2	1	1	10004	1	1	4	1	-10	31	29		-5	31	29	Lift the curtain and look outside	4	2	1	1	10004	1	2	1	1	-15	33	31		-10	33	31	12	2	1		
1012	<color=#E74354>[Tale Choice]</color>\nIn the faint moonlight, you see his head twitch strangely. Then it jerks again, even harder than before.	Assets/Product/Texture/Image/UiTheatre6/UiTheatre6RoomEitherorBgDi/UiTheatre6RoomEitherorBgRen05.png	5	Retreat into the darkness	2	1	1		1	2	4		-10	31	25		-5	31	25		Tighten your grip on the gun and aim at him	2	1	1		1	4	1		0	35	29		0	35	29		13	1	1	10003	
1015	<color=#E74354>[Tale Choice]</color>\nFinally, his head twists around and faces you. That strange smile is still there.	Assets/Product/Texture/Image/UiTheatre6/UiTheatre6RoomEitherorBgDi/UiTheatre6RoomEitherorBgRen05.png	5	Dodge on instinct	2	1	1		1	2	3		-10	32	28		-5	32	28		Face the abomination	2	1	1		1	3	1		-13	30	26		-10	30	26		14	1	1	10004	
1016	<color=#CDA05A>[Tale Progress]]</color>\nA foul smell rises from the coachman, thick with the stench of blood and flesh, mixed with the cold stink of sewage.	Assets/Product/Texture/Image/UiTheatre6/UiTheatre6RoomEitheror03.png	5	Continue																	Continue																	15	1	1		
1018	<color=#E74354>[Tale Choice]</color>\nCountless tentacles extend from his neck, and at their ends hangs his swaying head, still wearing a smile.	Assets/Product/Texture/Image/UiTheatre6/UiTheatre6RoomEitherorBgDi/UiTheatre6RoomEitherorBgRen05.png	5	Disengage and leave quickly	2	5			1	2001			20	1			40	1			Aim at the figure	7				3001				1								15	2	1		
1100	<color=#CDA05A>[Tale Progress]]</color>\nChurning clouds swallow the waning moon. The street ahead blurs, and only your footsteps echo through the road.	Assets/Product/Texture/Image/UiTheatre6/UiTheatre6RoomEitherorBgDi/UiTheatre6RoomEitherorBgDi13.png	5	Continue																	Continue																	20	1	1		
1101	<color=#E74354>[Tale Choice]</color>\nFog rolls in, and a familiar voice calls your name again and again from within it.	Assets/Product/Texture/Image/UiTheatre6/UiTheatre6RoomEitherorBgDi/UiTheatre6RoomEitherorBgDi13.png	5	Ignore	2	1	1		1	1	2		0	20	19			28	28		Look back	2	1	1		1	3	4		-10	20	23		-5	30	34		20	2	1		
1102	<color=#CDA05A>[Tale Progress]]</color>\nThe voice in the fog grows louder, but nothing stands where it should be. It may be nothing but a ghost.	Assets/Product/Texture/Image/UiTheatre6/UiTheatre6RoomEitherorBgDi/UiTheatre6RoomEitherorBgDi13.png	5	Continue																	Continue																	20	3	1		
1103	<color=#E74354>[Tale Choice]</color>\nNo matter which way you go, the voice is everywhere. Now it only repeats, "You will die."	Assets/Product/Texture/Image/UiTheatre6/UiTheatre6RoomEitherorBgDi/UiTheatre6RoomEitherorBgDi13.png	5	Stay silent	4	2	1	1	10001	1	1	3	1	0	12	27			40	40	Respond	4	2	1	1	10002	1	2	4	1	-10	12	30		-5	19	45	20	4	1		
1104	<color=#CDA05A>[Tale Progress]]</color>\nThe temperature drops bit by bit, and the cold sinks deep into your bones.	Assets/Product/Texture/Image/UiTheatre6/UiTheatre6RoomEitherorBgDi/UiTheatre6RoomEitherorBgDi13.png	5	Continue																	Continue																	21	1	1	10001	
1105	<color=#CDA05A>[Tale Progress]]</color>\nThe air around you feels as if it is slowly freezing.	Assets/Product/Texture/Image/UiTheatre6/UiTheatre6RoomEitherorBgDi/UiTheatre6RoomEitherorBgDi13.png	5	Continue																	Continue																	21	2	1		
1106	<color=#CDA05A>[Tale Progress]]</color>\nSomething unseen seems to be drawing closer.	Assets/Product/Texture/Image/UiTheatre6/UiTheatre6RoomEitherorBgDi/UiTheatre6RoomEitherorBgDi13.png	5	Continue																	Continue																	21	3	1		
1107	<color=#E74354>[Tale Choice]</color>\nA strange mass of shadow appears before you, hovering close enough to touch and giving off a cold, bloody smell.	Assets/Product/Texture/Image/UiTheatre6/UiTheatre6RoomEitherorBgDi/UiTheatre6RoomEitherorBgRen08.png	5	Raise the gas lamp toward the shadow	2	1	1		1	1	4		20	12	14		40	21	21		Reach out carefully	2	1	1		1	2	3		-13	24	22		-10	37	33		21	4	1		
1108	<color=#CDA05A>[Tale Progress]]</color>\nYou keep walking, but the air around you keeps growing colder.	Assets/Product/Texture/Image/UiTheatre6/UiTheatre6RoomEitherorBgDi/UiTheatre6RoomEitherorBgDi15.png	5	Continue																	Continue																	22	1	1	10002	
1109	<color=#CDA05A>[Tale Progress]]</color>\nBone-piercing cold wraps around you, seeping slowly into your body.	Assets/Product/Texture/Image/UiTheatre6/UiTheatre6RoomEitherorBgDi/UiTheatre6RoomEitherorBgDi15.png	5	Continue																	Continue																	22	2	1		
1110	<color=#CDA05A>[Tale Progress]]</color>\nShadows spread before you like ink dissolving in water, blurring your sight.	Assets/Product/Texture/Image/UiTheatre6/UiTheatre6RoomEitherorBgDi/UiTheatre6RoomEitherorBgRen08.png	5	Continue																	Continue																	22	3	1		
1111	<color=#E74354>[Tale Choice]</color>\nThe shadow twists into the shape of a person, though extra limbs seem to grow from its body.	Assets/Product/Texture/Image/UiTheatre6/UiTheatre6RoomEitherorBgDi/UiTheatre6RoomEitherorBgRen08.png	5	Fire at the shadows	7				3002				1								Hide in the street-corner shadows	2	1	1		1	2	1		-10	15	24		-5	22	37		22	4	1		
1112	<color=#CDA05A>[Tale Progress]]</color>\nThe "human" made of shadows finally collapses, melting into a thick pool of black water with a choking smell.	Assets/Product/Texture/Image/UiTheatre6/UiTheatre6RoomEitherorBgDi/UiTheatre6RoomEitherorBgRen08.png	5	Continue																	Continue																	23	1	1		
1113	<color=#CDA05A>[Tale Progress]]</color>\nThe black water churns and burns until a rectangular stone shape rises from it. It looks like a tombstone.	Assets/Product/Texture/Image/UiTheatre6/UiTheatre6RoomEitherorBgDi/UiTheatre6RoomEitherorBgDi18.png	5	Continue																	Continue																	23	2	1		
1114	<color=#E74354>[Tale Choice]</color>\nBy the gas lamp at the street corner, you make out the name on the "tombstone." It is yours.	Assets/Product/Texture/Image/UiTheatre6/UiTheatre6RoomEitherorBgDi/UiTheatre6RoomEitherorBgDi18.png	5	Turn away and reject the illusion	2	1	1		1	3	4		20	22	20		40	31	31		Dig up the grave and inspect it	2	5			1	2003			-13	1			-10				23	3	1		
1120	<color=#CDA05A>[Tale Progress]]</color>\nSomething cold begins to creep up your ankle.	Assets/Product/Texture/Image/UiTheatre6/UiTheatre6RoomEitherorBgDi/UiTheatre6RoomEitherorBgDi15.png	5	Continue																	Continue																	24	1	1		
1121	<color=#CDA05A>[Tale Progress]]</color>\nYou look down and see slick tentacles stretching out from the fog, slowly reaching for you.	Assets/Product/Texture/Image/UiTheatre6/UiTheatre6RoomEitherorBgDi/UiTheatre6RoomEitherorBgDi15.png	5	Continue																	Continue																	24	2	1		
1122	<color=#E74354>[Tale Choice]</color>\nPain stings where the monster's tentacles touch your skin, and a strange dizziness clouds your mind.	Assets/Product/Texture/Image/UiTheatre6/UiTheatre6RoomEitherorBgDi/UiTheatre6RoomEitherorBgDi15.png	5	Struggle free from the tentacles	2	1	1		1	2	4		-10	24	24		-5	36	36		Let the dizziness and tentacles take hold	2	1	1		1	1	3		-13	12	18		-10	19	27		24	3	1		
1130	<color=#E74354>[Tale Choice]</color>\nA cold feeling follows you through the corridor, as if unseen eyes are always watching from behind.	Assets/Product/Texture/Image/UiTheatre6/UiTheatre6RoomEitherorBgDi/UiTheatre6RoomEitherorBgDi05.png	5	Stare back	2	1	1		1	2	3		-13	16	31		-10	46	46		Do nothing	2	1	1		1	1	4		0	12	19			18	28		25	1	1		
1131	<color=#E74354>[Tale Choice]</color>\nAt the end of the corridor, a door opens on its own, its rusted hinges shrieking.	Assets/Product/Texture/Image/UiTheatre6/UiTheatre6RoomEitherorBgDi/UiTheatre6RoomEitherorBgDi05.png	5	Approach and investigate	2	1	1		1	1	3		-13	20	20		-10	30	30		Ignore.	2	1	1		1	2	4		0	18	21			27	32		25	2	1		
1200	<color=#CDA05A>[Tale Progress]]</color>\nDark clouds cover the moon, leaving the midnight sky heavy and lightless.	Assets/Product/Texture/Image/UiTheatre6/UiTheatre6RoomEitherorBgDi/UiTheatre6RoomEitherorBgDi01.png	5	Continue																	Continue																	26	1	1		
1201	<color=#E74354>[Tale Choice]</color>\nA few gas lamps are the only light along the long street.	Assets/Product/Texture/Image/UiTheatre6/UiTheatre6RoomEitherorBgDi/UiTheatre6RoomEitherorBgDi16.png	5	Continue Onward	4	2	1	1	10001	1	3	4	1	0	16	24			36	36	Watch your step carefully	4	2	1	1	10002	1	1	2	1	0	14	25			21	38	26	2	1		
1202	<color=#CDA05A>[Tale Progress]]</color>\nYou walk down the long street, dim light stretching your shadow out behind you.	Assets/Product/Texture/Image/UiTheatre6/UiTheatre6RoomEitherorBgDi/UiTheatre6RoomEitherorBgDi16.png	5	Continue																	Continue																	27	1	1	10001	
1203	<color=#CDA05A>[Tale Progress]]</color>\nThe street is so quiet that every footstep on the stone road sounds clear.	Assets/Product/Texture/Image/UiTheatre6/UiTheatre6RoomEitherorBgDi/UiTheatre6RoomEitherorBgDi16.png	5	Continue																	Continue																	27	2	1		
1204	<color=#CDA05A>[Tale Progress]]</color>\nWith each step you take, another gas lamp goes out behind you.	Assets/Product/Texture/Image/UiTheatre6/UiTheatre6RoomEitherorBgDi/UiTheatre6RoomEitherorBgDi16.png	5	Continue																	Continue																	27	3	1		
1205	<color=#E74354>[Tale Choice]</color>\nIn the dark, countless tiny red lights blink into view, pulsing in a steady rhythm.	Assets/Product/Texture/Image/UiTheatre6/UiTheatre6RoomEitherorBgDi/UiTheatre6RoomEitherorBgDi16.png	5	Take out the lantern	2	1	1		1	1	4		0	22	17			26	26		Let your eyes adjust to the dark	2	1	1		1	1	3		-10	17	26		-5	26	39		27	4	1		
1206	<color=#CDA05A>[Tale Progress]]</color>\nWhen the last lamp goes out, the street falls into complete darkness.	Assets/Product/Texture/Image/UiTheatre6/UiTheatre6RoomEitherorBgDi/UiTheatre6RoomEitherorBgDi16.png	5	Continue																	Continue																	28	1	1	10002	
1207	<color=#CDA05A>[Tale Progress]]</color>\nYou wait until your eyes adjust to the thick darkness around you.	Assets/Product/Texture/Image/UiTheatre6/UiTheatre6RoomEitherorBgDi/UiTheatre6RoomEitherorBgDi16.png	5	Continue																	Continue																	28	2	1		
1208	<color=#CDA05A>[Tale Progress]]</color>\nFaint noises begin to stir, the sounds of some strange animal.	Assets/Product/Texture/Image/UiTheatre6/UiTheatre6RoomEitherorBgDi/UiTheatre6RoomEitherorBgDi16.png	5	Continue																	Continue																	28	3	1		
1209	<color=#E74354>[Tale Choice]</color>\nThen countless tiny red lights appear in the dark, blinking in a steady rhythm.	Assets/Product/Texture/Image/UiTheatre6/UiTheatre6RoomEitherorBgDi/UiTheatre6RoomEitherorBgDi16.png	5	Take out the lantern	2	1	1		1	2	3		0	23	16			25	25		Let your eyes adjust to the dark	2	1	1		1	1	4		-10	15	28		-5	22	42		28	4	1		
1210	<color=#CDA05A>[Tale Progress]]</color>\nAt last, you realize where the red lights are coming from.	Assets/Product/Texture/Image/UiTheatre6/UiTheatre6RoomEitherorBgDi/UiTheatre6RoomEitherorBgDi16.png	5	Continue																	Continue																	29	1	1		
1211	<color=#E74354>[Tale Choice]</color>\nCountless rat eyes are staring straight at you.	Assets/Product/Texture/Image/UiTheatre6/UiTheatre6RoomEitherorBgDi/UiTheatre6RoomEitherorBgDi16.png	5	Watch them quietly	4	2	1	1	10001	1	2	1	1	-15	15	32		-10	48	48	Ignore it	4	2	1	1	10002	1	3	4	1	-10	18	24		-5	27	37	29	2	1		
1212	<color=#CDA05A>[Tale Progress]]</color>\nThe bloated rats drag themselves along the silent street.	Assets/Product/Texture/Image/UiTheatre6/UiTheatre6RoomEitherorBgDi/UiTheatre6RoomEitherorBgDi16.png	5	Continue																	Continue																	30	1	1	10001	
1213	<color=#CDA05A>[Tale Progress]]</color>\nYou watch the strange rats in confusion, but they pay you no attention.	Assets/Product/Texture/Image/UiTheatre6/UiTheatre6RoomEitherorBgDi/UiTheatre6RoomEitherorBgDi16.png	5	Continue																	Continue																	30	2	1		
1214	<color=#E74354>[Tale Choice]</color>\nThey simply form a head-to-tail line and crawl slowly toward somewhere unknown.	Assets/Product/Texture/Image/UiTheatre6/UiTheatre6RoomEitherorBgDi/UiTheatre6RoomEitherorBgDi16.png	5	Drive them away	2	1	1		1	1	2		20	24	18		40	27	27		Step closer and inspect them	2	1	1		1	2	4		-13	17	29		-10	26	44		30	3	1		
1215	<color=#CDA05A>[Tale Progress]]</color>\nAt your dismissive gesture, the rats scatter without a sound and vanish into the dark street.	Assets/Product/Texture/Image/UiTheatre6/UiTheatre6RoomEitherorBgDi/UiTheatre6RoomEitherorBgDi16.png	5	Continue																	Continue																	31	1	1	10002	
1216	<color=#CDA05A>[Tale Progress]]</color>\nA moment later, they crawl back out and fall back into the same formation.	Assets/Product/Texture/Image/UiTheatre6/UiTheatre6RoomEitherorBgDi/UiTheatre6RoomEitherorBgDi16.png	5	Continue																	Continue																	31	2	1		
1217	<color=#E74354>[Tale Choice]</color>\nThe long line of rats keeps moving at the same pace toward the house at the end of the street.	Assets/Product/Texture/Image/UiTheatre6/UiTheatre6RoomEitherorBgDi/UiTheatre6RoomEitherorBgDi16.png	5	Investigate up close	2	1	1		1	1	3		-13	20	26		-10	39	39		Watch quietly from a distance	2	1	1		1	3	4		-10	21	21		-5	32	32		31	3	1		
1218	<color=#CDA05A>[Tale Progress]]</color>\nYou do not disturb the marching rats. Instead, you follow carefully behind them.	Assets/Product/Texture/Image/UiTheatre6/UiTheatre6RoomEitherorBgDi/UiTheatre6RoomEitherorBgDi16.png	5	Continue																	Continue																	32	1	1		
1219	<color=#CDA05A>[Tale Progress]]</color>\nThey march in perfect order down the silent street, heading for a house at the far end.	Assets/Product/Texture/Image/UiTheatre6/UiTheatre6RoomEitherorBgDi/UiTheatre6RoomEitherorBgDi16.png	5	Continue																	Continue																	32	2	1		
1220	<color=#E74354>[Tale Choice]</color>\nThe front door is shut tight, but rats file one by one through a broken pane in the tall window.	Assets/Product/Texture/Image/UiTheatre6/UiTheatre6RoomEitherorBgDi/UiTheatre6RoomEitherorBgDi06.png	5	Observe from a distance	2	1	1		1	3	2		-10	13	29		-5	44	44		Try to pry the door open	2	1	1		1	4	1		-13	28	19		-10	43	28		32	3	1		
1230	<color=#CDA05A>[Tale Progress]]</color>\nAt the far end of the once-empty corridor, a door you have never seen before appears, emanating faint candlelight.	Assets/Product/Texture/Image/UiTheatre6/UiTheatre6RoomEitherorBgDi/UiTheatre6RoomEitherorBgDi05.png	5	Continue																	Continue																	33	1	1		
1231	<color=#CDA05A>[Tale Progress]]</color>\nOn the door, you see a pair of slender bloody handprints. They seem to belong to someone you know.	Assets/Product/Texture/Image/UiTheatre6/UiTheatre6RoomEitherorBgDi/UiTheatre6RoomEitherorBgDi05.png	5	Continue																	Continue																	33	2	1		
1232	<color=#E74354>[Tale Choice]</color>\nA heavy smell of blood seeps through the crack of the closed door.	Assets/Product/Texture/Image/UiTheatre6/UiTheatre6RoomEitherorBgDi/UiTheatre6RoomEitherorBgDi05.png	5	Break the lock	2	1	1		1	1	2		-13	17	29		-10	44	44		Look for another way through	2	1	1		1	4	3		0	23	16			34	25		33	3	1		
1300	<color=#CDA05A>[Tale Progress]]</color>\nStrange sounds echo through the empty banquet hall, like mindless chanting mixed with an unnatural wind.	Assets/Product/Texture/Image/UiTheatre6/UiTheatre6RoomEitherorBgDi/UiTheatre6RoomEitherorBgDi11.png	5	Continue																	Continue																	34	1	1		
1301	<color=#CDA05A>[Tale Progress]]</color>\nYou look around, but aside from the empty hall, nothing seems out of place.	Assets/Product/Texture/Image/UiTheatre6/UiTheatre6RoomEitherorBgDi/UiTheatre6RoomEitherorBgDi11.png	5	Continue																	Continue																	34	2	1		
1302	<color=#E74354>[Tale Choice]</color>\n"Help me... Help me..." The monotonous, hoarse voices repeat again and again in your ears.	Assets/Product/Texture/Image/UiTheatre6/UiTheatre6RoomEitherorBgDi/UiTheatre6RoomEitherorBgDi11.png	5	Cover your ears	2	1	1		1	3	1		20	11	16		40	25	25		Stay calm and listen closely	2	1	1		1	4	2		-13	24	22		-10	37	33		34	3	1		
1303	<color=#CDA05A>[Tale Progress]]</color>\nA cold wind slips through the doorway and snuffs out the flickering candles.	Assets/Product/Texture/Image/UiTheatre6/UiTheatre6RoomEitherorBgDi/UiTheatre6RoomEitherorBgDi05.png	5	Continue																	Continue																	34	4	1		
1304	<color=#CDA05A>[Tale Progress]]</color>\nThe sound grows louder and clearer, and you know for certain it is not the wind.	Assets/Product/Texture/Image/UiTheatre6/UiTheatre6RoomEitherorBgDi/UiTheatre6RoomEitherorBgDi05.png	5	Continue																	Continue																	34	5	1		
1305	<color=#E74354>[Tale Choice]</color>\nFinally, you realize the strange sounds are coming from the mouth of a pale plaster statue in the corner.	Assets/Product/Texture/Image/UiTheatre6/UiTheatre6RoomEitherorBgDi/UiTheatre6RoomEitherorBgDi05.png	5	Turn and leave in silence	2	1	1		1	1	3		0	21	18			27	27		Smash the statue	2	5			1	2003			-13	1			-10				34	6	1		
1310	<color=#CDA05A>[Tale Progress]]</color>\nBehind you, a door opens with a sharp, grating sound.	Assets/Product/Texture/Image/UiTheatre6/UiTheatre6RoomEitherorBgDi/UiTheatre6RoomEitherorBgDi11.png	5	Continue																	Continue																	35	1	1		
1311	<color=#CDA05A>[Tale Progress]]</color>\nThe "guests" enter the banquet hall one after another in perfect order, without a word.	Assets/Product/Texture/Image/UiTheatre6/UiTheatre6RoomEitherorBgDi/UiTheatre6RoomEitherorBgDi11.png	5	Continue																	Continue																	35	2	1		
1312	<color=#E74354>[Tale Choice]</color>\nThere seems to be no life in their eyes, only blank emptiness.	Assets/Product/Texture/Image/UiTheatre6/UiTheatre6RoomEitherorBgDi/UiTheatre6RoomEitherorBgDi11.png	5	Try to wake them	2	1	1		1	1	2		-10	13	29		-5	44	44		Try to blend into their group	2	1	1		1	4	1		-13	19	28		-10	28	43		35	3	1		
1320	<color=#CDA05A>[Tale Progress]]</color>\nThe banquet hall is gone. Fog surrounds you, and you can no longer tell whether this place is real or only another illusion.	Assets/Product/Texture/Image/UiTheatre6/UiTheatre6RoomEitherorBgDi/UiTheatre6RoomEitherorBgDi01.png	5	Continue																	Continue																	36	1	1		
1321	<color=#E74354>[Tale Choice]</color>\nA rough path barely shows beneath your feet. At its end, a gas lamp flickers faintly.	Assets/Product/Texture/Image/UiTheatre6/UiTheatre6RoomEitherorBgDi/UiTheatre6RoomEitherorBgDi15.png	5	Stay where you are and watch carefully	2	1	1		1	2	4		0	23	20			30	30		Walk toward the gas lamp	2	1	1		1	2	3		-10	19	24		-5	28	36		36	2	1		
1322	<color=#CDA05A>[Tale Progress]]</color>\nA faint figure appears not far ahead.	Assets/Product/Texture/Image/UiTheatre6/UiTheatre6RoomEitherorBgDi/UiTheatre6RoomEitherorBgDi15.png	5	Continue																	Continue																	36	3	1		
1323	<color=#CDA05A>[Tale Progress]]</color>\nThat figure looks uncannily familiar. It appears to be you.	Assets/Product/Texture/Image/UiTheatre6/UiTheatre6RoomEitherorBgDi/UiTheatre6RoomEitherorBgDi15.png	5	Continue																	Continue																	36	4	1		
1324	<color=#CDA05A>[Tale Progress]]</color>\nThe other "you" keeps stopping and moving on, as if trying to draw your attention.	Assets/Product/Texture/Image/UiTheatre6/UiTheatre6RoomEitherorBgDi/UiTheatre6RoomEitherorBgDi15.png	5	Continue																	Continue																	36	5	1		
1325	<color=#E74354>[Tale Choice]</color>\nYou quicken your pace, but the distance between you never seems to shrink.	Assets/Product/Texture/Image/UiTheatre6/UiTheatre6RoomEitherorBgDi/UiTheatre6RoomEitherorBgDi15.png	5	Hurry forward	4	2	1	1	10001	1	3	1	1	-15	15	32		-10	48	48	Circle around	4	2	1	1	10002	1	4	3	1	-10	21	21		-5	32	32	36	6	1		
1326	<color=#CDA05A>[Tale Progress]]</color>\nStrange curiosity pushes you to walk faster. You need to know what that figure really is.	Assets/Product/Texture/Image/UiTheatre6/UiTheatre6RoomEitherorBgDi/UiTheatre6RoomEitherorBgDi15.png	5	Continue																	Continue																	37	1	1	10001	
1327	<color=#CDA05A>[Tale Progress]]</color>\nSomething unseen seems to keep the figure just out of reach.	Assets/Product/Texture/Image/UiTheatre6/UiTheatre6RoomEitherorBgDi/UiTheatre6RoomEitherorBgDi15.png	5	Continue																	Continue																	37	2	1		
1328	<color=#CDA05A>[Tale Progress]]</color>\nFinally, you catch up. The figure is close enough to touch.	Assets/Product/Texture/Image/UiTheatre6/UiTheatre6RoomEitherorBgDi/UiTheatre6RoomEitherorBgDi15.png	5	Continue																	Continue																	37	3	1		
1329	<color=#E74354>[Tale Choice]</color>\nThe moment you touch the other "you," it turns into a wisp of black mist and coils around your fingers.	Assets/Product/Texture/Image/UiTheatre6/UiTheatre6RoomEitherorBgDi/UiTheatre6RoomEitherorBgDi15.png	5	Avoid the black mist	2	1	1		1	1	2		-10	23	20		-5	30	30		Inspect the black mist on your hand	2	1	1		1	3	4		-13	19	28		-10	28	43		37	4	1		
1330	<color=#CDA05A>[Tale Progress]]</color>\nYou try to circle around and approach the figure unseen.	Assets/Product/Texture/Image/UiTheatre6/UiTheatre6RoomEitherorBgDi/UiTheatre6RoomEitherorBgDi15.png	5	Continue																	Continue																	38	1	1	10002	
1331	<color=#CDA05A>[Tale Progress]]</color>\nBut no matter how hard you search, you find nothing.	Assets/Product/Texture/Image/UiTheatre6/UiTheatre6RoomEitherorBgDi/UiTheatre6RoomEitherorBgDi15.png	5	Continue																	Continue																	38	2	1		
1332	<color=#CDA05A>[Tale Progress]]</color>\nFinally, you hear heavy footsteps behind you.	Assets/Product/Texture/Image/UiTheatre6/UiTheatre6RoomEitherorBgDi/UiTheatre6RoomEitherorBgDi15.png	5	Continue																	Continue																	38	3	1		
1333	<color=#E74354>[Tale Choice]</color>\nYou turn around and find the figure that looks just like you standing silently behind you.	Assets/Product/Texture/Image/UiTheatre6/UiTheatre6RoomEitherorBgDi/UiTheatre6RoomEitherorBgDi15.png	5	Attack the figure	7				3003				1								Try speaking to it directly	2	1	1		1	2	4		-13	16	31		-10	24	46		38	4	1		
1340	<color=#CDA05A>[Tale Progress]]</color>\nThe figure that looks exactly like you stares down at you with cold contempt.	Assets/Product/Texture/Image/UiTheatre6/UiTheatre6RoomEitherorBgDi/UiTheatre6RoomEitherorBgDi15.png	5	Continue																	Continue																	39	1	1		
1341	<color=#CDA05A>[Tale Progress]]</color>\nIt says nothing and does not move, yet an invisible pressure bears down on you.	Assets/Product/Texture/Image/UiTheatre6/UiTheatre6RoomEitherorBgDi/UiTheatre6RoomEitherorBgDi15.png	5	Continue																	Continue																	39	2	1		
1342	<color=#E74354>[Tale Choice]</color>\nWith the slightest motion, the figure changes shape, becoming something like a god with blurred features, impossible to look at directly.	Assets/Product/Texture/Image/UiTheatre6/UiTheatre6RoomEitherorBgDi/UiTheatre6RoomEitherorBgDi15.png	5	Close your eyes and try to make the vision fade	2	1	1		1	1	4		-13	24	22		-10	33	33		Deny that it is real	2	1	1		1	2	3		-10	26	17		-5	39	26		39	3	1		
1400	<color=#CDA05A>[Tale Progress]]</color>\nYou sit alone at the long banquet table. The chairs are neatly arranged, but every seat is empty.	Assets/Product/Texture/Image/UiTheatre6/UiTheatre6RoomEitherorBgDi/UiTheatre6RoomEitherorBgDi11.png	5	Continue																	Continue																	40	1	1		
1401	<color=#CDA05A>[Tale Progress]]</color>\nIn the silent hall, the only sound is the ticking of the grandfather clock. Midnight is almost here.	Assets/Product/Texture/Image/UiTheatre6/UiTheatre6RoomEitherorBgDi/UiTheatre6RoomEitherorBgDi11.png	5	Continue																	Continue																	40	2	1		
1402	<color=#E74354>[Tale Choice]</color>\nAt last, the clock strikes midnight. Then its hands begin to turn backward.	Assets/Product/Texture/Image/UiTheatre6/UiTheatre6RoomEitherorBgDi/UiTheatre6RoomEitherorBgDi11.png	5	Ignore the strange hands	2	1	1		1	3	4		0	20	19			28	28		Check whether the grandfather clock is broken	2	1	1		1	1	2		-10	21	21		-5	32	32		40	3	1		
1403	<color=#CDA05A>[Tale Progress]]</color>\nYou notice an invitation on the table. Its envelope is beautifully decorated, but stained by age.	Assets/Product/Texture/Image/UiTheatre6/UiTheatre6RoomEitherorBgDi/UiTheatre6RoomEitherorBgDi10.png	5	Continue																	Continue																	40	4	1		
1404	<color=#CDA05A>[Tale Progress]]</color>\nYou reach out and open the invitation.	Assets/Product/Texture/Image/UiTheatre6/UiTheatre6RoomEitherorBgDi/UiTheatre6RoomEitherorBgDi10.png	5	Continue																	Continue																	40	5	1		
1405	<color=#E74354>[Tale Choice]</color>\nOn the yellowed paper, your name is the only one that belongs to the living. The rest are names you saw in the graveyard.	Assets/Product/Texture/Image/UiTheatre6/UiTheatre6RoomEitherorBgDi/UiTheatre6RoomEitherorBgDi18.png	5	Get up and leave the banquet hall	2	1	1		1	2	4		20	18	24		40	37	37		Sign the invitation again	2	1	1		1	1	3		-13	27	20		-10	40	30		40	6	1		
1410	<color=#CDA05A>[Tale Progress]]</color>\nOn the silent street, you hear a carriage drawing closer.	Assets/Product/Texture/Image/UiTheatre6/UiTheatre6RoomEitherorBgDi/UiTheatre6RoomEitherorBgDi15.png	5	Continue																	Continue																	41	1	1		
1411	<color=#CDA05A>[Tale Progress]]</color>\nA sealed hearse slowly comes into view, pulled by horses so black they almost blend into the night.	Assets/Product/Texture/Image/UiTheatre6/UiTheatre6RoomEitherorBgDi/UiTheatre6RoomEitherorBgDi15.png	5	Continue																	Continue																	41	2	1		
1412	<color=#E74354>[Tale Choice]</color>\nBehind the hearse, the mourners softly chant a funeral song, but their voices don't sound human.	Assets/Product/Texture/Image/UiTheatre6/UiTheatre6RoomEitherorBgDi/UiTheatre6RoomEitherorBgDi15.png	5	Ignore the eerie singing	2	1	1		1	2	3		0	26	17			26	26		Fall into the rhythm of their chant	2	1	1		1	1	4		-13	20	26		-10	31	39		41	3	1		
1413	<color=#CDA05A>[Tale Progress]]</color>\nThe hearse moves farther away, yet the soft singing from that direction grows clearer.	Assets/Product/Texture/Image/UiTheatre6/UiTheatre6RoomEitherorBgDi/UiTheatre6RoomEitherorBgDi15.png	5	Continue																	Continue																	41	4	1		
1414	<color=#CDA05A>[Tale Progress]]</color>\nBut they don't seem to be heading toward the cemetery.	Assets/Product/Texture/Image/UiTheatre6/UiTheatre6RoomEitherorBgDi/UiTheatre6RoomEitherorBgDi15.png	5	Continue																	Continue																	41	5	1		
1415	<color=#E74354>[Tale Choice]</color>\nThe lead mourner senses you. "This is your funeral," he rasps.	Assets/Product/Texture/Image/UiTheatre6/UiTheatre6RoomEitherorBgDi/UiTheatre6RoomEitherorBgDi15.png	5	Hide in the darkness at the street corner	2	1	1		1	1	2		0	12	27			40	40		Accuse him of playing tricks	7				3004				1								41	6	1		
1500	<color=#CDA05A>[Tale Progress]]</color>\nOn the altar, candlelight flickers around a white marble statue of the Holy Mother, surrounded by fresh flowers.	Assets/Product/Texture/Image/UiTheatre6/UiTheatre6RoomEitherorBgDi/UiTheatre6RoomEitherorBgDi04.png	5	Continue																	Continue																	42	1	1		
1501	<color=#CDA05A>[Tale Progress]]</color>\nThe pure Holy Mother statue gazes down with lowered eyes, watching everything, watching you. A faint smile seems to rest on her stone face.	Assets/Product/Texture/Image/UiTheatre6/UiTheatre6RoomEitherorBgDi/UiTheatre6RoomEitherorBgDi04.png	5	Continue																	Continue																	42	2	1		
1502	<color=#E74354>[Tale Choice]</color>\nSuddenly, eerie crimson trails begin to run from the Holy Mother statue's eyes.	Assets/Product/Texture/Image/UiTheatre6/UiTheatre6RoomEitherorBgDi/UiTheatre6RoomEitherorBgDi04.png	5	Reach out and touch the "blood tears"	4	2	1	1	10001	1	1	2	1	-15	16	30		-10	45	45	Keep your distance	4	2	1	1	10002	1	4	1	1	0	24	16			36	24	42	3	1		
1503	<color=#CDA05A>[Tale Progress]]</color>\n"You are devout. The Holy Maiden will grant you holy water." The flat praise comes from behind you.	Assets/Product/Texture/Image/UiTheatre6/UiTheatre6RoomEitherorBgDi/UiTheatre6RoomEitherorBgDi04.png	5	Continue																	Continue																	43	1	1		
1504	<color=#CDA05A>[Tale Progress]]</color>\nYou turn and see a figure wrapped in black robes. Its face is hidden, with only a pair of withered hands exposed.	Assets/Product/Texture/Image/UiTheatre6/UiTheatre6RoomEitherorBgDi/UiTheatre6RoomEitherorBgDi04.png	5	Continue																	Continue																	43	2	1		
1505	<color=#CDA05A>[Tale Progress]]</color>\nThe figure says nothing and simply offers you an ornate chalice.	Assets/Product/Texture/Image/UiTheatre6/UiTheatre6RoomEitherorBgDi/UiTheatre6RoomEitherorBgDi04.png	5	Continue																	Continue																	43	3	1		
1506	<color=#E74354>[Tale Choice]</color>\nIn the chalice held by those hands, strange insects writhe through the scarlet liquid, giving off a sweet, bloody smell.	Assets/Product/Texture/Image/UiTheatre6/UiTheatre6RoomEitherorBgDi/UiTheatre6RoomEitherorBgDi04.png	5	Refuse the chalice	2	1	1		1	2	4		20	10	16		40	25	25		Accept the chalice	2	1	1		1	2	3		-13	21	25		-10	32	38		43	4	1		
1507	<color=#CDA05A>[Tale Progress]]</color>\nYou look away from the Holy Maiden's statue and notice a black-robed figure nearby, as if it appeared out of thin air.	Assets/Product/Texture/Image/UiTheatre6/UiTheatre6RoomEitherorBgDi/UiTheatre6RoomEitherorBgDi04.png	5	Continue																	Continue																	44	1	1		
1508	<color=#CDA05A>[Tale Progress]]</color>\n"Why not show your devotion?" The black-robed figure slowly approaches, his voice flat and lifeless.	Assets/Product/Texture/Image/UiTheatre6/UiTheatre6RoomEitherorBgDi/UiTheatre6RoomEitherorBgDi04.png	5	Continue																	Continue																	44	2	1		
1509	<color=#CDA05A>[Tale Progress]]</color>\nHe says nothing more. His withered hands reach toward you, holding out the chalice.	Assets/Product/Texture/Image/UiTheatre6/UiTheatre6RoomEitherorBgDi/UiTheatre6RoomEitherorBgDi04.png	5	Continue																	Continue																	44	3	1		
1510	<color=#E74354>[Tale Choice]</color>\nStrange insects writhe in the scarlet liquid, giving off a sweet, bloody smell.	Assets/Product/Texture/Image/UiTheatre6/UiTheatre6RoomEitherorBgDi/UiTheatre6RoomEitherorBgDi04.png	5	Refuse the chalice	2	1	1		1	3	1		20	16	11		40	16	16		Accept the chalice	2	1	1		1	4	3		-13	19	28		-10	28	43		44	4	1		
1511	<color=#CDA05A>[Tale Progress]]</color>\nThe candle flame trembles almost imperceptibly, and the shadows on the altar flicker with it.	Assets/Product/Texture/Image/UiTheatre6/UiTheatre6RoomEitherorBgDi/UiTheatre6RoomEitherorBgDi04.png	5	Continue																	Continue																	45	1	1		
1512	<color=#CDA05A>[Tale Progress]]</color>\nAs the light and shadows shift, you realize the black-robed figure has vanished without you noticing.	Assets/Product/Texture/Image/UiTheatre6/UiTheatre6RoomEitherorBgDi/UiTheatre6RoomEitherorBgDi04.png	5	Continue																	Continue																	45	2	1		
1513	<color=#E74354>[Tale Choice]</color>\nYou look down and find the chalice before you has been empty all along.	Assets/Product/Texture/Image/UiTheatre6/UiTheatre6RoomEitherorBgDi/UiTheatre6RoomEitherorBgDi04.png	5	Smash the chalice	2	1	1		1	1	2		20	12	14		40	21	21		Take the chalice	5	2			2003	1			1	-15				-10			45	3	1		
1520	<color=#CDA05A>[Tale Progress]]</color>\nYou force yourself to resist the strange events around you and continue down the path you must take.	Assets/Product/Texture/Image/UiTheatre6/UiTheatre6RoomEitherorBgDi/UiTheatre6RoomEitherorBgDi04.png	5	Continue																	Continue																	46	1	1		
1521	<color=#CDA05A>[Tale Progress]]</color>\nExpressionless attendants stand in your way, cold light glinting from their weapons.	Assets/Product/Texture/Image/UiTheatre6/UiTheatre6RoomEitherorBgDi/UiTheatre6RoomEitherorBgDi04.png	5	Continue																	Continue																	46	2	1		
1522	<color=#E74354>[Tale Choice]</color>\nThey say nothing, but silently block your path to the Holy Maiden.	Assets/Product/Texture/Image/UiTheatre6/UiTheatre6RoomEitherorBgDi/UiTheatre6RoomEitherorBgDi04.png	5	Pretend to show devotion	2	1	1		1	4	2		-13	20	26		-10	39	39		Conflict seems unavoidable	7				3005				1								46	3	1		
1530	<color=#CDA05A>[Tale Progress]]</color>\nSunlight passes through the stained-glass windows, washing the prayer room in strange, shifting colors.	Assets/Product/Texture/Image/UiTheatre6/UiTheatre6RoomEitherorBgDi/UiTheatre6RoomEitherorBgDi04.png	5	Continue																	Continue																	47	1	1		
1531	<color=#CDA05A>[Tale Progress]]</color>\nFrom beyond the heavy door comes the faint, solemn sound of a pipe organ.	Assets/Product/Texture/Image/UiTheatre6/UiTheatre6RoomEitherorBgDi/UiTheatre6RoomEitherorBgDi04.png	5	Continue																	Continue																	47	2	1		
1532	<color=#E74354>[Tale Choice]</color>\nThe music begins to sound more like a heartbeat. For a moment, it feels less like a prayer room and more like the belly of some monster.	Assets/Product/Texture/Image/UiTheatre6/UiTheatre6RoomEitherorBgDi/UiTheatre6RoomEitherorBgDi04.png	5	Leave the prayer room	2	1	1		1	1	3		0	17	22			33	33		Keep listening to the "music"	2	1	1		1	3	4		-13	16	30		-10	25	45		47	3	1		
1533	<color=#CDA05A>[Tale Progress]]</color>\nBeneath the altar, a huge silver vessel is filled to the brim with clear water.	Assets/Product/Texture/Image/UiTheatre6/UiTheatre6RoomEitherorBgDi/UiTheatre6RoomEitherorBgDi04.png	5	Continue																	Continue																	47	4	1		
1534	<color=#CDA05A>[Tale Progress]]</color>\nAs you draw near, the still water suddenly begins to churn.	Assets/Product/Texture/Image/UiTheatre6/UiTheatre6RoomEitherorBgDi/UiTheatre6RoomEitherorBgDi04.png	5	Continue																	Continue																	47	5	1		
1535	<color=#E74354>[Tale Choice]</color>\nAs the ripples spread, patterns like eyes begin to appear on the water.	Assets/Product/Texture/Image/UiTheatre6/UiTheatre6RoomEitherorBgDi/UiTheatre6RoomEitherorBgDi04.png	5	Keep your distance	2	1	1		1	3	2		0	19	20			31	31		Touch the water	2	1	1		1	4	1		-13	20	27		-10	30	40		47	6	1		
1600	<color=#CDA05A>[Tale Progress]]</color>\nUnder the night sky, the graveyard is silent. All you hear is your own footsteps over the thick fallen leaves.	Assets/Product/Texture/Image/UiTheatre6/UiTheatre6RoomEitherorBgDi/UiTheatre6RoomEitherorBgDi18.png	5	Continue																	Continue																	48	1	1		
1601	<color=#CDA05A>[Tale Progress]]</color>\nIn the darkness, the only light comes from the fireflies circling in the air.	Assets/Product/Texture/Image/UiTheatre6/UiTheatre6RoomEitherorBgDi/UiTheatre6RoomEitherorBgDi18.png	5	Continue																	Continue																	48	2	1		
1602	<color=#CDA05A>[Tale Progress]]</color>\nThe fireflies drift before you, their pale glow like lanterns carried by ghosts.	Assets/Product/Texture/Image/UiTheatre6/UiTheatre6RoomEitherorBgDi/UiTheatre6RoomEitherorBgDi18.png	5	Continue																	Continue																	48	3	1		
1603	<color=#E74354>[Tale Choice]</color>\nThe fireflies gather until their glow reveals a fresh, open grave.	Assets/Product/Texture/Image/UiTheatre6/UiTheatre6RoomEitherorBgDi/UiTheatre6RoomEitherorBgDi18.png	5	Maybe it's only your imagination	4	2	1	1	10001	1	4	1	1	-10	20	27		-5	30	40	Raise the lantern and look closer	4	2	1	1	10002	1	2	4	1	-10	18	24		-5	27	37	48	4	1		
1604	<color=#CDA05A>[Tale Progress]]</color>\nYou walk over and study the grave by the fireflies' faint glow. Your shadow falls across it.	Assets/Product/Texture/Image/UiTheatre6/UiTheatre6RoomEitherorBgDi/UiTheatre6RoomEitherorBgDi18.png	5	Continue																	Continue																	49	1	1	10001	
1605	<color=#CDA05A>[Tale Progress]]</color>\nThe grave soil is soft, covered in layers of rotting leaves and smelling of earth and trees.	Assets/Product/Texture/Image/UiTheatre6/UiTheatre6RoomEitherorBgDi/UiTheatre6RoomEitherorBgDi18.png	5	Continue																	Continue																	49	2	1		
1606	<color=#CDA05A>[Tale Progress]]</color>\nEverything before you seems to be offering a strange, unsettling invitation.	Assets/Product/Texture/Image/UiTheatre6/UiTheatre6RoomEitherorBgDi/UiTheatre6RoomEitherorBgDi18.png	5	Continue																	Continue																	49	3	1		
1607	<color=#E74354>[Tale Choice]</color>\n"Try lying here." A strange voice whispers faintly by your ear.	Assets/Product/Texture/Image/UiTheatre6/UiTheatre6RoomEitherorBgDi/UiTheatre6RoomEitherorBgDi18.png	5	Shake your head and reject the voice	2	1	1		1	1	3		20	8	18		40	27	27		Follow the voice without thinking	2	1	1		1	3	4		-13	27	20		-10	40	30		49	4	1		
1608	<color=#CDA05A>[Tale Progress]]</color>\nYou raise the lantern for a closer look, but even its bright light can't reach the shadow you cast across the grave.	Assets/Product/Texture/Image/UiTheatre6/UiTheatre6RoomEitherorBgDi/UiTheatre6RoomEitherorBgDi18.png	5	Continue																	Continue																	50	1	1	10002	
1609	<color=#CDA05A>[Tale Progress]]</color>\nThick rotting leaves cover the soft grave soil, filling the air with the scent of earth and trees.	Assets/Product/Texture/Image/UiTheatre6/UiTheatre6RoomEitherorBgDi/UiTheatre6RoomEitherorBgDi18.png	5	Continue																	Continue																	50	2	1		
1610	<color=#CDA05A>[Tale Progress]]</color>\nFor some reason, the fresh soil and the smell of rotting leaves stir something strange in your mind.	Assets/Product/Texture/Image/UiTheatre6/UiTheatre6RoomEitherorBgDi/UiTheatre6RoomEitherorBgDi18.png	5	Continue																	Continue																	50	3	1		
1611	<color=#E74354>[Tale Choice]</color>\n"Try lying here." The thought appears in your mind without warning, almost impossible to resist.	Assets/Product/Texture/Image/UiTheatre6/UiTheatre6RoomEitherorBgDi/UiTheatre6RoomEitherorBgDi18.png	5	Push the strange thought away	2	1	1		1	3	2		0	17	22			33	33		Give in to the thought	2	1	1		1	4	1		-13	16	30		-10	25	45		50	4	1		
1612	<color=#CDA05A>[Tale Progress]]</color>\nYou turn to leave, but can't help looking back at the grave one more time.	Assets/Product/Texture/Image/UiTheatre6/UiTheatre6RoomEitherorBgDi/UiTheatre6RoomEitherorBgDi18.png	5	Continue																	Continue																	68	1	1		
1613	<color=#CDA05A>[Tale Progress]]</color>\nCountless fireflies flicker in the dark, still circling overhead.	Assets/Product/Texture/Image/UiTheatre6/UiTheatre6RoomEitherorBgDi/UiTheatre6RoomEitherorBgDi18.png	5	Continue																	Continue																	68	2	1		
1614	<color=#E74354>[Tale Choice]</color>\nFor a moment, you glimpse a shadowy figure sinking into the grave soil, as if finally relieved of its burden.	Assets/Product/Texture/Image/UiTheatre6/UiTheatre6RoomEitherorBgDi/UiTheatre6RoomEitherorBgDi18.png	5	Maybe it's just your imagination	2	1	1		1	1	2		0	17	22			33	33		Step closer and inspect the grave soil	2	5			1	2003			-13	1			-10				68	3	1		
1620	<color=#CDA05A>[Tale Progress]]</color>\nMore and more fireflies gather in the dark, forming a cold moon that seems to hang in empty space.	Assets/Product/Texture/Image/UiTheatre6/UiTheatre6RoomEitherorBgDi/UiTheatre6RoomEitherorBgDi18.png	5	Continue																	Continue																	51	1	1		
1621	<color=#CDA05A>[Tale Progress]]</color>\nUnder the cold glow of the "moon," ghostlike shadows rise from the graves.	Assets/Product/Texture/Image/UiTheatre6/UiTheatre6RoomEitherorBgDi/UiTheatre6RoomEitherorBgDi18.png	5	Continue																	Continue																	51	2	1		
1622	<color=#E74354>[Tale Choice]</color>\nThey draw closer, carrying a cold, rotten stench.	Assets/Product/Texture/Image/UiTheatre6/UiTheatre6RoomEitherorBgDi/UiTheatre6RoomEitherorBgDi18.png	5	Evade the pursuing shadows	2	1	1		1	1	4		-10	20	20		-5	30	30		Face the sudden disturbance	7				3006				1								51	3	1		
1630	<color=#CDA05A>[Tale Progress]]</color>\nDust blankets the long-abandoned manor, as if everything inside has been frozen in time.	Assets/Product/Texture/Image/UiTheatre6/UiTheatre6RoomEitherorBgDi/UiTheatre6RoomEitherorBgDi02.png	5	Continue																	Continue																	52	1	1		
1631	<color=#CDA05A>[Tale Progress]]</color>\nOn the dust-covered steps, a line of slender footprints slowly appears, leaving clear marks behind.	Assets/Product/Texture/Image/UiTheatre6/UiTheatre6RoomEitherorBgDi/UiTheatre6RoomEitherorBgDi02.png	5	Continue																	Continue																	52	2	1		
1632	<color=#E74354>[Tale Choice]</color>\nThe footprints continue down the corridor and disappear at the far end.	Assets/Product/Texture/Image/UiTheatre6/UiTheatre6RoomEitherorBgDi/UiTheatre6RoomEitherorBgDi02.png	5	Follow the strange footprints	2	1	1		1	2	4		-10	12	30		-5	45	45		Crouch down and inspect the footprints	2	1	1		1	2	3		-13	20	27		-10	30	40		52	3	1		
1633	<color=#CDA05A>[Tale Progress]]</color>\nJust before dawn, damp mist fills the air, blurring the tall windows of the abandoned manor.	Assets/Product/Texture/Image/UiTheatre6/UiTheatre6RoomEitherorBgDi/UiTheatre6RoomEitherorBgDi06.png	5	Continue																	Continue																	52	4	1		
1634	<color=#CDA05A>[Tale Progress]]</color>\nFaint, erratic lines begin to show on the fogged glass.	Assets/Product/Texture/Image/UiTheatre6/UiTheatre6RoomEitherorBgDi/UiTheatre6RoomEitherorBgDi06.png	5	Continue																	Continue																	52	5	1		
1635	<color=#E74354>[Tale Choice]</color>\nThe lines appear, vanish, then appear again, as if the "ghost" drawing them is never satisfied.	Assets/Product/Texture/Image/UiTheatre6/UiTheatre6RoomEitherorBgDi/UiTheatre6RoomEitherorBgDi06.png	5	Stay away from the strange window	2	1	1		1	3	1		-10	19	24		-5	36	36		Try to read the pattern	2	1	1		1	4	3		-13	15	32		-10	22	48		52	6	1		
1700	<color=#CDA05A>[Tale Progress]]</color>\nYou walk through an illusory field. No matter where you look, all you see is wheat swaying in the wind.	Assets/Product/Texture/Image/UiTheatre6/UiTheatre6RoomEitherorBgDi/UiTheatre6RoomEitherorBgDi01.png	5	Continue																	Continue																	53	1	1		
1701	<color=#CDA05A>[Tale Progress]]</color>\nAs you walk through the thick wheat field, faint tremors rise from deep under your feet.	Assets/Product/Texture/Image/UiTheatre6/UiTheatre6RoomEitherorBgDi/UiTheatre6RoomEitherorBgDi01.png	5	Continue																	Continue																	53	2	1		
1702	<color=#E74354>[Tale Choice]</color>\nThe movement beneath the soil becomes clearer. It pulses in a steady rhythm, almost like a heartbeat.	Assets/Product/Texture/Image/UiTheatre6/UiTheatre6RoomEitherorBgDi/UiTheatre6RoomEitherorBgDi01.png	5	Press yourself close to the field	2	1	1		1	2	4		-10	20	22		-5	33	33		Dig into the soil	2	5			1	2003			-13	1			-10				53	3	1		
1703	<color=#CDA05A>[Tale Progress]]</color>\nYou reach for a heavy rice stalk, bent low by the weight of its grain, and try to pull it from the soil.	Assets/Product/Texture/Image/UiTheatre6/UiTheatre6RoomEitherorBgDi/UiTheatre6RoomEitherorBgDi01.png	5	Continue																	Continue																	53	4	1		
1704	<color=#CDA05A>[Tale Progress]]</color>\nThe roots hold far more firmly than expected. You pull harder without meaning to, and finally, the soil around the stalk begins to give way.	Assets/Product/Texture/Image/UiTheatre6/UiTheatre6RoomEitherorBgDi/UiTheatre6RoomEitherorBgDi01.png	5	Continue																	Continue																	53	5	1		
1705	<color=#E74354>[Tale Choice]</color>\nA pale finger bone shows through the loosened soil, faintly flickering with ghostly light.	Assets/Product/Texture/Image/UiTheatre6/UiTheatre6RoomEitherorBgDi/UiTheatre6RoomEitherorBgDi01.png	5	Gently cover them with soil	2	1	1		1	2	3		-10	12	30		-5	45	45		Reach out and touch the finger bones	2	1	1		1	1	4		-13	15	32		-10	22	48		53	6	1		
1710	<color=#CDA05A>[Tale Progress]]</color>\nYou no longer know where you are. Everything around you has fallen into a frozen silence.	Assets/Product/Texture/Image/UiTheatre6/UiTheatre6RoomEitherorBgDi/UiTheatre6RoomEitherorBgDi01.png	5	Continue																	Continue																	54	1	1		
1711	<color=#CDA05A>[Tale Progress]]</color>\nVague shadows begin to take shape before your eyes.	Assets/Product/Texture/Image/UiTheatre6/UiTheatre6RoomEitherorBgDi/UiTheatre6RoomEitherorBgDi01.png	5	Continue																	Continue																	54	2	1		
1712	<color=#E74354>[Tale Choice]</color>\nYou know they are only illusions, yet getting close still feels dangerous.	Assets/Product/Texture/Image/UiTheatre6/UiTheatre6RoomEitherorBgDi/UiTheatre6RoomEitherorBgDi01.png	5	Dodge the "monsters" on instinct	2	1	1		1	1	3		-10	12	30		-5	45	45		Face the phantoms without fear	7				3007				1								54	3	1		
1720	<color=#CDA05A>[Tale Progress]]</color>\nYou walk through the illusory hall. Candles burn brightly. Tables and chairs stand in perfect order. Heavy velvet curtains hang around you, red as blood.	Assets/Product/Texture/Image/UiTheatre6/UiTheatre6RoomEitherorBgDi/UiTheatre6RoomEitherorBgDi11.png	5	Continue																	Continue																	55	1	1		
1721	<color=#CDA05A>[Tale Progress]]</color>\nIt feels as though a grand celebration has been prepared for your arrival.	Assets/Product/Texture/Image/UiTheatre6/UiTheatre6RoomEitherorBgDi/UiTheatre6RoomEitherorBgDi11.png	5	Continue																	Continue																	55	2	1		
1722	<color=#CDA05A>[Tale Progress]]</color>\nBut the "guests" seated at the table are not human. They are dust-covered dolls.	Assets/Product/Texture/Image/UiTheatre6/UiTheatre6RoomEitherorBgDi/UiTheatre6RoomEitherorBgRen08.png	5	Continue																	Continue																	55	3	1		
1723	<color=#E74354>[Tale Choice]</color>\nThe doll's joints hang loose, held together only by countless threads.	Assets/Product/Texture/Image/UiTheatre6/UiTheatre6RoomEitherorBgDi/UiTheatre6RoomEitherorBgRen08.png	5	Investigate	4	2	1	1	10001	1	3	4	1	-10	24	19		-5	28	28	Touch a doll	4	2	1	1	10002	1	1	2	1	-15	25	21		-10	38	32	55	4	1		
1724	<color=#CDA05A>[Tale Progress]]</color>\nYou step closer to examine the old dolls.	Assets/Product/Texture/Image/UiTheatre6/UiTheatre6RoomEitherorBgDi/UiTheatre6RoomEitherorBgRen08.png	5	Continue																	Continue																	56	1	1	10001	
1725	<color=#CDA05A>[Tale Progress]]</color>\nAs if sensing you, the dolls turn their heads together. Their thread-bound joints grind with a low, dry rasp.	Assets/Product/Texture/Image/UiTheatre6/UiTheatre6RoomEitherorBgDi/UiTheatre6RoomEitherorBgRen08.png	5	Continue																	Continue																	56	2	1		
1726	<color=#CDA05A>[Tale Progress]]</color>\nWhile your eyes stay fixed on the dolls, a thread quietly winds around your finger.	Assets/Product/Texture/Image/UiTheatre6/UiTheatre6RoomEitherorBgDi/UiTheatre6RoomEitherorBgRen08.png	5	Continue																	Continue																	56	3	1		
1727	<color=#E74354>[Tale Choice]</color>\nThen something sharp pricks your fingertips.	Assets/Product/Texture/Image/UiTheatre6/UiTheatre6RoomEitherorBgDi/UiTheatre6RoomEitherorBgRen08.png	5	Check the wound	2	1	1		1	2	4		-10	13	29		-5	44	44		Ignore it	2	1	1		1	1	3		-10	19	24		-5	28	36		56	4	1		
1728	<color=#CDA05A>[Tale Progress]]</color>\nYou reach out and touch the dolls carefully. It feels cold and hard beneath your fingers.	Assets/Product/Texture/Image/UiTheatre6/UiTheatre6RoomEitherorBgDi/UiTheatre6RoomEitherorBgRen08.png	5	Continue																	Continue																	57	1	1	10002	
1729	<color=#CDA05A>[Tale Progress]]</color>\nYour touch seems to wake them. The dolls turn their heads all at once, their hollow eyes fixed on you.	Assets/Product/Texture/Image/UiTheatre6/UiTheatre6RoomEitherorBgDi/UiTheatre6RoomEitherorBgRen08.png	5	Continue																	Continue																	57	2	1		
1730	<color=#CDA05A>[Tale Progress]]</color>\nAs you lean in to study the doll, threads slip silently from its joints and curl around your fingers.	Assets/Product/Texture/Image/UiTheatre6/UiTheatre6RoomEitherorBgDi/UiTheatre6RoomEitherorBgRen08.png	5	Continue																	Continue																	57	3	1		
1731	<color=#E74354>[Tale Choice]</color>\nPain stings through the fingers caught in the thread.	Assets/Product/Texture/Image/UiTheatre6/UiTheatre6RoomEitherorBgDi/UiTheatre6RoomEitherorBgRen08.png	5	Check the wound	2	1	1		1	2	3		-10	13	29		-5	44	44		Ignore it	2	1	1		1	1	4		-10	20	22		-5	31	33		57	4	1		
1732	<color=#CDA05A>[Tale Progress]]</color>\nA drop of blood slips from the cut left by the thread.	Assets/Product/Texture/Image/UiTheatre6/UiTheatre6RoomEitherorBgDi/UiTheatre6RoomEitherorBgRen08.png	5	Continue																	Continue																	58	1	1		
1733	<color=#CDA05A>[Tale Progress]]</color>\nDrip. A faint sound reaches your ears: blood landing on the doll.	Assets/Product/Texture/Image/UiTheatre6/UiTheatre6RoomEitherorBgDi/UiTheatre6RoomEitherorBgRen08.png	5	Continue																	Continue																	58	2	1		
1734	<color=#E74354>[Tale Choice]</color>\nFor a moment, you think you see the doll blink. Once. Then again.	Assets/Product/Texture/Image/UiTheatre6/UiTheatre6RoomEitherorBgDi/UiTheatre6RoomEitherorBgRen08.png	5	Leave the hall	2	1	1		1	3	4		0	16	24			36	36		Smash the doll	2	5			1	2003			-13	1			-10				58	3	1		
1740	<color=#CDA05A>[Tale Progress]]</color>\nBetween illusion and reality, faint ripples drift through the air like moving water.	Assets/Product/Texture/Image/UiTheatre6/UiTheatre6RoomEitherorBgDi/UiTheatre6RoomEitherorBgDi09.png	5	Continue																	Continue																	59	1	1		
1741	<color=#CDA05A>[Tale Progress]]</color>\nYou know this is the threshold where illusion ends and reality begins.	Assets/Product/Texture/Image/UiTheatre6/UiTheatre6RoomEitherorBgDi/UiTheatre6RoomEitherorBgDi09.png	5	Continue																	Continue																	59	2	1		
1742	<color=#E74354>[Tale Choice]</color>\nThe moment you cross the boundary, the false hall and its countless dolls collapse into ash behind you.	Assets/Product/Texture/Image/UiTheatre6/UiTheatre6RoomEitherorBgDi/UiTheatre6RoomEitherorBgDi09.png	5	Do not look back	2	1	1		1	3	2		0	22	17			26	26		Continue Onward	2	1	1		1	4	1		0	12	27			19	40		59	3	1		
1800	<color=#CDA05A>[Tale Progress]]</color>\nYou walk down the corridor, each step sinking into the thick, soft carpet.	Assets/Product/Texture/Image/UiTheatre6/UiTheatre6RoomEitherorBgDi/UiTheatre6RoomEitherorBgDi08.png	5	Continue																	Continue																	60	1	1		
1801	<color=#CDA05A>[Tale Progress]]</color>\nYou take a deep breath. No dust. No musty smell. Only clean, cool air.	Assets/Product/Texture/Image/UiTheatre6/UiTheatre6RoomEitherorBgDi/UiTheatre6RoomEitherorBgDi08.png	5	Continue																	Continue																	60	2	1		
1802	<color=#CDA05A>[Tale Progress]]</color>\nFor some reason, the moment you enter, the tension in your body is gone. For the first time in a long while, you feel at peace.	Assets/Product/Texture/Image/UiTheatre6/UiTheatre6RoomEitherorBgDi/UiTheatre6RoomEitherorBgDi08.png	5	Continue																	Continue																	60	3	1		
1803	<color=#E74354>[Tale Choice]</color>\nThis place is nothing like the areas you explored before. Everything here makes you feel safe.	Assets/Product/Texture/Image/UiTheatre6/UiTheatre6RoomEitherorBgDi/UiTheatre6RoomEitherorBgDi08.png	5	Continue Onward	4	2	1	1	10001	1	3	2	1	5	18	16		10	25	25	Walk to the end of the corridor	4	2	1	1	10002	1	4	1	1	5	16	19		10	24	28	60	4	1		
1804	<color=#CDA05A>[Tale Progress]]</color>\nYou find a warm, cozy room filled with candy, dolls, a phonograph... everything a child could love.	Assets/Product/Texture/Image/UiTheatre6/UiTheatre6RoomEitherorBgDi/UiTheatre6RoomEitherorBgDi08.png	5	Continue																	Continue																	61	1	1	10001	
1805	<color=#CDA05A>[Tale Progress]]</color>\nThe sisters nestle close together, wrapped in their carefree happiness.	Assets/Product/Texture/Image/UiTheatre6/UiTheatre6RoomEitherorBgDi/UiTheatre6RoomEitherorBgDi08.png	5	Continue																	Continue																	61	2	1		
1806	<color=#E74354>[Tale Choice]</color>\nLaughing, they unwrap candies for each other and savor the sweetness.	Assets/Product/Texture/Image/UiTheatre6/UiTheatre6RoomEitherorBgDi/UiTheatre6RoomEitherorBgDi08.png	5	Watch them quietly	2	1	1		1	1	3		5	15	20		10	30	30		Close the door and leave	2	1	1		1	3	4		5	10	24		10	15	37		61	3	1		
1807	<color=#CDA05A>[Tale Progress]]</color>\nYour feet carry you into a room filled with candy, dolls, a phonograph... everything a child could love.	Assets/Product/Texture/Image/UiTheatre6/UiTheatre6RoomEitherorBgDi/UiTheatre6RoomEitherorBgDi08.png	5	Continue																	Continue																	62	1	1	10002	
1808	<color=#CDA05A>[Tale Progress]]</color>\nIn this little world of their own, the sisters spend their carefree time together.	Assets/Product/Texture/Image/UiTheatre6/UiTheatre6RoomEitherorBgDi/UiTheatre6RoomEitherorBgDi08.png	5	Continue																	Continue																	62	2	1		
1809	<color=#E74354>[Tale Choice]</color>\nTogether, they brush the doll's hair and dress it in new clothes...	Assets/Product/Texture/Image/UiTheatre6/UiTheatre6RoomEitherorBgDi/UiTheatre6RoomEitherorBgDi08.png	5	Watch them quietly	2	1	1		1	1	2		5	11	24		10	36	36		Close the door and leave	2	1	1		1	2	4		5	21	14		10	32	21		62	3	1		
1810	<color=#CDA05A>[Tale Progress]]</color>\nThe sisters are lost in their own happiness, and they seem eager to share it with you.	Assets/Product/Texture/Image/UiTheatre6/UiTheatre6RoomEitherorBgDi/UiTheatre6RoomEitherorBgDi08.png	5	Continue																	Continue																	63	1	1		
1811	<color=#CDA05A>[Tale Progress]]</color>\nThey come closer and hold out their small hands.	Assets/Product/Texture/Image/UiTheatre6/UiTheatre6RoomEitherorBgDi/UiTheatre6RoomEitherorBgDi08.png	5	Continue																	Continue																	63	2	1		
1812	<color=#E74354>[Tale Choice]</color>\n"You must be tired after walking all this way." Their faces light up with bright, sunny smiles.	Assets/Product/Texture/Image/UiTheatre6/UiTheatre6RoomEitherorBgDi/UiTheatre6RoomEitherorBgDi08.png	5	Smile back	5				2003				1								Join them	5				2003				1								63	3	1		
1820	<color=#CDA05A>[Tale Progress]]</color>\nYou pick your way through a tangle of threads, careful as if crossing a dense and dangerous web. You have no idea what waits at the other end.	Assets/Product/Texture/Image/UiTheatre6/UiTheatre6RoomEitherorBgDi/UiTheatre6RoomEitherorBgDi05.png	5	Continue																	Continue																	64	1	1		
1821	<color=#CDA05A>[Tale Progress]]</color>\nA nameless dread lingers in your mind. Every nerve tells you that something dangerous is getting closer.	Assets/Product/Texture/Image/UiTheatre6/UiTheatre6RoomEitherorBgDi/UiTheatre6RoomEitherorBgDi05.png	5	Continue																	Continue																	64	2	1		
1822	<color=#E74354>[Tale Choice]</color>\nFinally, you see a figure that feels almost familiar. But whatever stands before you, it does not feel alive.	Assets/Product/Texture/Image/UiTheatre6/UiTheatre6RoomEitherorBgDi/UiTheatre6RoomEitherorBgDi05.png	5	Face the danger	5				2003				1								Let go of fear	5				2003				1								64	3	1		
1830	<color=#CDA05A>[Tale Progress]]</color>\nEverything seems to be over. Late at night, you walk through the quiet city, trying to calm the thoughts still churning inside you.	Assets/Product/Texture/Image/UiTheatre6/UiTheatre6RoomEitherorBgDi/UiTheatre6RoomEitherorBgDi15.png	5	Continue																	Continue																	65	1	1		
1831	<color=#CDA05A>[Tale Progress]]</color>\nAfter walking for so long, your mind begins to drift. Your feet keep moving on their own, carrying you toward somewhere you don't know.	Assets/Product/Texture/Image/UiTheatre6/UiTheatre6RoomEitherorBgDi/UiTheatre6RoomEitherorBgDi15.png	5	Continue																	Continue																	65	2	1		
1832	<color=#E74354>[Tale Choice]</color>\nIn the darkness, you spot a lone building in the distance. You are sure you have never seen it before.	Assets/Product/Texture/Image/UiTheatre6/UiTheatre6RoomEitherorBgDi/UiTheatre6RoomEitherorBgDi12.png	5	Look Closely	2	1	1		1	3	1		-10	24	19		-5	28	28		Open the door and enter	2	1	1		1	4	3		-13	24	22		-10	37	33		65	3	1		
1833	<color=#CDA05A>[Tale Progress]]</color>\nThe building is unfamiliar, yet something about it puts you strangely at ease.	Assets/Product/Texture/Image/UiTheatre6/UiTheatre6RoomEitherorBgDi/UiTheatre6RoomEitherorBgDi12.png	5	Continue																	Continue																	65	4	1		
1834	<color=#CDA05A>[Tale Progress]]</color>\nYou open the door and step into the small building. There are no lamps inside, only a single candle.	Assets/Product/Texture/Image/UiTheatre6/UiTheatre6RoomEitherorBgDi/UiTheatre6RoomEitherorBgDi10.png	5	Continue																	Continue																	65	5	1		
1835	<color=#E74354>[Tale Choice]</color>\nYou light the candle. A cold, faint glow spreads through the dark, like a lantern carried by a ghost.	Assets/Product/Texture/Image/UiTheatre6/UiTheatre6RoomEitherorBgDi/UiTheatre6RoomEitherorBgDi10.png	5	Blow out the candle	2	1	1		1	2	4		-10	15	28		-5	42	42		Watch the flame in silence	2	1	1		1	2	3		-13	26	20		-10	39	31		65	6	1		
1840	<color=#CDA05A>[Tale Progress]]</color>\nFinally, you stop chasing the secrets of this strange building. You push the door open and step back into the night.	Assets/Product/Texture/Image/UiTheatre6/UiTheatre6RoomEitherorBgDi/UiTheatre6RoomEitherorBgDi15.png	5	Continue																	Continue																	67	1	1		
1841	<color=#CDA05A>[Tale Progress]]</color>\nYou turn back, only to find the building you just left has vanished. Behind you is nothing but a long, empty street.	Assets/Product/Texture/Image/UiTheatre6/UiTheatre6RoomEitherorBgDi/UiTheatre6RoomEitherorBgDi15.png	5	Continue																	Continue																	67	2	1		
1842	<color=#E74354>[Tale Choice]</color>\nShapes begin to emerge in the fog-choked street. More and more monsters are slowly closing in.	Assets/Product/Texture/Image/UiTheatre6/UiTheatre6RoomEitherorBgDi/UiTheatre6RoomEitherorBgDi15.png	5	Stay away from the approaching shadows	2	1	1		1	1	2		-10	24	19		-5	28	28		Grip your gun	7				3008				1								67	3	1		
1900	<color=#CDA05A>[Tale Progress]</color>\nAt the end of the police station corridor, strange sounds echo from the abandoned records room.	Assets/Product/Texture/Image/UiTheatre6/UiTheatre6RoomEitherorBgDi/UiTheatre6RoomEitherorBgDi08.png	5	Continue																	Continue																	91	1	1		
1901	<color=#E74354>[Tale Choice]</color>\nThrough the crack in the door, you see the flickering light of a gas lamp inside the room.	Assets/Product/Texture/Image/UiTheatre6/UiTheatre6RoomEitherorBgDi/UiTheatre6RoomEitherorBgDi08.png	5	Push open the door	4	2	1	1	10001	1	2	3	1	-10	13	29		-5	44	44	Turn to leave	4	2	1	1	10002	1	1	2	1	5	12	22		10	19	33	91	2	1		
1902	<color=#E74354>[Tale Choice]</color>\nYou step into the room. A thick notebook sits on the table, its cover adorned with strange patterns.	Assets/Product/Texture/Image/UiTheatre6/UiTheatre6RoomEitherorBgDi/UiTheatre6RoomEitherorBgDi10.png	5	Reach out and touch it	2	1	1		1	3	4		-10	22	20		-5	31	31		Open the notebook	2	1	1		1	3	4		-15	24	22		-10	37	33				1	10001	
1903	<color=#E74354>[Tale Choice]</color>\nThe moment you turn around, a strange notebook appears at your feet, its cover adorned with peculiar markings.	Assets/Product/Texture/Image/UiTheatre6/UiTheatre6RoomEitherorBgDi/UiTheatre6RoomEitherorBgDi10.png	5	Reach out and touch it	2	1	1		1	1	3		-10	19	24		-5	36	36		Open the notebook	2	1	1		1	1	4		-15	24	22		-10	37	33				1	10002	
1904	<color=#CDA05A>[Tale Progress]</color>\nEvery page of the notebook bears your name, but the handwriting grows more distorted with each one.	Assets/Product/Texture/Image/UiTheatre6/UiTheatre6RoomEitherorBgDi/UiTheatre6RoomEitherorBgDi10.png	5	Continue																	Continue																	69	1	1		
1905	<color=#E74354>[Tale Choice]</color>\nOn the last page of the notebook, the ink spelling your name has turned a deep crimson.	Assets/Product/Texture/Image/UiTheatre6/UiTheatre6RoomEitherorBgDi/UiTheatre6RoomEitherorBgDi10.png	5	Close the notebook	2	1	1		1	2	3		-10	21	21		-5	32	32		Turn to leave	2	1	1		1	2	3		5	16	19		10	24	28		69	2	1		
1910	<color=#E74354>[Tale Choice]</color>\nYou walk alone through the night, when suddenly a torrential downpour begins to fall from the sky.	Assets/Product/Texture/Image/UiTheatre6/UiTheatre6RoomEitherorBgDi/UiTheatre6RoomEitherorBgDi01.png	5	Pick up the pace	2	1	1		1	1	2		0	19	20			31	31		Seek shelter from the rain	2	1	1		1	2	3		0	19	20			28	31		70	1	1		
1911	<color=#CDA05A>[Tale Progress]</color>\nThrough the cold rain, you see a small cabin appear ahead.	Assets/Product/Texture/Image/UiTheatre6/UiTheatre6RoomEitherorBgDi/UiTheatre6RoomEitherorBgDi17.png	5	Continue																	Continue																	70	2	1		
1912	<color=#E74354>[Tale Choice]</color>\nThe wooden cabin is worn and abandoned, showing no signs of anyone living inside.	Assets/Product/Texture/Image/UiTheatre6/UiTheatre6RoomEitherorBgDi/UiTheatre6RoomEitherorBgDi17.png	5	Push open the door	4	2	1	1	10001	1	1	4	1	-10	20	23		-5	34	34	Turn and leave	4	2	1	1	10002	1	3	4	1	5	11	24		10	16	36	70	3	1		
1913	<color=#CDA05A>[Tale Progress]</color>\nA damp smell fills the room. The cold, clinging moisture feels almost tangible.	Assets/Product/Texture/Image/UiTheatre6/UiTheatre6RoomEitherorBgDi/UiTheatre6RoomEitherorBgDi17.png	5	Continue																	Continue																	71	1	1	10001	
1914	<color=#E74354>[Tale Choice]</color>\nA wave of exhaustion overwhelms you, and at last, you can no longer resist the pull of sleep.	Assets/Product/Texture/Image/UiTheatre6/UiTheatre6RoomEitherorBgDi/UiTheatre6RoomEitherorBgDi17.png	5	Close your eyes	2	1	1		1	3	4		5	17	17		10	26	26		Deep Slumber	2	1	1		1	2	4		5	11	24		10	16	36		71	2	1		
1915	<color=#CDA05A>[Tale Progress]</color>\nStanding beneath the eaves, the curtain of rain still bars your departure. You have nowhere to go.	Assets/Product/Texture/Image/UiTheatre6/UiTheatre6RoomEitherorBgDi/UiTheatre6RoomEitherorBgDi17.png	5	Continue																	Continue																	72	1	1	10002	
1916	<color=#E74354>[Tale Choice]</color>\nYou have waited far too long, and an irresistible exhaustion washes over you. You can no longer fight the urge to sleep.	Assets/Product/Texture/Image/UiTheatre6/UiTheatre6RoomEitherorBgDi/UiTheatre6RoomEitherorBgDi17.png	5	Close your eyes	2	1	1		1	1	3		5	16	18		10	27	27		Deep Slumber	2	1	1		1	1	3		5	16	19		10	24	28		72	2	1		
1917	<color=#CDA05A>[Tale Progress]</color>\nWithin the chaotic dreamscape, you see a dense forest where whispers drift through the trees.	Assets/Product/Texture/Image/UiTheatre6/UiTheatre6RoomEitherorBgDi/UiTheatre6RoomEitherorBgDi17.png	5	Continue																	Continue																	73	1	1		
1918	<color=#E74354>[Tale Choice]</color>\nThe eerie whispers of "go to the forest" keeps echoing in your mind.	Assets/Product/Texture/Image/UiTheatre6/UiTheatre6RoomEitherorBgDi/UiTheatre6RoomEitherorBgDi17.png	5	Jolt awake	2	1	1		1	1	2		-10	15	28		-5	42	42		Sink into the nightmare	2	1	1		1	1	4		-15	24	24		-10	36	36		73	2	1		
2000	<color=#CDA05A>[Tale Progress]</color>\nIn the thick fog, you can barely make out the sights on the street.	Assets/Product/Texture/Image/UiTheatre6/UiTheatre6RoomEitherorBgDi/UiTheatre6RoomEitherorBgDi14.png	5	Continue																	Continue																	74	1	1		
2001	<color=#E74354>[Tale Choice]</color>\nA glimmer of light suddenly appears ahead, like a beacon guiding your way.	Assets/Product/Texture/Image/UiTheatre6/UiTheatre6RoomEitherorBgDi/UiTheatre6RoomEitherorBgDi14.png	5	Walk toward the light	4				10001				1								Deliberately avoid it	4				10002				1								74	2	1		
2002	<color=#CDA05A>[Tale Progress]</color>\nAs you draw closer, a bright gas lamp appears before you.	Assets/Product/Texture/Image/UiTheatre6/UiTheatre6RoomEitherorBgDi/UiTheatre6RoomEitherorBgDi15.png	5	Continue																	Continue																	75	1	1	10001	
2003	<color=#E74354>[Tale Choice]</color>\nIt seems to have been standing silently in the thick fog all this time, waiting for you.	Assets/Product/Texture/Image/UiTheatre6/UiTheatre6RoomEitherorBgDi/UiTheatre6RoomEitherorBgDi15.png	5	Observe carefully	2	1	1		1	1	2		-10	16	27		-5	40	40		Reach out and touch it	2	1	1		1	1	3		-15	24	24		-10	36	36		75	2	1		
2004	<color=#CDA05A>[Tale Progress]</color>\nTaking a different path, you walked for a long time through the darkness.	Assets/Product/Texture/Image/UiTheatre6/UiTheatre6RoomEitherorBgDi/UiTheatre6RoomEitherorBgDi15.png	5	Continue																	Continue																	76	1	1	10002	
2005	<color=#E74354>[Tale Choice]</color>\nNo matter which way you walk, that bright gas lamp refuses to leave your sight.	Assets/Product/Texture/Image/UiTheatre6/UiTheatre6RoomEitherorBgDi/UiTheatre6RoomEitherorBgDi15.png	5	Observe carefully	2	1	1		1	1	4		-10	16	27		-5	40	40		Reach out and touch it	2	1	1		1	1	2		-15	27	20		-10	40	30		76	2	1		
2006	<color=#CDA05A>[Tale Progress]</color>\nThe glow of the gas lamp is brilliantly bright, yet you have noticed something else amiss.	Assets/Product/Texture/Image/UiTheatre6/UiTheatre6RoomEitherorBgDi/UiTheatre6RoomEitherorBgDi15.png	5	Continue																	Continue																	77	1	1		
2007	<color=#CDA05A>[Tale Progress]</color>\nBathed in the light, a host of strangely familiar shadows appeared behind you.	Assets/Product/Texture/Image/UiTheatre6/UiTheatre6RoomEitherorBgDi/UiTheatre6RoomEitherorBgDi15.png	5	Continue																	Continue																	77	2	1		
2008	<color=#E74354>[Tale Choice]</color>\nThe movements of those shadows seem to be reaching out to you for help.	Assets/Product/Texture/Image/UiTheatre6/UiTheatre6RoomEitherorBgDi/UiTheatre6RoomEitherorBgDi15.png	5	Must be an illusion	2	1	1		1	1	4		-10	22	20		-5	31	31		Ask aloud	2	1	1		1	1	4		-15	20	26		-10	31	39		77	3	1		
2010	<color=#CDA05A>[Tale Progress]</color>\nYou walk through the forest, treading on a thick layer of dead branches and fallen leaves.	Assets/Product/Texture/Image/UiTheatre6/UiTheatre6RoomEitherorBgDi/UiTheatre6RoomEitherorBgDi18.png	5	Continue																	Continue																	78	1	1		
2011	<color=#E74354>[Tale Choice]</color>\nThough near noon, the dense canopy blocks the sun, leaving the woods dark.	Assets/Product/Texture/Image/UiTheatre6/UiTheatre6RoomEitherorBgDi/UiTheatre6RoomEitherorBgDi18.png	5	Proceed with caution	2	1	1		1	1	4		0	20	19			28	28		Look around	2	1	1		1	1	3		-10	23	20		-5	34	30		78	2	1		
2012	<color=#CDA05A>[Tale Progress]</color>\nThe wind picks up, rustling through the branches and leaves of the forest with a faint sound.	Assets/Product/Texture/Image/UiTheatre6/UiTheatre6RoomEitherorBgDi/UiTheatre6RoomEitherorBgDi18.png	5	Continue																	Continue																	78	3	1		
2013	<color=#E74354>[Tale Choice]</color>\nEven after the wind dies down, you still hear sounds coming from the forest.	Assets/Product/Texture/Image/UiTheatre6/UiTheatre6RoomEitherorBgDi/UiTheatre6RoomEitherorBgDi18.png	5	Listen closely	2	1	1		1	3	4		-10	23	20		-5	30	30		Ignore it	2	1	1		1	1	4		0	19	20			28	31		78	4	1		
2014	<color=#CDA05A>[Tale Progress]</color>\nThe sound from the forest grows clearer and clearer, echoing endlessly in your mind.	Assets/Product/Texture/Image/UiTheatre6/UiTheatre6RoomEitherorBgDi/UiTheatre6RoomEitherorBgDi18.png	5	Continue																	Continue																	78	5	1		
2015	<color=#E74354>[Tale Choice]</color>\nIt was a faint whisper, calling your name over and over again.	Assets/Product/Texture/Image/UiTheatre6/UiTheatre6RoomEitherorBgDi/UiTheatre6RoomEitherorBgDi18.png	5	Respond aloud	2	1	1		1	2	3		-15	17	29		-10	44	44		Ignore.	2	1	1		1	1	4		5	12	23		10	18	34		78	6	1		
2020	<color=#CDA05A>[Tale Progress]</color>\nBy the cold, pallid light of the moon, you walk alone through fields that were harvested just earlier in the day.	Assets/Product/Texture/Image/UiTheatre6/UiTheatre6RoomEitherorBgDi/UiTheatre6RoomEitherorBgDi01.png	5	Continue																	Continue																	79	1	1		
2021	<color=#E74354>[Tale Choice]</color>\nYou notice that the scarecrow by the farmfield seems somehow different from the impression you had of it during the day.	Assets/Product/Texture/Image/UiTheatre6/UiTheatre6RoomEitherorBgDi/UiTheatre6RoomEitherorBgDi01.png	5	Investigate	2	1	1		1	1	3		-15	26	20		-10	31	31		Watch from afar	2	1	1		1	1	2		-10	15	28		-5	22	42		79	2	1		
2022	<color=#CDA05A>[Tale Progress]</color>\nThe rags are gone. The scarecrow is now wearing a neat suit.	Assets/Product/Texture/Image/UiTheatre6/UiTheatre6RoomEitherorBgDi/UiTheatre6RoomEitherorBgRen05.png	5	Continue																	Continue																	79	3	1		
2023	<color=#E74354>[Tale Choice]</color>\nThere is no wind, yet the scarecrow slowly turns toward you.	Assets/Product/Texture/Image/UiTheatre6/UiTheatre6RoomEitherorBgDi/UiTheatre6RoomEitherorBgRen05.png	5	Reach out and touch it	2	1	1		1	2	4		-15	20	27		-10	40	40		Cautiously keep away	2	1	1		1	3	4		0	16	24			24	36		79	4	1		
2024	<color=#CDA05A>[Tale Progress]</color>\nDark red fluid slowly oozes from the scarecrow's empty eyes.	Assets/Product/Texture/Image/UiTheatre6/UiTheatre6RoomEitherorBgDi/UiTheatre6RoomEitherorBgRen05.png	5	Continue																	Continue																	79	5	1		
2025	<color=#E74354>[Tale Choice]</color>\nAt that very moment, you catch the sound of a faint, elusive laugh.	Assets/Product/Texture/Image/UiTheatre6/UiTheatre6RoomEitherorBgDi/UiTheatre6RoomEitherorBgRen05.png	5	Track the sound source	2	1	1		1	2	4		-10	22	20		-5	31	31		Turn and leave	2	1	1		1	2	4		20	12	15		40	18	22		79	6	1		
2100	<color=#CDA05A>[Tale Progress]</color>\nYou wander through the deserted ancient castle, a faint and peculiar odor drifting to your nose.	Assets/Product/Texture/Image/UiTheatre6/UiTheatre6RoomEitherorBgDi/UiTheatre6RoomEitherorBgDi02.png	5	Continue																	Continue																	80	1	1		
2101	<color=#CDA05A>[Tale Progress]</color>\nFollowing the dim, narrow corridor, you arrive at a dust-laden room.	Assets/Product/Texture/Image/UiTheatre6/UiTheatre6RoomEitherorBgDi/UiTheatre6RoomEitherorBgDi05.png	5	Continue																	Continue																	80	2	1		
2102	<color=#E74354>[Tale Choice]</color>\nThe strange instruments in the room make you realize this was once some kind of "laboratory".	Assets/Product/Texture/Image/UiTheatre6/UiTheatre6RoomEitherorBgDi/UiTheatre6RoomEitherorBgDi05.png	5	Inspect the instruments	4	2	1	1	10001	1	1	3	1	-15	24	22		-10	33	33	Observing cautiously	4	2	1	1	10002	1	3	4	1	-10	16	27		-5	24	40	80	3	1		
2103	<color=#CDA05A>[Tale Progress]</color>\nThe moment you touch the dust-covered instruments, a strange sense of déjà vu invades your mind.	Assets/Product/Texture/Image/UiTheatre6/UiTheatre6RoomEitherorBgDi/UiTheatre6RoomEitherorBgDi05.png	5	Continue																	Continue																	81	1	1	10001	
2104	<color=#E74354>[Tale Choice]</color>\nIt seems as though many "people" once existed here.	Assets/Product/Texture/Image/UiTheatre6/UiTheatre6RoomEitherorBgDi/UiTheatre6RoomEitherorBgDi05.png	5	Look carefully	2	1	1		1	2	4		-10	22	20		-5	31	31		Just an illusion	2	1	1		1	1	2		0	12	28			18	42		81	2	1		
2105	<color=#CDA05A>[Tale Progress]</color>\nEven keeping your distance from those instruments, a strange sense of déjà vu instantly floods your mind.	Assets/Product/Texture/Image/UiTheatre6/UiTheatre6RoomEitherorBgDi/UiTheatre6RoomEitherorBgDi05.png	5	Continue																	Continue																	82	1	1	10002	
2110	<color=#E74354>[Tale Choice]</color>\nAmidst those strange feelings of déjà vu, it seems as though many "people" once existed here.	Assets/Product/Texture/Image/UiTheatre6/UiTheatre6RoomEitherorBgDi/UiTheatre6RoomEitherorBgDi05.png	5	Look carefully	2	1	1		1	3	4		-10	24	18		-5	27	27		Just an illusion	2	1	1		1	2	3		0	16	23			25	34		82	2	1		
2111	<color=#CDA05A>[Tale Progress]</color>\nAt last, you turn and leave that strange room.	Assets/Product/Texture/Image/UiTheatre6/UiTheatre6RoomEitherorBgDi/UiTheatre6RoomEitherorBgDi05.png	5	Continue																	Continue																	83	1	1		
2112	<color=#E74354>[Tale Choice]</color>\nYou realize this might be a hint that there are still secrets here you don't know about.	Assets/Product/Texture/Image/UiTheatre6/UiTheatre6RoomEitherorBgDi/UiTheatre6RoomEitherorBgDi05.png	5	Shatter the mirror	2	1	1		1	2	3		20	9	17		40	26	26		Ignore.	2	1	1		1	3	4		0	12	28			18	42		83	2	1		
2120	<color=#CDA05A>[Tale Progress]</color>\nWithin the massive structure, there seem to be countless rooms and corridors.	Assets/Product/Texture/Image/UiTheatre6/UiTheatre6RoomEitherorBgDi/UiTheatre6RoomEitherorBgDi12.png	5	Continue																	Continue																	84	1	1		
2121	<color=#E74354>[Tale Choice]</color>\nNo matter which direction you move, you hear a piercing, agonized shriek.	Assets/Product/Texture/Image/UiTheatre6/UiTheatre6RoomEitherorBgDi/UiTheatre6RoomEitherorBgDi12.png	5	Search for the source of the sound	2	1	1		1	3	4		-10	22	20		-5	31	31		Respond	2	1	1		1	1	3		-15	20	27		-10	30	40		84	2	1		
2115	<color=#CDA05A>[Tale Progress]</color>\nThe voice sounds somewhat familiar, yet somehow utterly strange.	Assets/Product/Texture/Image/UiTheatre6/UiTheatre6RoomEitherorBgDi/UiTheatre6RoomEitherorBgDi12.png	5	Continue																	Continue																	84	3	1		
2116	<color=#E74354>[Tale Choice]</color>\nAt the same time, you hear a jumble of footsteps drawing closer, yet there is no one beside you.	Assets/Product/Texture/Image/UiTheatre6/UiTheatre6RoomEitherorBgDi/UiTheatre6RoomEitherorBgDi12.png	5	Look to your side	2	1	1		1	1	2		-10	12	30		-5	45	45		Just an illusion	2	1	1		1	1	2		0	23	16			34	25		84	4	1		
2117	<color=#CDA05A>[Tale Progress]</color>\nOn the dust-covered floor, a trail of strange footprints quietly appears.	Assets/Product/Texture/Image/UiTheatre6/UiTheatre6RoomEitherorBgDi/UiTheatre6RoomEitherorBgDi12.png	5	Continue																	Continue																	84	5	1		
2118	<color=#E74354>[Tale Choice]</color>\nThe footprints suddenly turn, as if leading you somewhere unknown.	Assets/Product/Texture/Image/UiTheatre6/UiTheatre6RoomEitherorBgDi/UiTheatre6RoomEitherorBgDi12.png	5	Follow the footprints	2	1	1		1	1	2		-15	16	31		-10	46	46		Press on alone	2	1	1		1	2	4		-10	16	27		-5	24	40		84	6	1		
2200	<color=#CDA05A>[Tale Progress]</color>\nIn this labyrinthine building, you have long since lost track of how long you've been walking.	Assets/Product/Texture/Image/UiTheatre6/UiTheatre6RoomEitherorBgDi/UiTheatre6RoomEitherorBgDi12.png	5	Continue																	Continue																	85	1	1		
2201	<color=#E74354>[Tale Choice]</color>\nYou pull out your pocket watch, only to find that its hands have stopped at some unknown moment.	Assets/Product/Texture/Image/UiTheatre6/UiTheatre6RoomEitherorBgDi/UiTheatre6RoomEitherorBgDi12.png	5	Wind the pocket watch	2	1	1		1	2	4		0	19	20			31	31		Stop keeping track of the time	2	1	1		1	2	3		-10	22	20		-5	33	31		85	2	1		
2202	<color=#CDA05A>[Tale Progress]</color>\nA strange sensation creeps into your thoughts. The enemy you were just fighting has vanished without a trace.	Assets/Product/Texture/Image/UiTheatre6/UiTheatre6RoomEitherorBgDi/UiTheatre6RoomEitherorBgDi12.png	5	Continue																	Continue																	85	3	1		
2203	<color=#CDA05A>[Tale Progress]</color>\nYet every detail of that battle remains etched into your mind.	Assets/Product/Texture/Image/UiTheatre6/UiTheatre6RoomEitherorBgDi/UiTheatre6RoomEitherorBgDi12.png	5	Continue																	Continue																	85	4	1		
2204	<color=#E74354>[Tale Choice]</color>\nCandlelight flickers and wavers, casting monstrous shadows throughout the building.	Assets/Product/Texture/Image/UiTheatre6/UiTheatre6RoomEitherorBgDi/UiTheatre6RoomEitherorBgRen08.png	5	Observing cautiously	4	2	1	1	10001	1	1	2	1	-10	13	29		-5	44	44	Grip your gun	4	2	1	1	10002	1	3	4	1	0	24	16			36	24	85	5	1		
2205	<color=#CDA05A>[Tale Progress]</color>\nA strange dark shadow closes in on you, instantly enveloping your body.	Assets/Product/Texture/Image/UiTheatre6/UiTheatre6RoomEitherorBgDi/UiTheatre6RoomEitherorBgRen08.png	5	Continue																	Continue																	86	1	1	10001	
2206	<color=#E74354>[Tale Choice]</color>\nA coldness unlike anything you've ever felt grips your senses.	Assets/Product/Texture/Image/UiTheatre6/UiTheatre6RoomEitherorBgDi/UiTheatre6RoomEitherorBgRen08.png	5	Try to break free	2	1	1		1	1	3		-15	14	33		-10	50	50		Just an illusion	2	1	1		1	2	4		0	14	25			21	38		86	2	1		
2207	<color=#CDA05A>[Tale Progress]</color>\nAt some point, a strange dark shadow slowly crept toward you, enveloping your body.	Assets/Product/Texture/Image/UiTheatre6/UiTheatre6RoomEitherorBgDi/UiTheatre6RoomEitherorBgRen08.png	5	Continue																	Continue																	87	1	1	10002	
2208	<color=#E74354>[Tale Choice]</color>\nAn unfamiliar coldness seizes your senses in an instant.	Assets/Product/Texture/Image/UiTheatre6/UiTheatre6RoomEitherorBgDi/UiTheatre6RoomEitherorBgRen08.png	5	Try to break free	2	1	1		1	3	4		-15	20	27		-10	40	40		Just an illusion	2	1	1		1	1	2		0	12	27			19	40		87	2	1		
2209	<color=#CDA05A>[Tale Progress]</color>\nWithin the shadows, you find it growing harder and harder to breathe.	Assets/Product/Texture/Image/UiTheatre6/UiTheatre6RoomEitherorBgDi/UiTheatre6RoomEitherorBgRen08.png	5	Continue																	Continue																	88	1	1		
2210	<color=#CDA05A>[Tale Progress]</color>\nYou realize that the unseen "enemy" is slowly drawing closer.	Assets/Product/Texture/Image/UiTheatre6/UiTheatre6RoomEitherorBgDi/UiTheatre6RoomEitherorBgRen08.png	5	Continue																	Continue																	88	2	1		
2211	<color=#E74354>[Tale Choice]</color>\nIn the shadow of the "enemy," you catch a glimpse of an eerie light.	Assets/Product/Texture/Image/UiTheatre6/UiTheatre6RoomEitherorBgDi/UiTheatre6RoomEitherorBgRen08.png	5	Attack the light that seems to be its "weakness"	7				3009				1								Struggle desperately	2	1	1		1	2	3		-10	20	23		-5	30	34		88	3	1		
2212	<color=#CDA05A>[Tale Progress]</color>\nAt last, the dark shadow begins to slowly dissipate.	Assets/Product/Texture/Image/UiTheatre6/UiTheatre6RoomEitherorBgDi/UiTheatre6RoomEitherorBgRen08.png	5	Continue																	Continue																	89	1	1		
2213	<color=#E74354>[Tale Choice]</color>\nOnly a pool of foul-smelling black liquid remains on the ground before you.	Assets/Product/Texture/Image/UiTheatre6/UiTheatre6RoomEitherorBgDi/UiTheatre6RoomEitherorBgRen08.png	5	Observing cautiously	2	1	1		1	2	4		-10	19	24		-5	36	36		Reach out and touch it	2	1	1		1	1	4		-15	24	24		-10	36	36		89	2	1		
2220	<color=#CDA05A>[Tale Progress]</color>\nAs the setting sun sinks behind the treetops, a thin mist slowly drifts in around you.	Assets/Product/Texture/Image/UiTheatre6/UiTheatre6RoomEitherorBgDi/UiTheatre6RoomEitherorBgDi18.png	5	Continue																	Continue																	90	1	1		
2221	<color=#E74354>[Tale Choice]</color>\nThe moment the last ray of sunlight fades, the mist thickens until it feels almost solid.	Assets/Product/Texture/Image/UiTheatre6/UiTheatre6RoomEitherorBgDi/UiTheatre6RoomEitherorBgDi18.png	5	Pick up the pace	2	1	1		1	2	3		-10	17	26		-5	39	39		Stop and observe cautiously	2	1	1		1	2	4		0	20	20			30	30		90	2	1		
2222	<color=#CDA05A>[Tale Progress]</color>\nThe ground beneath your feet suddenly grows warm and soft, as though it were alive.	Assets/Product/Texture/Image/UiTheatre6/UiTheatre6RoomEitherorBgDi/UiTheatre6RoomEitherorBgDi18.png	5	Continue																	Continue																	90	3	1		
2223	<color=#E74354>[Tale Choice]</color>\nWith every step you take, it feels as though you are walking upon the body of some enormous "living thing."	Assets/Product/Texture/Image/UiTheatre6/UiTheatre6RoomEitherorBgDi/UiTheatre6RoomEitherorBgDi18.png	5	Attempt to "communicate" with the earth	2	1	1		1	2	3		-15	24	22		-10	33	33		Press your ear to the ground and listen	2	1	1		1	1	3		-10	15	28		-5	22	42		90	4	1		
2224	<color=#CDA05A>[Tale Progress]</color>\nA deep, ancient voice rises from beneath the earth, as if the forest itself is trying to "speak" to you.	Assets/Product/Texture/Image/UiTheatre6/UiTheatre6RoomEitherorBgDi/UiTheatre6RoomEitherorBgDi18.png	5	Continue																	Continue																	90	5	1		
2225	<color=#E74354>[Tale Choice]</color>\nYet the meaning behind that voice is utterly beyond your comprehension.	Assets/Product/Texture/Image/UiTheatre6/UiTheatre6RoomEitherorBgDi/UiTheatre6RoomEitherorBgDi18.png	5	Keep listening	2	1	1		1	1	4		-10	24	19		-5	28	28		Do nothing	2	1	1		1	2	4		0	17	22			26	33		90	6	1		
3011	A portrait remains after a fire, untouched by the flames, and the figure in the painting appears to gaze at you at every angle.	Assets/Product/Texture/Image/UiTheatre6/UiTheatre6RoomEitherorBgDi/UiTheatre6RoomEitherorBgDi04.png	6	Stare into the portrait's eyes	2	1	1		1	1	3		-10	33	13		-5	37	17		Look away	2	1	1		1	1	4		0	13	33			17	37		106	1			
3012	That night, the portrait that should be in pieces reappears on your desk, miraculously restored to its original condition.	Assets/Product/Texture/Image/UiTheatre6/UiTheatre6RoomEitherorBgDi/UiTheatre6RoomEitherorBgDi10.png	6	Try to take apart the frame	7				1000				1								Examine the portrait closely	2	1	1		1	3	4		-13	33	13		-10	37	17		106	2			
3021	The sewer grate keeps rattling, as if something unseen is trying to break free.	Assets/Product/Texture/Image/UiTheatre6/UiTheatre6RoomEitherorBgDi/UiTheatre6RoomEitherorBgDi03.png	6	Look closely through the grate	2	1	1		1	1	2		-10	33	13		-5	37	17		Aim your gun at the sewer depths	2	1	1		1	1	3		0	33	13			37	17		107	1			
3022	The grate suddenly bursts apart with a crash, and reeking sewage gushes out.	Assets/Product/Texture/Image/UiTheatre6/UiTheatre6RoomEitherorBgDi/UiTheatre6RoomEitherorBgDi16.png	6	Try to collect a sewage sample	2	1	1		1	1	2		-13	33	13		-10	37	17		Cover your nose with a handkerchief	2	1	1		1	1	3		0	13	33			17	37		107	2			
3023	In the thickening fog, a shadowy figure slowly takes form.	Assets/Product/Texture/Image/UiTheatre6/UiTheatre6RoomEitherorBgDi/UiTheatre6RoomEitherorBgDi15.png	1	Raise your gun and stay alert	7				1000				1								Examine the shadow closely	2	1	1		1	2	3		-13	33	13		-10	37	17						
3031	In the clockmaker's shop, all the clock hands have stopped at exactly twelve o'clock.	Assets/Product/Texture/Image/UiTheatre6/UiTheatre6RoomEitherorBgDi/UiTheatre6RoomEitherorBgDi06.png	6	Check the strange clocks	2	1	1		1	1	4		-10	13	33		-5	17	37		Ignore it	2	1	1		1	1	2		0	33	13			37	17		108	1			
3032	The silent clockmaker suddenly turns around, with a clock gear embedded in his hollow eye socket.	Assets/Product/Texture/Image/UiTheatre6/UiTheatre6RoomEitherorBgDi/UiTheatre6RoomEitherorBgRen05.png	6	Confront him head-on	7				1000				1								Break free from him	2	1	1		1	2	3		-13	33	13		-10	37	17		108	2			
3041	A barnacle-encrusted wooden crate washes up on the dock late at night.	Assets/Product/Texture/Image/UiTheatre6/UiTheatre6RoomEitherorBgDi/UiTheatre6RoomEitherorBgDi09.png	6	Try to pry it open	2	1	1		1	1	4		-10	13	33		-5	17	37		Resist the urge to open it	2	1	1		1	1	3		20	33	13		40	37	17		109	1			
3042	Inside the strange wooden crate lies only a bizarre "egg" that is constantly pulsating.	Assets/Product/Texture/Image/UiTheatre6/UiTheatre6RoomEitherorBgDi/UiTheatre6RoomEitherorBgRen07.png	6	Close the crate	2	1	1		1	1	4		0	13	33			17	37		Set the crate on fire	2	1	1		1	3	4		20	13	33		40	17	37		109	2			
3043	The "egg" in the wooden crate suddenly cracks open, and a many-legged monster crawls out.	Assets/Product/Texture/Image/UiTheatre6/UiTheatre6RoomEitherorBgDi/UiTheatre6RoomEitherorBgRen08.png	6	Dodge	2	1	1		1	1	3		-13	13	33		-10	17	37		Open fire on the "monster"	7				1000				1								109	3			
3051	The only thing left behind by the nameless dead is a diary. Every single page is covered in eerie spiral patterns.	Assets/Product/Texture/Image/UiTheatre6/UiTheatre6RoomEitherorBgDi/UiTheatre6RoomEitherorBgDi10.png	1	Close the diary	2	1	1		1	2	3		0	33	13			37	17		Examine the spirals closely	2	1	1		1	1	2		-10	13	33		-5	17	37						
3052	In a hidden basement, a group of cultists hold hands, chanting incomprehensible hymns.	Assets/Product/Texture/Image/UiTheatre6/UiTheatre6RoomEitherorBgDi/UiTheatre6RoomEitherorBgDi02.png	1	Try to join them	2	1	1		1	2	3		-13	33	13		-10	37	17		Tell them to stop	7				1000				1												
3061	You board a train at midnight, only to find every passenger's face is blurred and indistinct.	Assets/Product/Texture/Image/UiTheatre6/UiTheatre6RoomEitherorBgDi/UiTheatre6RoomEitherorBgDi01.png	6	Try to talk to the passengers	2	1	1		1	2	3		-10	33	13		-5	37	17		Leave them alone	2	1	1		1	1	2		0	13	33			17	37		110	1			
3062	The train suddenly enters a tunnel you've never seen before, with murky, bloody water surrounding it on all sides.	Assets/Product/Texture/Image/UiTheatre6/UiTheatre6RoomEitherorBgDi/UiTheatre6RoomEitherorBgDi15.png	6	Grip the handrail	2	1	1		1	1	3		-10	13	33		-5	17	37		Close the window	2	1	1		1	2	3		0	13	33			17	37		110	2			
3063	A grotesque figure shatters the train window with its tentacles, trying to drag you deep into the Mist outside.	Assets/Product/Texture/Image/UiTheatre6/UiTheatre6RoomEitherorBgDi/UiTheatre6RoomEitherorBgDi15.png	6	Dodge	2	1	1		1	1	3		-13	13	33		-10	17	37		Open fire	7				1000				1								110	3			
3071	A blind fortune teller offers to read your fortune, inviting you to draw a card.	Assets/Product/Texture/Image/UiTheatre6/UiTheatre6RoomEitherorBgDi/UiTheatre6RoomEitherorBgRen09.png	6	Pay with coins	2	1	1		1	2	4		20	13	33		40	17	37		Draw a card	2	1	1		1	1	4		0	33	13			37	17		111	1			
3072	The fortune teller shows you a card depicting the Abyss, with countless ghastly pale hands reaching out from within.	Assets/Product/Texture/Image/UiTheatre6/UiTheatre6RoomEitherorBgDi/UiTheatre6RoomEitherorBgRen09.png	6	Ask about the Abyss	2	1	1		1	1	2		-13	33	13		-10	37	17		Put down the card	2	1	1		1	2	4		-10	33	13		-5	37	17		111	2			
3081	The owner of the puppet shop quietly pushes a cart filled with porcelain dolls in the dead of night, vanishing around the street corner into darkness.	Assets/Product/Texture/Image/UiTheatre6/UiTheatre6RoomEitherorBgDi/UiTheatre6RoomEitherorBgRen10.png	1	Watch from afar	2	1	1		1	2	4		0	33	13			37	17		Approach and ask if she is all right.	2	1	1		1	3	4		-10	33	13		-5	37	17						
3082	You enter an empty basement and see many ghastly pale teeth scattered across the floor.	Assets/Product/Texture/Image/UiTheatre6/UiTheatre6RoomEitherorBgDi/UiTheatre6RoomEitherorBgRen10.png	6	Pick up the teeth and examine	2	1	1		1	3	4		-10	13	33		-5	17	37		Close the basement door	2	1	1		1	2	3		0	13	33			17	37		112	1			
3083	A strange creature springs out from the corner of the basement, opening its gaping maw and spraying foul slime at you.	Assets/Product/Texture/Image/UiTheatre6/UiTheatre6RoomEitherorBgDi/UiTheatre6RoomEitherorBgRen03.png	6	Open fire	7				1				1								Evade	2	1	1		1	2	3		-13	33	13		-10	37	17		112	2			
3092	A bag full of coins lies unclaimed. Numerous rats approach, ready to make their move.	Assets/Product/Texture/Image/UiTheatre6/UiTheatre6RoomEitherorBgDi/UiTheatre6RoomEitherorBgDi13.png	1	Pick up the bag	2	1	1		1	1	4		-13	13	33		-10	17	37		Drive away the rats	2	1	1		1	1	3		20	13	33		40	17	37						
3101	An unknown opera is being performed in the opera house, but the audience seats are completely empty.	Assets/Product/Texture/Image/UiTheatre6/UiTheatre6RoomEitherorBgDi/UiTheatre6RoomEitherorBgDi17.png	6	Sit down and listen carefully	2	1	1		1	1	2		-10	33	13		-5	37	17		Cover your ears	2	1	1		1	1	3		20	13	33		40	17	37		113	1			
3102	At the climax of the performance, the singer on stage suddenly lets out a piercing shriek.	Assets/Product/Texture/Image/UiTheatre6/UiTheatre6RoomEitherorBgDi/UiTheatre6RoomEitherorBgRen06.png	6	Discern the message in the singer's voice	2	1	1		1	1	2		-13	13	33		-10	17	37		Endure silently	2	1	1		1	1	3		-10	13	33		-5	17	37		113	2			
3103	The dancer on the stage tears apart the lavish costume, transforming into a hideous monster that lunges toward the seats below.	Assets/Product/Texture/Image/UiTheatre6/UiTheatre6RoomEitherorBgDi/UiTheatre6RoomEitherorBgRen06.png	6	Dodge desperately	2	1	1		1	1	3		-10	13	33		-5	17	37		Open fire	7				1				1								113	3			
5001	A strange creature springs out from the corner of the basement, opening its gaping maw and spraying foul slime at you.	Assets/Product/Texture/Image/UiTheatre6/UiTheatre6RoomEitherorBgDi/UiTheatre6RoomEitherorBgRen03.png	1	Open fire	7				2000				1								Evade	2	1	1		1	1	3		-10	30	14		-5	37	17						
5002	The dancer on the stage tears apart the lavish costume, transforming into a hideous monster that lunges toward the seats below.	Assets/Product/Texture/Image/UiTheatre6/UiTheatre6RoomEitherorBgDi/UiTheatre6RoomEitherorBgRen06.png	1	Dodge desperately	2	1	1		1	2	4		-13	26	18		-10	31	23		Open fire	7				2000				1												
5003	The guard of the graveyard sits at the gate, smiling to every passerby eerily.	Assets/Product/Texture/Image/UiTheatre6/UiTheatre6RoomEitherorBgDi/UiTheatre6RoomEitherorBgDi18.png	2	Smile back	5				2001				1				1				Ask a question	5				2003				1				1								
5004	At the abandoned dock, the surfaces of shipping containers are gradually being covered by slimy, fishy-smelling seaweed.	Assets/Product/Texture/Image/UiTheatre6/UiTheatre6RoomEitherorBgDi/UiTheatre6RoomEitherorBgDi01.png	2	Pry open the containers	5				2001				1				1				Pull off the seaweed	5				2003				1				1								
5005	On his deathbed, the trembling asylum director presses a badge engraved with an eyeball into your palm.	Assets/Product/Texture/Image/UiTheatre6/UiTheatre6RoomEitherorBgDi/UiTheatre6RoomEitherorBgRen04.png	2	Inspect the badge	5				2002				1				1				Take the badge	5				2004				1				1								
5006	Your pocketwatch makes a strange noise. After taking it apart, you discover jet-black hair tangled between the gears.	Assets/Product/Texture/Image/UiTheatre6/UiTheatre6RoomEitherorBgDi/UiTheatre6RoomEitherorBgDi05.png	2	Close the pocketwatch	5				2001				1				1				Clean up the hair	5				2003				1				1								
5007	In an old bookshop, you discover an untitled manuscript locked with chains.	Assets/Product/Texture/Image/UiTheatre6/UiTheatre6RoomEitherorBgDi/UiTheatre6RoomEitherorBgDi11.png	2	Buy the manuscript	5				2001				1				1				Try to pry open the chains	5				2003				1				1								
5008	A ragged wanderer approaches you, trying to trade the strange medicine bottle in his hand for a little food.	Assets/Product/Texture/Image/UiTheatre6/UiTheatre6RoomEitherorBgDi/UiTheatre6RoomEitherorBgDi03.png	2	Agree to the trade	5				2002				1				1				Ask him what's in the medicine bottle	5				2004				1				1								
5025	The silent clockmaker suddenly turns around, with a clock gear embedded in his hollow eye socket.	Assets/Product/Texture/Image/UiTheatre6/UiTheatre6RoomEitherorBgDi/UiTheatre6RoomEitherorBgRen05.png	1	Confront him head-on	7				2010				1								Break free from him	2	1	1		1	1	3		-10	30	14		-5	37	17						
5026	A grotesque figure shatters the train window with its tentacles, trying to drag you deep into the Mist outside.	Assets/Product/Texture/Image/UiTheatre6/UiTheatre6RoomEitherorBgDi/UiTheatre6RoomEitherorBgDi15.png	1	Dodge	2	1	1		1	2	4		-13	26	18		-10	31	23		Open fire	7				2010				1												
5027	In the attic of a long-abandoned theater, numerous cracked mirrors are embedded in the walls.	Assets/Product/Texture/Image/UiTheatre6/UiTheatre6RoomEitherorBgDi/UiTheatre6RoomEitherorBgDi11.png	2	Check the mirrors	5				2001				1				1				Smash a mirror to see what's behind	5				2003				1				1								
5028	Walking through the streets at night, you suddenly discover countless strange eyes lighting up in the display windows on both sides of the street.	Assets/Product/Texture/Image/UiTheatre6/UiTheatre6RoomEitherorBgDi/UiTheatre6RoomEitherorBgDi06.png	2	Break the windows	5				2001				1				1				Investigate	5				2003				1				1								
5029	In a dead-end alley with no exit, a shadowy figure blocks your way.	Assets/Product/Texture/Image/UiTheatre6/UiTheatre6RoomEitherorBgDi/UiTheatre6RoomEitherorBgDi13.png	2	Face it head-on	5				2002				1				1				Try to go around it	5				2004				1				1								
5030	A strange gray stone sculpture failed to sell at the auction.	Assets/Product/Texture/Image/UiTheatre6/UiTheatre6RoomEitherorBgDi/UiTheatre6RoomEitherorBgDi06.png	2	Inspect the stone sculpture	5				2001				1				1				Offer to buy the stone sculpture	5				2003				1				1								
5031	In the cracks of the archive room's floor lies a twisted, rusty key.	Assets/Product/Texture/Image/UiTheatre6/UiTheatre6RoomEitherorBgDi/UiTheatre6RoomEitherorBgDi10.png	2	Take out the key	5				2001				1				1				Try to restore the key	5				2003				1				1								
5032	Along the fog-shrouded riverbank, strange phosphorescent light flickers in the river.	Assets/Product/Texture/Image/UiTheatre6/UiTheatre6RoomEitherorBgDi/UiTheatre6RoomEitherorBgDi01.png	2	Try to fish it out	5				2002				1				1				Raise a lantern to look	5				2004				1				1								
5049	In the thickening fog, a shadowy figure slowly takes form.	Assets/Product/Texture/Image/UiTheatre6/UiTheatre6RoomEitherorBgDi/UiTheatre6RoomEitherorBgDi15.png	1	Raise your gun and stay alert	7				2020				1								Examine the shadow closely	2	1	1		1	1	3		-13	30	14		-10	37	17						
5050	In a hidden basement, a group of cultists hold hands, chanting incomprehensible hymns.	Assets/Product/Texture/Image/UiTheatre6/UiTheatre6RoomEitherorBgDi/UiTheatre6RoomEitherorBgDi02.png	1	Try to join them	2	1	1		1	2	4		-13	26	18		-10	31	23		Tell them to stop	7				2020				1												
5051	A piece of evidence never seen before suddenly appears in an evidence bag in the police station. It is a strange piece of sealing wax.	Assets/Product/Texture/Image/UiTheatre6/UiTheatre6RoomEitherorBgDi/UiTheatre6RoomEitherorBgDi10.png	2	Look Closely	5				2001				1				1				Try to break the wax	5				2003				1				1								
5052	Deep inside a fireplace in an abandoned manor, an old photo lies among the ashes, partially burned but not destroyed.	Assets/Product/Texture/Image/UiTheatre6/UiTheatre6RoomEitherorBgDi/UiTheatre6RoomEitherorBgDi04.png	2	Pick up the photo	5				2001				1				1				Remove the ashes	5				2003				1				1								
5053	In a jewelry store, a brooch in the shape of a spider draws no interest.	Assets/Product/Texture/Image/UiTheatre6/UiTheatre6RoomEitherorBgDi/UiTheatre6RoomEitherorBgDi10.png	2	Check the brooch	5				2002				1				1				Offer to buy the brooch	5				2004				1				1								
5054	Upon seeing you approach, a black market merchant selling strange potions wraps a cloak tight and hurries away, leaving behind a single potion.	Assets/Product/Texture/Image/UiTheatre6/UiTheatre6RoomEitherorBgDi/UiTheatre6RoomEitherorBgDi13.png	2	Pick up the potion	5				2001				1				1				Try to call out and stop the merchant	5				2003				1				1								
5055	A child from the orphanage hands you a puppet, but its eyes are destroyed.	Assets/Product/Texture/Image/UiTheatre6/UiTheatre6RoomEitherorBgDi/UiTheatre6RoomEitherorBgDi02.png	2	Approach the Doll	5				2001				1				1				Examine the puppet's eyes	5				2003				1				1								
5056	In the museum, a clay tablet covered in strange writing rests in a neglected display case.	Assets/Product/Texture/Image/UiTheatre6/UiTheatre6RoomEitherorBgDi/UiTheatre6RoomEitherorBgDi10.png	2	Examine carefully	5				2002				1				1				Borrow the research	5				2004				1				1								
5100	The morgue's metal door suddenly swings open, and a body wrapped in white cloth slowly approaches you.	Assets/Product/Texture/Image/UiTheatre6/UiTheatre6RoomEitherorBgDi/UiTheatre6RoomEitherorBgDi05.png	1	Raise your gun	7				2100				1								Call for a priest to pray	2	1	1		1	1	2		20	13	33		40	17	37						
5101	In the psychiatric hospital, a patient in a straitjacket crawls through the hallway on his back, his limbs twisted at impossible angles.	Assets/Product/Texture/Image/UiTheatre6/UiTheatre6RoomEitherorBgDi/UiTheatre6RoomEitherorBgDi07.png	1	Prepare to attack	7				2100				1								Dodge	2	1	1		1	1	3		-10	13	33		-5	17	37						
5102	A skeletal stray dog suddenly bursts out from the Mist, its deep growling seemingly mimicking human speech.	Assets/Product/Texture/Image/UiTheatre6/UiTheatre6RoomEitherorBgDi/UiTheatre6RoomEitherorBgDi15.png	1	Drive it away	7				2110				1								Back away cautiously	2	1	1		1	1	3		0	33	13			37	17						
5103	In your shadow on the ground, a hand that doesn't exist appears along the edge of your neck, slowly closing in on you.	Assets/Product/Texture/Image/UiTheatre6/UiTheatre6RoomEitherorBgDi/UiTheatre6RoomEitherorBgDi13.png	1	Raise your gun and stay alert	7				2110				1								Raise a lantern to dispel the shadow	2	1	1		1	1	3		20	13	33		40	17	37						
5104	The printing press at the newspaper suddenly malfunctions. Every newspaper it prints bears only a single line of unintelligible text, and it resembles an evil incantation.	Assets/Product/Texture/Image/UiTheatre6/UiTheatre6RoomEitherorBgDi/UiTheatre6RoomEitherorBgDi10.png	1	Turn off the machine	7				2120				1								Forcibly cut off the power	2	1	1		1	1	4		20	33	13		40	37	17						
5105	While he is trying to dig up a grave to steal its burial goods, the gravekeeper on night patrol suddenly falls into madness.	Assets/Product/Texture/Image/UiTheatre6/UiTheatre6RoomEitherorBgDi/UiTheatre6RoomEitherorBgDi18.png	1	Control his madness	7				2120				1								Fill the open grave	2	1	1		1	2	3		20	13	33		40	17	37						
5106	In the cold night, the frost on the bedroom window slowly forms into barely legible text.	Assets/Product/Texture/Image/UiTheatre6/UiTheatre6RoomEitherorBgDi/UiTheatre6RoomEitherorBgDi15.png	1	Smash the glass to see what's outside	7				2200				1								Trace the pattern in your notebook	2	1	1		1	2	4		0	33	13			37	17						
5107	In the thickening fog, a shadowy figure slowly takes form.	Assets/Product/Texture/Image/UiTheatre6/UiTheatre6RoomEitherorBgDi/UiTheatre6RoomEitherorBgDi15.png	1	Raise your gun and stay alert	7				2200				1								Examine the shadow closely	2	1	1		1	2	3		-13	33	13		-10	37	17						
5108	A strange creature springs out from the corner of the basement, opening its gaping maw and spraying foul slime at you.	Assets/Product/Texture/Image/UiTheatre6/UiTheatre6RoomEitherorBgDi/UiTheatre6RoomEitherorBgRen03.png	1	Open fire	7				2210				1								Evade	2	1	1		1	1	3		-10	30	14		-5	37	17						
5109	The silent clockmaker suddenly turns around, with a clock gear embedded in his hollow eye socket.	Assets/Product/Texture/Image/UiTheatre6/UiTheatre6RoomEitherorBgDi/UiTheatre6RoomEitherorBgRen05.png	1	Confront him head-on	7				2210				1								Break free from him	2	1	1		1	1	3		-10	30	14		-5	37	17						
5110	In the thickening fog, a shadowy figure slowly takes form.	Assets/Product/Texture/Image/UiTheatre6/UiTheatre6RoomEitherorBgDi/UiTheatre6RoomEitherorBgDi15.png	1	Raise your gun and stay alert	7				2220				1								Examine the shadow closely	2	1	1		1	1	3		-13	30	14		-10	37	17						
5111	The morgue's metal door suddenly swings open, and a body wrapped in white cloth slowly approaches you.	Assets/Product/Texture/Image/UiTheatre6/UiTheatre6RoomEitherorBgDi/UiTheatre6RoomEitherorBgDi05.png	1	Raise your gun	7				2300				1								Call for a priest to pray	2	1	1		1	1	2		20	13	33		40	17	37						
5112	In the psychiatric hospital, a patient in a straitjacket crawls through the hallway on his back, his limbs twisted at impossible angles.	Assets/Product/Texture/Image/UiTheatre6/UiTheatre6RoomEitherorBgDi/UiTheatre6RoomEitherorBgDi07.png	1	Prepare to attack	7				2300				1								Dodge	2	1	1		1	1	3		-10	13	33		-5	17	37						
5113	A skeletal stray dog suddenly bursts out from the Mist, its deep growling seemingly mimicking human speech.	Assets/Product/Texture/Image/UiTheatre6/UiTheatre6RoomEitherorBgDi/UiTheatre6RoomEitherorBgDi15.png	1	Drive it away	7				2310				1								Back away cautiously	2	1	1		1	1	3		0	33	13			37	17						
5114	In your shadow on the ground, a hand that doesn't exist appears along the edge of your neck, slowly closing in on you.	Assets/Product/Texture/Image/UiTheatre6/UiTheatre6RoomEitherorBgDi/UiTheatre6RoomEitherorBgDi13.png	1	Raise your gun and stay alert	7				2310				1								Raise a lantern to dispel the shadow	2	1	1		1	1	3		20	13	33		40	17	37						
5115	The printing press at the newspaper suddenly malfunctions. Every newspaper it prints bears only a single line of unintelligible text, and it resembles an evil incantation.	Assets/Product/Texture/Image/UiTheatre6/UiTheatre6RoomEitherorBgDi/UiTheatre6RoomEitherorBgDi10.png	1	Turn off the machine	7				2320				1								Forcibly cut off the power	2	1	1		1	1	4		20	33	13		40	37	17						
5116	While he is trying to dig up a grave to steal its burial goods, the gravekeeper on night patrol suddenly falls into madness.	Assets/Product/Texture/Image/UiTheatre6/UiTheatre6RoomEitherorBgDi/UiTheatre6RoomEitherorBgDi18.png	1	Control his madness	7				2320				1								Fill the open grave	2	1	1		1	2	3		20	13	33		40	17	37						
5117	In the shadows of an abandoned bell tower, a group of people gather in a circle and engage in silent prayer, their heads bowed and eyes closed.	Assets/Product/Texture/Image/UiTheatre6/UiTheatre6RoomEitherorBgDi/UiTheatre6RoomEitherorBgDi12.png	1	Join the prayer in disguise	2	1	1		1	1	3		-13	33	13		-10	37	17		Interrupt this strange prayer	7				2100				1												
5118	On a silent street corner, the branches of tall roadside trees stir in the wind, casting shifting shadows across the ground that dance like phantoms.	Assets/Product/Texture/Image/UiTheatre6/UiTheatre6RoomEitherorBgDi/UiTheatre6RoomEitherorBgDi15.png	1	Gaze quietly at the shadows	2	1	1		1	2	3		-13	33	13		-10	37	17		Try to break off the branches	7				2100				1												
5119	A grating sound suddenly rings out from behind the stage curtain in the opera house. A massive puppet slowly crawls into view.	Assets/Product/Texture/Image/UiTheatre6/UiTheatre6RoomEitherorBgDi/UiTheatre6RoomEitherorBgDi17.png	1	Retreat down the passage	2	1	1		1	3	4		0	33	13			37	17		Attack the puppet	7				2110				1												
5120	Fine cracks spread across the vine relief on the room's wall, as if the carved vines had once grown.	Assets/Product/Texture/Image/UiTheatre6/UiTheatre6RoomEitherorBgDi/UiTheatre6RoomEitherorBgDi02.png	1	Observe Closely	2	1	1		1	1	4		-13	33	13		-10	37	17		Smash the relief	7				2110				1												
5121	In the abandoned garden, a starving hound lets out cries that sound almost human.	Assets/Product/Texture/Image/UiTheatre6/UiTheatre6RoomEitherorBgDi/UiTheatre6RoomEitherorBgDi03.png	1	Drink some hot tea to calm down	2	1	1		1	3	4		20	13	33		40	17	37		Draw your weapon and stay alert	7				2120				1												
5122	In the police station's archive room, strange black gas emerges from the mountainous pile of old case files.	Assets/Product/Texture/Image/UiTheatre6/UiTheatre6RoomEitherorBgDi/UiTheatre6RoomEitherorBgDi10.png	1	Lock the archive room	2	1	1		1	1	4		-13	33	13		-10	37	17		Raise your gun and stay alert	7				2120				1												
5123	At the auction, the featured lot is a bizarre animal specimen, its species unidentifiable.	Assets/Product/Texture/Image/UiTheatre6/UiTheatre6RoomEitherorBgDi/UiTheatre6RoomEitherorBgDi10.png	1	Buy it at a high price	2	1	1		1	3	4		0	13	33			17	37		Step forward and smash the jar with the specimen	7				2200				1												
5124	At the fortune-telling stall on the street, every tarot card displays strange dark patterns.	Assets/Product/Texture/Image/UiTheatre6/UiTheatre6RoomEitherorBgDi/UiTheatre6RoomEitherorBgRen05.png	1	Look at the cards closely	2	1	1		1	3	4		-13	33	13		-10	37	17		Defend against the fortune teller's sudden attack	7				2200				1												
5125	A strange, pitch-black bird perches on your windowsill, pecking relentlessly at the glass with its sharp beak.	Assets/Product/Texture/Image/UiTheatre6/UiTheatre6RoomEitherorBgDi/UiTheatre6RoomEitherorBgDi08.png	1	Close the curtains	2	1	1		1	2	3		20	13	33		40	17	37		Try to drive away the bird	7				2210				1												
5126	In a hidden basement, a group of cultists hold hands, chanting incomprehensible hymns.	Assets/Product/Texture/Image/UiTheatre6/UiTheatre6RoomEitherorBgDi/UiTheatre6RoomEitherorBgDi02.png	1	Try to join them	2	1	1		1	2	3		-13	33	13		-10	37	17		Tell them to stop	7				2210				1												
5127	The dancer on the stage tears apart the lavish costume, transforming into a hideous monster that lunges toward the seats below.	Assets/Product/Texture/Image/UiTheatre6/UiTheatre6RoomEitherorBgDi/UiTheatre6RoomEitherorBgRen06.png	1	Dodge desperately	2	1	1		1	2	4		-13	26	18		-10	31	23		Open fire	7				2220				1												
5128	A grotesque figure shatters the train window with its tentacles, trying to drag you deep into the Mist outside.	Assets/Product/Texture/Image/UiTheatre6/UiTheatre6RoomEitherorBgDi/UiTheatre6RoomEitherorBgDi15.png	1	Dodge	2	1	1		1	2	4		-13	26	18		-10	31	23		Open fire	7				2220				1												
5129	In a hidden basement, a group of cultists hold hands, chanting incomprehensible hymns.	Assets/Product/Texture/Image/UiTheatre6/UiTheatre6RoomEitherorBgDi/UiTheatre6RoomEitherorBgDi02.png	1	Try to join them	2	1	1		1	2	4		-13	26	18		-10	31	23		Tell them to stop	7				2300				1												
5130	In the shadows of an abandoned bell tower, a group of people gather in a circle and engage in silent prayer, their heads bowed and eyes closed.	Assets/Product/Texture/Image/UiTheatre6/UiTheatre6RoomEitherorBgDi/UiTheatre6RoomEitherorBgDi12.png	1	Join the prayer in disguise	2	1	1		1	1	3		-13	33	13		-10	37	17		Interrupt this strange prayer	7				2300				1												
5131	On a silent street corner, the branches of tall roadside trees stir in the wind, casting shifting shadows across the ground that dance like phantoms.	Assets/Product/Texture/Image/UiTheatre6/UiTheatre6RoomEitherorBgDi/UiTheatre6RoomEitherorBgDi15.png	1	Gaze quietly at the shadows	2	1	1		1	2	3		-13	33	13		-10	37	17		Try to break off the branches	7				2310				1												
5132	A grating sound suddenly rings out from behind the stage curtain in the opera house. A massive puppet slowly crawls into view.	Assets/Product/Texture/Image/UiTheatre6/UiTheatre6RoomEitherorBgDi/UiTheatre6RoomEitherorBgDi17.png	1	Retreat down the passage	2	1	1		1	3	4		0	33	13			37	17		Attack the puppet	7				2310				1												
5133	Fine cracks spread across the vine relief on the room's wall, as if the carved vines had once grown.	Assets/Product/Texture/Image/UiTheatre6/UiTheatre6RoomEitherorBgDi/UiTheatre6RoomEitherorBgDi02.png	1	Observe Closely	2	1	1		1	1	4		-13	33	13		-10	37	17		Smash the relief	7				2320				1												
5134	In the abandoned garden, a starving hound lets out cries that sound almost human.	Assets/Product/Texture/Image/UiTheatre6/UiTheatre6RoomEitherorBgDi/UiTheatre6RoomEitherorBgDi03.png	1	Drink some hot tea to calm down	2	1	1		1	3	4		20	13	33		40	17	37		Draw your weapon and stay alert	7				2320				1												
6003	The guard of the graveyard sits at the gate, smiling to every passerby eerily.	Assets/Product/Texture/Image/UiTheatre6/UiTheatre6RoomEitherorBgDi/UiTheatre6RoomEitherorBgDi18.png	3	Smile back	5				2005				1				1				Inquire	5				2007				1				1								
6004	At the abandoned dock, the surfaces of shipping containers are gradually being covered by slimy, fishy-smelling seaweed.	Assets/Product/Texture/Image/UiTheatre6/UiTheatre6RoomEitherorBgDi/UiTheatre6RoomEitherorBgDi01.png	3	Pry open the containers	5				2005				1				1				Pull off the seaweed	5				2007				1				1								
6005	On his deathbed, the trembling asylum director presses a badge engraved with an eyeball into your palm.	Assets/Product/Texture/Image/UiTheatre6/UiTheatre6RoomEitherorBgDi/UiTheatre6RoomEitherorBgRen04.png	3	Inspect the badge	5				2006				1				1				Take the badge	5				2008				1				1								
6006	Your pocketwatch makes a strange noise. After taking it apart, you discover jet-black hair tangled between the gears.	Assets/Product/Texture/Image/UiTheatre6/UiTheatre6RoomEitherorBgDi/UiTheatre6RoomEitherorBgDi05.png	3	Close the pocketwatch	5				2005				1				1				Clean up the hair	5				2007				1				1								
6007	In an old bookshop, you discover an untitled manuscript locked with chains.	Assets/Product/Texture/Image/UiTheatre6/UiTheatre6RoomEitherorBgDi/UiTheatre6RoomEitherorBgDi11.png	3	Buy the manuscript	5				2005				1				1				Try to pry open the chains	5				2007				1				1								
6008	A ragged wanderer approaches you, trying to trade the strange medicine bottle in his hand for a little food.	Assets/Product/Texture/Image/UiTheatre6/UiTheatre6RoomEitherorBgDi/UiTheatre6RoomEitherorBgDi03.png	3	Agree to the trade	5				2006				1				1				Ask him what's in the medicine bottle	5				2008				1				1								
6027	In the attic of a long-abandoned theater, numerous cracked mirrors are embedded in the walls.	Assets/Product/Texture/Image/UiTheatre6/UiTheatre6RoomEitherorBgDi/UiTheatre6RoomEitherorBgDi11.png	3	Check the mirror	5				2005				1				1				Smash a mirror to see what's behind	5				2007				1				1								
6028	Walking through the streets at night, you suddenly discover countless strange eyes lighting up in the display windows on both sides of the street.	Assets/Product/Texture/Image/UiTheatre6/UiTheatre6RoomEitherorBgDi/UiTheatre6RoomEitherorBgDi06.png	3	Break the windows	5				2005				1				1				Investigate	5				2007				1				1								
6029	In a dead-end alley with no exit, a shadowy figure blocks your way.	Assets/Product/Texture/Image/UiTheatre6/UiTheatre6RoomEitherorBgDi/UiTheatre6RoomEitherorBgDi13.png	3	Face it head-on	5				2006				1				1				Try to go around it	5				2008				1				1								
6030	A strange gray stone sculpture failed to sell at the auction.	Assets/Product/Texture/Image/UiTheatre6/UiTheatre6RoomEitherorBgDi/UiTheatre6RoomEitherorBgDi06.png	3	Inspect the stone sculpture	5				2005				1				1				Offer to buy the stone sculpture	5				2007				1				1								
6031	In the cracks of the archive room's floor lies a twisted, rusty key.	Assets/Product/Texture/Image/UiTheatre6/UiTheatre6RoomEitherorBgDi/UiTheatre6RoomEitherorBgDi10.png	3	Take out the key	5				2005				1				1				Try to restore the key	5				2007				1				1								
6032	Along the fog-shrouded riverbank, strange phosphorescent light flickers in the river.	Assets/Product/Texture/Image/UiTheatre6/UiTheatre6RoomEitherorBgDi/UiTheatre6RoomEitherorBgDi01.png	3	Try to fish it out	5				2006				1				1				Raise a lantern to look	5				2008				1				1								
6051	A piece of evidence never seen before suddenly appears in an evidence bag in the police station. It is a strange piece of sealing wax.	Assets/Product/Texture/Image/UiTheatre6/UiTheatre6RoomEitherorBgDi/UiTheatre6RoomEitherorBgDi10.png	3	Look Closely	5				2005				1				1				Try to break the wax	5				2007				1				1								
6052	Deep inside a fireplace in an abandoned manor, an old photo lies among the ashes, partially burned but not destroyed.	Assets/Product/Texture/Image/UiTheatre6/UiTheatre6RoomEitherorBgDi/UiTheatre6RoomEitherorBgDi04.png	3	Pick up the photo	5				2005				1				1				Remove the ashes	5				2007				1				1								
6053	In a jewelry store, a brooch in the shape of a spider draws no interest.	Assets/Product/Texture/Image/UiTheatre6/UiTheatre6RoomEitherorBgDi/UiTheatre6RoomEitherorBgDi10.png	3	Check the brooch	5				2006				1				1				Offer to buy the brooch	5				2008				1				1								
6054	Upon seeing you approach, a black market merchant selling strange potions wraps a cloak tight and hurries away, leaving behind a single potion.	Assets/Product/Texture/Image/UiTheatre6/UiTheatre6RoomEitherorBgDi/UiTheatre6RoomEitherorBgDi13.png	3	Pick up the potion	5				2005				1				1				Try to call out and stop the merchant	5				2007				1				1								
6055	A child from the orphanage hands you a puppet, but its eyes are destroyed.	Assets/Product/Texture/Image/UiTheatre6/UiTheatre6RoomEitherorBgDi/UiTheatre6RoomEitherorBgDi02.png	3	Approach the Doll	5				2005				1				1				Examine the puppet's eyes	5				2007				1				1								
6056	In the museum, a clay tablet covered in strange writing rests in a neglected display case.	Assets/Product/Texture/Image/UiTheatre6/UiTheatre6RoomEitherorBgDi/UiTheatre6RoomEitherorBgDi10.png	3	Examine carefully	5				2006				1				1				Borrow the research	5				2008				1				1								
7003	The guard of the graveyard sits at the gate, smiling to every passerby eerily.	Assets/Product/Texture/Image/UiTheatre6/UiTheatre6RoomEitherorBgDi/UiTheatre6RoomEitherorBgDi18.png	4	Smile back	5				2009				1				1				Inquire	5				2011				1				1								
7004	At the abandoned dock, the surfaces of shipping containers are gradually being covered by slimy, fishy-smelling seaweed.	Assets/Product/Texture/Image/UiTheatre6/UiTheatre6RoomEitherorBgDi/UiTheatre6RoomEitherorBgDi01.png	4	Pry open the containers	5				2009				1				1				Pull off the seaweed	5				2011				1				1								
7005	On his deathbed, the trembling asylum director presses a badge engraved with an eyeball into your palm.	Assets/Product/Texture/Image/UiTheatre6/UiTheatre6RoomEitherorBgDi/UiTheatre6RoomEitherorBgRen04.png	4	Inspect the badge	5				2010				1				1				Take the badge	5				2012				1				1								
7006	Your pocketwatch makes a strange noise. After taking it apart, you discover jet-black hair tangled between the gears.	Assets/Product/Texture/Image/UiTheatre6/UiTheatre6RoomEitherorBgDi/UiTheatre6RoomEitherorBgDi05.png	4	Close the pocketwatch	5				2009				1				1				Clean up the hair	5				2011				1				1								
7007	In an old bookshop, you discover an untitled manuscript locked with chains.	Assets/Product/Texture/Image/UiTheatre6/UiTheatre6RoomEitherorBgDi/UiTheatre6RoomEitherorBgDi11.png	4	Buy the manuscript	5				2009				1				1				Try to pry open the chains	5				2011				1				1								
7008	A ragged wanderer approaches you, trying to trade the strange medicine bottle in his hand for a little food.	Assets/Product/Texture/Image/UiTheatre6/UiTheatre6RoomEitherorBgDi/UiTheatre6RoomEitherorBgDi03.png	4	Agree to the trade	5				2010				1				1				Ask him what's in the medicine bottle	5				2012				1				1								
7027	In the attic of a long-abandoned theater, numerous cracked mirrors are embedded in the walls.	Assets/Product/Texture/Image/UiTheatre6/UiTheatre6RoomEitherorBgDi/UiTheatre6RoomEitherorBgDi11.png	4	Check the mirror	5				2009				1				1				Smash a mirror to see what's behind	5				2011				1				1								
7028	Walking through the streets at night, you suddenly discover countless strange eyes lighting up in the display windows on both sides of the street.	Assets/Product/Texture/Image/UiTheatre6/UiTheatre6RoomEitherorBgDi/UiTheatre6RoomEitherorBgDi06.png	4	Break the windows	5				2009				1				1				Investigate	5				2011				1				1								
7029	In a dead-end alley with no exit, a shadowy figure blocks your way.	Assets/Product/Texture/Image/UiTheatre6/UiTheatre6RoomEitherorBgDi/UiTheatre6RoomEitherorBgDi13.png	4	Face it head-on	5				2010				1				1				Try to go around it	5				2012				1				1								
7030	A strange gray stone sculpture failed to sell at the auction.	Assets/Product/Texture/Image/UiTheatre6/UiTheatre6RoomEitherorBgDi/UiTheatre6RoomEitherorBgDi06.png	4	Inspect the stone sculpture	5				2009				1				1				Offer to buy the stone sculpture	5				2011				1				1								
7031	In the cracks of the archive room's floor lies a twisted, rusty key.	Assets/Product/Texture/Image/UiTheatre6/UiTheatre6RoomEitherorBgDi/UiTheatre6RoomEitherorBgDi10.png	4	Take out the key	5				2009				1				1				Try to restore the key	5				2011				1				1								
7032	Along the fog-shrouded riverbank, strange phosphorescent light flickers in the river.	Assets/Product/Texture/Image/UiTheatre6/UiTheatre6RoomEitherorBgDi/UiTheatre6RoomEitherorBgDi01.png	4	Try to fish it out	5				2010				1				1				Raise a lantern to look	5				2012				1				1								
7051	A piece of evidence never seen before suddenly appears in an evidence bag in the police station. It is a strange piece of sealing wax.	Assets/Product/Texture/Image/UiTheatre6/UiTheatre6RoomEitherorBgDi/UiTheatre6RoomEitherorBgDi10.png	4	Look Closely	5				2009				1				1				Try to break the wax	5				2011				1				1								
7052	Deep inside a fireplace in an abandoned manor, an old photo lies among the ashes, partially burned but not destroyed.	Assets/Product/Texture/Image/UiTheatre6/UiTheatre6RoomEitherorBgDi/UiTheatre6RoomEitherorBgDi04.png	4	Pick up the photo	5				2009				1				1				Remove the ashes	5				2011				1				1								
7053	In a jewelry store, a brooch in the shape of a spider draws no interest.	Assets/Product/Texture/Image/UiTheatre6/UiTheatre6RoomEitherorBgDi/UiTheatre6RoomEitherorBgDi10.png	4	Check the brooch	5				2010				1				1				Offer to buy the brooch	5				2012				1				1								
7054	Upon seeing you approach, a black market merchant selling strange potions wraps a cloak tight and hurries away, leaving behind a single potion.	Assets/Product/Texture/Image/UiTheatre6/UiTheatre6RoomEitherorBgDi/UiTheatre6RoomEitherorBgDi13.png	4	Pick up the potion	5				2009				1				1				Try to call out and stop the merchant	5				2011				1				1								
7055	A child from the orphanage hands you a puppet, but its eyes are destroyed.	Assets/Product/Texture/Image/UiTheatre6/UiTheatre6RoomEitherorBgDi/UiTheatre6RoomEitherorBgDi02.png	4	Approach the Doll	5				2009				1				1				Examine the puppet's eyes	5				2011				1				1								
7056	In the museum, a clay tablet covered in strange writing rests in a neglected display case.	Assets/Product/Texture/Image/UiTheatre6/UiTheatre6RoomEitherorBgDi/UiTheatre6RoomEitherorBgDi10.png	4	Examine carefully	5				2010				1				1				Borrow the research	5				2012				1				1								
